Bench_Name,Score
1TB Visiontek PRO2,17054
2-Power 2041A 120GB SSD,2795
2-Power 2041B 128GB SSD,2955
2-Power 2042A 240GB SSD,3286
2-Power 2042B 256GB SSD,3242
2-Power 2043A 480GB SSD,2597
2-Power 2043B 512GB SSD,3603
2-Power 2044B 1TB SSD,3615
2-Power 7013A 512GB SSD,13894
2-Power 7014A 256GB SSD,17805
2-Power 7015A 1TB SSD,17867
4600 SED Micron 1024GB,69535
4600 SED Micron 2048GB,81144
5300M cior n0142BG,35997
221229-01,9487
ABSNE27512KP,34858
Ace Power A1 256GB SSD,2316
Acer FA100 1TB SSD,20417
Acer FA100 2TB SSD,19388
Acer FA100 128GB SSD,5598
Acer FA100 256GB SSD,11343
Acer FA100 512GB SSD,17990
Acer FA200 1TB SSD,39910
Acer FA200 2TB SSD,41549
Acer FA200 4TB SSD,37197
Acer FA200 500GB SSD,27544
Acer N5000 2TB SSD,37587
Acer N7000 1TB SSD,38958
Acer N7000 2TB SSD,46220
Acer N7000 4TB SSD,38413
Acer N7000 500GB SSD,29224
Acer Predator GM7000 2TB SSD,49642
Acer RE100 1TB SSD,3499
Acer RE100 128GB SSD,4033
Acer RE100 256GB SSD,3303
Acer RE100 512GB SSD,3586
Acer SA100 2TB SSD,3591
Acer SA100 120GB SSD,3203
Acer SA100 240GB SSD,3173
Acer SA100 480GB SSD,3176
Acer SA100 960GB SSD,3293
Acer Speedy SSD,2289
Acer SSD MA200 1TB,29440
Acer SSD RE 100 2.5 512GB,3731
ACER SWIFT 980 250GB SSD,10383
ADATA DM900 1TB SSD,4167
ADATA DM900 512GB SSD,3635
ADATA DP900 256GB SSD,3685
ADATA DP900 512GB SSD,3575
ADATA DP910 1TB SSD,3362
ADATA FALCON 1TB SSD,16882
ADATA FALCON 2TB SSD,16730
ADATA FALCON 256GB SSD,10560
ADATA FALCON 512GB SSD,14548
ADATA ICFP301 512GB Memory Card,11164
ADATA IM2P32A4 128GB SSD,4466
ADATA IM2P32A4 256GB SSD,11381
ADATA IM2P32A8 128GB SSD,6896
ADATA IM2P32A8 256GB SSD,10779
ADATA IM2P32A8 512GB SSD,13730
ADATA IM2P33F8 1TB SSD,13227
ADATA IM2P33F8 128GB SSD,7635
ADATA IM2P33F8 256GB SSD,11119
ADATA IM2P33F8 512GB SSD,12967
ADATA IM2P41E8-128GCTB5,11990
ADATA IM2S31C8 160GB SSD,4163
ADATA IM2S3138E 128GB SSD,2603
ADATA IM2S3164 128GB SSD,3520
ADATA IM2S3164 256GB SSD,3704
ADATA IM2S3168 128GB SSD,3801
ADATA IM2S3168 256GB SSD,4614
ADATA IM2S3338 128GB SSD,3571
ADATA IM2S3338 256GB SSD,3612
ADATA ISSS316-256GCTB5,3907
ADATA ISSS332 128GB SSD,2731
ADATA LEGEND 700 1TB SSD,14299
ADATA LEGEND 700 2TB SSD,14477
ADATA LEGEND 700 256GB SSD,12994
ADATA LEGEND 700 512GB SSD,14083
ADATA LEGEND 700 GOLD 1TB SSD,13901
ADATA LEGEND 700 GOLD 2TB SSD,15087
ADATA LEGEND 700 GOLD 512GB SSD,13604
ADATA LEGEND 710 1TB SSD,17130
ADATA LEGEND 710 2TB SSD,16955
ADATA LEGEND 710 256GB SSD,13914
ADATA LEGEND 710 512GB SSD,16797
ADATA LEGEND 740 1TB SSD,21243
ADATA LEGEND 740 250GB SSD,15022
ADATA LEGEND 740 500GB SSD,18228
ADATA LEGEND 750 1TB SSD,21942
ADATA LEGEND 750 500GB SSD,18087
ADATA LEGEND 800 1TB SSD,20972
ADATA LEGEND 800 2TB SSD,23902
ADATA LEGEND 800 500GB SSD,23301
ADATA LEGEND 800 GOLD 2TB SSD,22297
ADATA LEGEND 820 1TB SSD,28335
ADATA LEGEND 840 1TB SSD,30288
ADATA LEGEND 840 512GB SSD,29158
ADATA LEGEND 850 1TB SSD,29349
ADATA LEGEND 850 2TB SSD,26086
ADATA LEGEND 850 512GB SSD,22950
ADATA LEGEND 850 Lite 1TB SSD,25549
ADATA LEGEND 850 Lite 2TB SSD,26908
ADATA LEGEND 850 Lite 500GB SSD,22267
ADATA LEGEND 860 1TB SSD,36901
ADATA LEGEND 860 2TB SSD,38909
ADATA LEGEND 860 500GB SSD,27788
ADATA LEGEND 900 1TB SSD,39843
ADATA LEGEND 900 2TB SSD,44972
ADATA LEGEND 900 512GB SSD,29928
ADATA LEGEND 900 PRO 1TB SSD,41771
ADATA LEGEND 900 PRO 2TB SSD,44904
ADATA LEGEND 960 1TB SSD,42299
ADATA LEGEND 960 2TB SSD,44614
ADATA LEGEND 960 4TB SSD,46674
ADATA LEGEND 970 1TB SSD,51095
ADATA LEGEND 970 2TB SSD,67148
ADATA LEGEND 970 PRO 1TB SSD,59442
ADATA LEGEND 970 PRO 2TB SSD,49711
ADATA LEGEND 970 PRO 4TB SSD,74879
ADATA S510 60GB SSD,1630
ADATA S510 120GB SSD,2334
ADATA S511 60GB SSD,2423
ADATA S511 120GB SSD,2974
ADATA SP550 120GB SSD,3552
ADATA SP550 240GB SSD,3726
ADATA SP550 480GB SSD,3845
ADATA SP550 960GB SSD,3944
ADATA SP580 120GB SSD,2128
ADATA SP580 240GB SSD,3181
ADATA SP580 480GB SSD,3027
ADATA SP600 32GB SSD,945
ADATA SP600 64GB SSD,1585
ADATA SP600 128GB SSD,2347
ADATA SP600 240GB SSD,3480
ADATA SP600 256GB SSD,2847
ADATA SP600 512GB SSD,3137
ADATA SP610 128GB SSD,2559
ADATA SP610 256GB SSD,3222
ADATA SP610 512GB SSD,3625
ADATA SP900 Pro 64GB SSD,2160
ADATA SP900 Pro 128GB SSD,2594
ADATA SP900 Pro 256GB SSD,3640
ADATA SP900 Pro 512GB SSD,3792
ADATA SP920 Pro 1TB SSD,3622
ADATA SP920 Pro 128GB SSD,2540
ADATA SP920 Pro 256GB SSD,3166
ADATA SP920 Pro 512GB SSD,3755
ADATA SU600 120GB SSD,3453
ADATA SU630,3996
ADATA SU630 240GB SSD,2946
ADATA SU630 480GB SSD,3236
ADATA SU630 960GB SSD,3710
ADATA SU635,3341
ADATA SU650,4236
ADATA SU650 120GB SSD,2879
ADATA SU650 240GB SSD,3266
ADATA SU650 256GB SSD,3531
ADATA SU650 480GB SSD,3410
ADATA SU650 960GB SSD,3534
ADATA SU650NS38,3990
ADATA SU655 120GB SSD,2756
ADATA SU655 240GB SSD,3120
ADATA SU655 480GB SSD,3357
ADATA SU655 960GB SSD,3065
ADATA SU660NS38,3741
ADATA SU670,4196
ADATA SU680,4025
ADATA SU700 120GB SSD,2194
ADATA SU700 240GB SSD,2663
ADATA SU720,3673
ADATA SU740,3678
ADATA SU750,3744
ADATA SU760,4326
ADATA SU800 1TB SSD,4196
ADATA SU800 2TB SSD,4361
ADATA SU800 128GB SSD,3066
ADATA SU800 256G,2171
ADATA SU800 256GB SSD,3774
ADATA SU800 512GB SSD,4198
ADATA SU810NS38 128 GB,3325
ADATA SU810NS38 256 GB,3880
ADATA SU900,4528
ADATA SU900 128GB SSD,3156
ADATA SU900 256GB SSD,3613
ADATA SU900 512GB SSD,3749
ADATA SWORDFISH,13237
ADATA SX300,3212
ADATA SX850,3593
ADATA SX910,4251
ADATA SX910 128GB,3570
ADATA SX910 512GB,4750
ADATA SX930,3493
ADATA SX950,4420
ADATA SX6000LNP,12684
ADATA SX6000NP,6605
ADATA SX6000PNP,14629
ADATA SX6700NP,12660
ADATA SX7000NP,8726
ADATA SX8100NP,20445
ADATA SX8200NP,16124
ADATA SX8600 PRO,22803
ADATA SX8800PNP,17190
ADATA SX 910,3672
ADATA SX 930,3288
ADATA USB Flash Drive USB,293
ADATA XM11 128GB,3296
ADATA XM11 128GB-V3,3338
ADATA XM11 256GB,4444
ADATA XM11 256GB-V3,4155
ADATA XM13 30GB,1514
ADATA XM13 60GB,1974
ADATA XM14 128GB,3220
ADATA XM14 256GB,3574
ADATA XM21E,2247
ADATA XPG GAMMIX S70 BLADE 2TB SSD,56132
ADATA XPG GAMMIX S70 Blade 4TB SSD,52460
ADATA XPG PRO 1TB SSD,18953
ADATA XPG PRO 2TB SSD,20325
ADATA XPG PRO 256GB SSD,13736
ADATA XPG PRO 512GB SSD,17006
ADATA XPG SSD 32GB,783
ADATA XPG SX300 128GB,3253
ADATA XPG SX900 64GB,2363
ADATA XPG SX900 128GB,3269
ADATA XPG SX900 256GB,4008
ADATA XPG SX900 512GB,3829
ADATA XPG SX910 128GB,1959
ADATA XPG SX8000 1TB,12427
ADATA XPG SX8000 128GB,4998
ADATA XPG SX8000 256GB,9436
ADATA XPG SX8000 512GB,11354
Addlink G55H 1TB SSD,54544
Addlink G55H 2TB SSD,58267
addlink S70 M.2 G3x4 1TB,19688
addlink S70 M.2 G3x4 256GB,11052
addlink S70 M.2 G3x4 512GB,15995
addlink SSD S10 120GB,2495
addlink SSD S10 256GB,3531
addlink SSD S10 512GB,3190
ADROITLARK SSD 480GB,4001
AEWOM29SHY30KCC00-512GB,15717
AFOX SSD ME300-1000GN,11565
AFOX SSD SD250 240GQN,1615
AFOX SSD SD250-120GN,2922
AFOX SSD SD250-240GN,3375
AFOX SSD SD250-240GQN,2320
AFOX SSD SD250-256GN,3465
AFOX SSD SD250-480GB,2565
AFOX SSD SD250-480GN,3111
AFOX SSD SD250-480GQN,3039
Aftershock Hyperspeed 1TB SSD,29716
AGI AI138 120GB SSD,2542
AGI AI138 240GB SSD,2515
AGI AI138 256GB SSD,2602
AGI AI178 512GB SSD,2771
AGI AI178 960GB SSD,3290
AGI AI178R 256GB SSD,3777
AGI AI178R 512GB SSD,2601
AGI AI198 1TB SSD,10603
AGI AI198 256GB SSD,12201
AGI AI198 512GB SSD,11443
AGI AI218 1TB SSD,18684
AGI AI218 2TB SSD,21135
AGI AI218 512GB SSD,16012
AGI AI238 1TB SSD,4592
AGI AI238 2TB SSD,3773
AGI AI238 250GB SSD,2386
AGI AI238 500GB SSD,2880
AGI AI298 1TB SSD,17399
AGI AI298 2TB SSD,20068
AGI AI298 512GB SSD,14734
AGI AI808 1TB SSD,24764
AGI AI818 1TB SSD,25980
AGI AI818 2TB SSD,32462
AGI AI818 512GB SSD,27774
AGI AI828 1TB SSD,33309
Aigo P2000 1TB SSD,11601
Aigo P7000E 1TB SSD,46350
Aigo P7000Y 512GB SSD,34669
Aigo P7000Z 1TB SSD,35673
Aigo P7000Z 2TB SSD,45093
AirDisk APF10-512G,20488
Aireye S1 120GB SSD,2660
Aireye S2 128GB SSD,3681
Aireye S2 256GB SSD,4138
Aireye S 1 120GB SSD,2222
AITC FZKM SSD 128GB,7816
AITC FZKM SSD 256GB,11257
AITC KSM 128GB,2148
AITC KSM 256GB SSD,3228
AITC ST100-240GB,3350
AK-M2-256GP,8265
ALCYON,8817
ALK-MSA-128GB,1801
ALLIED SSD 120GB,2815
ALLIED SSD 240GB,3517
ALLIED SSD 256GB,2032
ALSEYE 256GB,4144
Amazon Elastic Block Store,5135
AMD R3MP31024G8,20298
AMD R5M120G8,3037
AMD R5M480G8,3390
AMD R5MP240G8,11035
AMD R5MP256G8,10430
AMD R5MP512G8,14511
AMD R5SL120G,3103
AMD R5SL128G,2915
AMD R5SL240G,2819
AMD R5SL256G,2433
AMD R5SL480G,2877
AMD R5SL512G,2544
AMD R5SL1024G,2882
AMSOSSD2,15625
ANACOMDA I2 256GB 2280 PCIe,9846
ANACOMDA I2 512GB PCIe,14406
ANACOMDA I3 512GB PCIe,25235
ANACOMDA I4S 1TB PCIe,39860
ANACOMDA I4S 2TB PCIE,42032
ANACOMDA N2 480GB SSD,4758
ANACOMDA QS 480GB SSD,2999
ANACOMDA T1 120GB SSD,1641
ANACOMDA TB 240GB SSD,2895
ANACOMDA TS 240GB SSD,2633
ANACOMDA TS 480GB SSD,2472
Angelbird Crest XTC 240GB,4068
Ant Esports 690 NEO 128GB SSD,2534
Ant Esports 690 NEO 256GB SSD,3232
ANT ESPORTS 690 NEO 512GB SSD,3127
Ant Esports 690 NEO Pro 1TB SSD,31356
Ant Esports 690 NEO Pro 256GB SSD,9998
Ant Esports 690 NEO Pro 512GB SSD,14407
Antique WS2512,19469
AOKZOE A1,20779
AOKZOE A1 2TB SSD,49358
Aoluska A6-240G,2232
Aoluska A8P-256G,16299
AORUS Gen4 7300 SSD 1TB,47813
AORUS Gen5 10000 SSD 1TB,61187
AORUS Gen5 10000 SSD 2TB,61399
AOSENKE SSD 128GB,3254
AOSENKE SSD 512GB,3481
AP1TPD4480-0G PD4480 1TB,23948
AP1TPD4480-02 PD4480 1TB,28551
AP2JPB4480E-O301 PB4480 256GB,16075
AP2KPA3480E-H301 PA3480 512GB,15025
AP128GPB44801-07 PB4480 128GB,8192
AP512GPD4480-0G PD4480 512GB,20675
AP512GPD4480-02 PD4480 512GB,16790
Apacer A7202,900
Apacer A S330 120GB,3256
Apacer A S330 240GB,1109
Apacer A S350 256GB,4052
Apacer A S510S 64GB,2537
Apacer A S510S 128GB,1465
Apacer A S610S 120GB,3723
Apacer A ST680S 64GB,1595
Apacer A ST680S 240GB,1096
Apacer AS203 128GB,620
Apacer AS203 256GB,1255
Apacer AS220 32GB,823
Apacer AS220 64GB,4363
Apacer AS220 128GB,1492
Apacer AS220 256GB,3144
Apacer AS330 120GB,2716
Apacer AS330 240GB,3740
Apacer AS330 480GB,4208
Apacer AS340 120GB,2816
Apacer AS340 220GB,3889
Apacer AS340 240GB,3147
Apacer AS340 480GB,3348
Apacer AS340 960GB,4771
Apacer AS350 1TB,3469
Apacer AS350 120GB,2430
Apacer AS350 128GB,2556
Apacer AS350 240GB,2799
Apacer AS350 256GB,4050
Apacer AS350 480GB,3133
Apacer AS350 512GB,3325
Apacer AS450 120GB,2586
Apacer AS450 240GB,3255
Apacer AS510S 64GB,2436
Apacer AS510S 128GB,1830
Apacer AS510S 256GB,3720
Apacer AS610 120GB,2256
Apacer AS610 240GB,2625
Apacer AS610S 120GB,3110
Apacer AS610S 240GB,4048
Apacer AS681 120GB,3360
Apacer AS681 240GB,3226
Apacer AS681 480GB,4223
Apacer AS710 256GB,4748
Apacer AS2242 120GB,3035
Apacer AS2280 128GB,2347
Apacer AS2280F4 1TB,62097
Apacer AS2280P2 120GB,5503
Apacer AS2280P2 240GB,9120
Apacer AS2280P2 480GB,9045
Apacer AS2280P2 512GB,9706
Apacer AS2280P4 1TB,18949
Apacer AS2280P4 2TB,18650
Apacer AS2280P4 240GB,11083
Apacer AS2280P4 256GB,13111
Apacer AS2280P4 480GB,13181
Apacer AS2280P4 512GB,16040
Apacer AS2280P4U 1TB,20432
Apacer AS2280P4U 2TB,23235
Apacer AS2280P4U 256GB,14721
Apacer AS2280P4U 512GB,18903
Apacer AS2280Q4 1TB,33338
Apacer AS2280Q4 2TB,37379
Apacer AS2280Q4 500GB,27366
Apacer AS2280Q4 512GB,23924
Apacer AS2280Q4 1000GB,26688
Apacer AS2280Q4 2000GB,22765
Apacer AS2280Q4L 1TB,23490
Apacer AS2280Q4L 256GB,16451
Apacer AS2280Q4L 512GB,21491
Apacer AS2280Q4U 1TB,41153
Apacer AS2280Q4U 2TB SSD,48693
Apacer AS2280Q4U 512GB,32189
Apacer AST220 120GB,3941
Apacer AST280 120GB,2746
Apacer AST280 240GB,3354
Apacer AST280 480GB,3781
Apacer AST680S 128GB,811
Apacer AST680S 240GB,2687
Apacer AST680S 480GB,4356
Apacer AST 280 480GB,2197
APACER B93.182JGV.001 256GB,28201
Apacer SM210 M280 512GB,25747
Apacer SM230 25 1TB,3743
Apacer Z280 240G,10187
APM2T80SM21064GFS-BBTMG,1427
APOLLO SSD 1TB,2613
APOTOP SSD S3A 256GB,4250
APOTOP SSD S3C,3094
Apple APPLE SSD AP0128,9465
Apple APPLE SSD AP0256,13058
Apple APPLE SSD AP0512,18187
Apple APPLE SSD AP1024,22276
Apple APPLE SSD AP2048,21186
Apple APPLE SSD AP4096,22939
APPLE HDD HTS541010A9E632,532
APPLE HDD HTS541010A9E662,545
APPLE HDD HTS541075A9E662,475
APPLE HDD HTS541075A9E682,301
APPLE HDD HTS545050A7E362,544
APPLE HDD HTS547575A9E384,402
APPLE HDD HTS727575A9E362,548
APPLE HDD ST500LM012,600
APPLE HDD ST1000DM003,1603
APPLE HDD ST1000LM024,527
APPLE HDD ST3000DM001,997
APPLE HDD TOSHIBA MK7559GSXF,433
APPLE HDD WD10EZES-40UFAA0,1061
APPLE HDD WDC WD10EALX-408EA0,734
APPLE SSD SD0128F,8844
APPLE SSD SD256E,3425
APPLE SSD SD0256F,4960
APPLE SSD SD512E,3524
APPLE SSD SM128C,1398
APPLE SSD SM128E,3239
APPLE SSD SM0128F,3816
APPLE SSD SM0128G,8887
APPLE SSD SM256C,1807
APPLE SSD SM256E,3753
APPLE SSD SM0256F,6291
APPLE SSD SM0256G,11308
APPLE SSD SM0256L,17133
APPLE SSD SM512E,3724
APPLE SSD SM0512F,6952
APPLE SSD SM0512G,12527
APPLE SSD SM0512L,19474
APPLE SSD SM768E,4015
APPLE SSD SM1024F,7926
APPLE SSD SM1024G,12583
APPLE SSD SM1024L,20565
APPLE SSD SM2048L,21434
APPLE SSD TS064C,1165
APPLE SSD TS128A,788
APPLE SSD TS128B,1149
APPLE SSD TS128C,1331
APPLE SSD TS128E,4244
APPLE SSD TS0128F,3141
APPLE SSD TS256B,1316
APPLE SSD TS256C,1340
APPLE SSD TS0256F,3551
APPLE SSD TS512B,1197
APPLE SSD TS512C,1288
APPLE-MOBILEME IODRIVE 640GB MLC,5609
aPrtoi t.M 23P005 21BG,14496
APS-SE20G-1T,22004
APS-SE20G-1TB,21516
APS-SE20G-2T,20133
APS-SE20G-256,12159
APS-SE20G-512,16124
APS-SE20Q-1T,16070
APS-SE20Q-500,8423
APS-SL2-120,1999
APS-SL3N-1T,3023
APS-SL3N-120,2392
APS-SL3N-128,2948
APS-SL3N-240,2806
APS-SL3N-256,2953
APS-SL3N-480,2691
APS-SL3N-512,3770
APSFG-1T-CSUS,41710
APSFG-2T-CSUS,48121
ArchiveSmart SSD 120GB,2452
ARDOR GAMING m.2 NVME 256Gb AL1282,15348
ARDOR GAMING m.2 NVME 512Gb AL1284,18574
Ardor gaming m.2 NVME 512Gb ALG41284,34539
ARDOR GAMING m.2 NVME 1024Gb AL1288,18911
Ardor gaming m.2 NVME 1024Gb ALG41288,40937
Ardor gaming m.2 NVME 2048Gb ALG412816,51395
ARDOR GAMING Rapid RPIG1024-RPG41288,33160
ArmourDrive 128GB,3648
ARRIZO-T10-120GB,3511
ARSDS-1TB,41212
Artisan Tribute-1TB,2429
AS25 120GB,3116
AS25 240GB,2955
AS25 480GB,4071
AS60PRO-1TCS,31428
AS340 120GB,2509
AS Velocity G4T 1TB,31003
AS-1TB,2513
AS-120,2648
AS-128,1836
AS-240,2380
AS-256,2721
AS-480,2573
AS-512,2392
Asboard SSD 240GB,1928
ASE8TNVME256,7262
ASE12NVME512,14677
Asgard AN1TNVMe-M.2/80,10743
Asgard AN2 1TNVMe-M.2/80,12443
Asgard AN2 2TNVMe-M.2/80,21359
Asgard AN2 250NVMe-M.2/80,10000
Asgard AN2 500NVMe-M.2/80,11007
Asgard AN3 1TNVMe-M.2/80,17509
Asgard AN3 500NVMe-M.2/80,16156
Asgard AN3+ 1TNVMe-M.2/80,16015
Asgard AN3+ 512NVMe-M.2/80,15841
Asgard AN3.0 1TNVMe-M.2/80,19004
Asgard AN3.0 512GNVMe-M.2/80,20340
Asgard AN3.0 512NVMe-M.2/80,19098
Asgard AN4 1TNVMe-M.2/80,40767
Asgard AN4 Plus 2TB SSD,46953
Asgard AN4+512GNVMe-M.2/80,34857
Asgard AN4+ 1TNVMe-M.2/80,37563
Asgard AN4.0 1TNVMe-M.2/80,32837
Asgard AN4.0 2TNVMe-M.2/80,39083
Asgard AN256NVMe-M.2/80,8455
Asgard AN512NVMe-M.2/80,10643
Asgard AS512GS3-S7,3517
Asgard V3 1TNVMe-M.2/80,22082
ASint AS606 256GB,3327
ASint AS606 512GB,3400
ASint AS806 1TB,16346
ASint AS806 128GB,7704
ASint AS806 256GB,10558
ASint AS806 512GB,13332
ASint AS828 512GB,39281
Asint SSD 060GB,1584
ASL SSD 120GB,3639
ASL SSD 240GB,2657
ASMT106x V0Safe,4428
ASMT 2115 USB,1028
ASMT ASM236X NVME,10408
ASolid USB USB,419
ASP600S7-256GM-B,2764
Aspeed Nvme SSD,11024
Aspeed NVME SSD1TB,8711
aSsmnu gSS D48 0eSirse,2682
aSsmnu gSS D48 0RP OeSirse,3676
ASSMNU GZMKV1W0TMHHL0-007L,17598
ASSMNU GZMKV5W21MHPJ0-001H,18451
ASSMNU GZMLV1B0TBHRL0-001H,20027
ASSMNU GZMLV1V82CHRG0-0000,3421
ASSMNU GZMLV2V65CHPH0-002L,6720
ASSMNU GZMLV2W65EHPH0-001H,16022
ASSMNU GZMLV120TCHRL0-B07L,23001
ASSMNU GZMPV2V65DHLG0-0000,11546
ASU800NS38-256GTS-C,4189
ASU800NS38-256GTS-SS-C,4050
ASU800NS38-512GTS-C,4457
ASU800SS-240GT-IT-B,4800
ASUS-JM S41 SSD,301
ASUS-PHISON SSD,98
AT422,3149
AT622,17310
AT MAX 120GB,2148
ATKSSDS120,2854
ATKSSDS128,3035
ATKSSDS256,3631
ATKSSDS512,3999
ATOM30,18389
ATP I-Temp. NVMe M.2 2280 SSD,20422
ATP NVMe M.2 2280 SSD,31927
ATP Velo city MIV 120GB,2844
ATP Velocity MV128GB,2664
ATP Velocity MV 128GB,2770
ATP Velocity SI Lite 32 GB,1453
Aura Pro X2,10925
Avant 240GB Client SSD,4114
Avant 480GB Client SSD,2199
Avant 500GB M.2 NVME,13335
Avant 512GB Client SSD,4195
Avant Client 60GB mSATA,2727
Avant Mobile 120GB SSD,1762
AVEXIR S100 SERIES - 120GB,3321
AVEXIR S100 SERIES - 240GB,3593
AVEXIR SSD V1 128G AVSSD3V1128G,1497
AVSSDE100ZZ-120GB,3434
AVSSDE100ZZ-240GB,3872
AVSSDS3E100Z-120GB,2145
AVSSDS3E100Z-240GB,2577
AVSSDS3E100Z-480GB,4236
AVSSDS3E 100Z-120GB,3969
AX3500 256GB,14572
AX3600 512GB,15741
AX5300 1000GB,20136
AXIOM 1TB,16548
Axiom 250GB,6056
AXIOM 500GB,12034
Axiom Signature III SSD,3295
Axisplus 32GB SSD,1524
AXM14S3-128GM-B,3268
AXNS381E-128GM-B,2419
AXNS381E-256GM-B,2717
AXPRO 120GB,4798
AXPRO 240GB,4284
AYSSDM2PXG41920,34411
BA HFS001TD9TNG-62A0A,11112
BA HFS256GD9TNG-62A0A,8787
BA HFS512GD9TNG-62A0A,9723
BARUN BMCXDGBNQSLSS1 128GB,2564
BASETECH A400 1TB PCIE3.0 SSD,20358
BASETECH A400 512GB PCIE3.0 SSD,17155
BBR128GNV3A,8329
BC501 NVMe SK hynix 128GB,5401
BC501 NVMe SK hynix 256GB,9036
BC501 NVMe SK hynix 512GB,9249
BC501A NVMe SK hynix 128GB,5860
BC511 NVMe SK hynix 256GB,9569
BC511 NVMe SK hynix 512GB,11160
BC901 NVMe SK hynix 256GB,19529
BC901 NVMe SK hynix 512GB,24072
BC901 NVMe SK hynix 1024GB,25587
BestBattery SSD,2291
Bestoss GM228 128GB,8121
Bestoss GM228 256GB,14502
Bestoss GM228 512GB,17903
Bestoss GM988 1TB,44218
Bestoss S201 1TB,3694
Bestoss S201 120GB,2924
Bestoss S201 240GB,2684
Bestoss S201 480GB,3337
Bestoss S201 512GB,2928
Bestoss S202 256GB,3612
Bestoss S202 480GB,3465
BestossGM228 1TB,17874
BG6 KIOXIA 256GB,23892
BG6 KIOXIA 512GB,28396
BG6 KIOXIA 1024GB,35002
BG6 SED KIOXIA 512GB,28531
BG7 KIOXIA 256GB,31317
BG7 KIOXIA 512GB,47001
BG7 KIOXIA 1024GB,50287
BHT WR202A1032G 6702,362
BHT WR202D0064G 670215F5,518
BHT WR202HH032G E70215F5,601
BHT WR202HH032G E70290F5,732
BHT WR202I0064G E70245F5,582
BHT WR202I0064G E70290F5,803
BICDATA SSD 256GB,2913
BiCS,1850
BIOSTAR G300-120GB,3361
BIOSTAR G300-480GB,4217
BIOSTAR G330-256GB,4876
BIOSTAR M500 1TB SSD,11200
BIOSTAR M700-1TB,12877
BIOSTAR M700-128GB,6191
BIOSTAR M700-256GB,8707
BIOSTAR M700-512GB,11886
BIOSTAR M760-512GB,16165
BIOSTAR S100-120GB,1603
BIOSTAR S100-128GB,3553
BIOSTAR S100-240GB,3778
BIOSTAR S100-240GB PLUS,3172
BIOSTAR S100-480GB,3756
BIOSTAR S100-480GB PLUS,3580
BIOSTAR S120-1TB,3478
BIOSTAR S120-256GB,3677
BIOSTAR S120-512GB,3805
BIOSTAR S130-120GB,1649
BIOSTAR S150-120G,2318
BIOSTAR S160-512GB,3781
BIWIN AP423 CE480T5D101-256G,13521
BIWIN AP423 CE480T5D101-512G,19646
BIWIN AP423 CE480TB8800-512G,21095
BIWIN AP423 CE480TC8800-1TB,22324
BIWIN AP423 CE480TC8800-128G,6989
BIWIN AP423 CE480TC8800-256G,13943
BIWIN AP423 CE480TC8800-512G,16785
BIWIN AP443 512GB SSD,16277
BIWIN AP443 CE480Y2D100-512G,18764
BIWIN AP803 2TB SSD,45950
BIWIN AP823 CE980T58900-512G,28860
BIWIN AP823 CE980TB8900-1TB,39813
BIWIN AP823 CE980TB8900-512G,28091
BIWIN BWU2ASV46A256G,4537
BIWIN BWU3AKC26C128G,5844
BIWIN CE480T5D101-256G,16194
BIWIN CE480T5D101-512,15922
BIWIN CE480T5D101-512G,18580
BIWIN CE480V6D10H-1TB,17633
BIWIN CE480V6D10H-512G,13880
BIWIN CE480V6D100-512G,16780
BIWIN CE480V6D101-128G,5989
BIWIN CE480Y2D100-1TB,20277
BIWIN CE480Y2D100-256G,9988
BIWIN CE480Y2D100-512G,18249
BIWIN CE980Y2D600-512G,24796
BIWIN CE980Y28900-1TB,34826
BIWIN CE980Y38900-1TB,47286
BIWIN CNF80V51G00-1TB,15268
BIWIN M220 1TB,21921
BIWIN M220 2TB,25093
BIWIN M350 1000GB,33772
BIWIN M350 2000GB,35450
BIWIN M350 4000GB,36834
BIWIN NA80H1M20-1TB,22893
BIWIN NA80H1M40-512G,31528
BIWIN NA80V1M10-512G,17962
BIWIN NA80V4M20-512G,17859
BIWIN NA80Y1M10-1TB,22034
BIWIN NA80Y1M10-256G,10907
BIWIN NA80Y1M10-512G,19273
BIWIN NB80V4M40-1TB,30370
BIWIN NI201 256GB,13535
BIWIN NV3500 1TB,21943
BIWIN NV3500 2TB,21876
BIWIN NV3500 512GB,19484
BIWIN NV7200 1TB,42692
BIWIN NV7200 2TB,41961
BIWIN NV7200 4TB,44589
BIWIN NV7400 1TB,38716
BIWIN NV7400 2TB,46086
BIWIN NV7400 4TB,51561
BIWIN SSD 1TB,14398
BIWIN SSD 16GB,974
BIWIN SSD 32GB,768
BIWIN SSD 60GB,1824
BIWIN SSD 128GB,3789
BIWIN SSD 256GB,9315
BIWIN SSD 480GB,3989
BIWIN SSD 500GB,11901
BIWIN SSD LN860 1TB,16870
BIWIN SSD LN860 512GB,22529
BIWIN SSD LN950 1TB,42626
BIWIN SSD LN960 1TB,47199
BIWIN SSD LN960 2TB,48606
BIWIN SSD LN960 512GB,41569
BIWIN X570 1TB,61568
BIWIN X570 2TB,62728
BIWIN X570 PRO 1TB,77388
BIWIN X570 PRO 2TB,86997
BIWIN X570 PRO 4TB,84886
Biwintech SSD SX500 256GB,3576
Biwintech SSD SX500 512GB,4220
BJ380 60GB,1807
BK4GZ0SN52G6N MV eIKXOAI2 65BG,7297
BK HFS256GD9MNC-5310A,7493
Blackpcs SSDPro,3522
Bliksem,3335
BLINK,4238
BLUE FEATHER SSD,2231
BLUERAY 1TB SSD,15170
BLUERAY 256GB SSD,4319
BLUERAY 512GB SSD,9520
BM9C1 Samsung 512GB,12256
BM9C1 Samsung 1024GB,20304
BM9C1a Samsung 512GB,13845
BM9C1a Samsung 1024GB,39949
BM40RP4X4960,26114
BM40RP4X41920,31674
BORY NV890 1TB,17748
BORY NV890 256G,14264
BORY NV890 512G,14116
BORY R500 120G,3105
BORY R500 128G,2874
BORY R500 240G,2582
BORY R500 256G,3127
BORY R500 512G,2654
BP4 mSATA SSD,2631
BP4e mSATA SSD,2888
BPXP,23824
BR 1TB,12409
BR 64GB,1873
BR 120G,2450
BR 120GB,2202
BR 128G,2704
BR 128GB,3550
BR 240G,3049
BR 256G,3364
BR 256GB,4376
BR 512GB,8746
Brainzap SSD,1833
BRAVEEAGLE SSD 240GB,3579
BROADCOM MR9560-8i,49153
BROADCOM MR9560-16i,47564
BS2M20/128G,3050
BS2N20/128G,7879
BSSDseri es 128GB SSD,2719
BSSDseries 256GB SSD,4119
BT58SSD05S,2481
BT58SSD07S,1979
BT58SSD09S,2049
BT58SSD10M,2617
BT58SSD10S,2404
BT58SSD11S,2411
BT58SSD12M,3108
BT58SSD12S,3257
BT58SSD13S,3364
BTO-240GB,2597
BTO-480GB,2316
BTPCI-256G-2000,9611
BTPCI-512-2000 PCIE 3.0,16906
BTPCI-512GB-2000 PCIE 512GB,12489
BTSDA-120G-535,2616
BTSDA-256-550 2.5 256GB,3407
BTSDA-480G-535,2839
BTSystem E.POT LUX N2000 1TB SSD,43164
Bugatek,3196
BUGATEK,2000
BULLDOZER 480GB,3406
bulldozer-120GB,2951
BULLDOZER-480GB,2681
Bullet PCIe 3-256GB,12848
C2S3T/120G,2477
C2S3T/240G,3270
C400-MTF DDAC128MAM,2220
C-223T256G1-M3D474E13,5559
C-228T128G2-P3D2B2S11,3414
C-228T256G2-P3D2B2S11,2819
C-E80T128G2-P3D3B3E13,10528
C-E80T256G2-P003D2E19T,14999
C-E80T256G4-P3D3B3E13,13287
C-E80T512G2-P003D2E19T,20710
C-E80T512G4-P3D3B3E13,17324
CA3-8D256-Q11 NVMe LITEON 256GB,10877
CA3-8D512-Q11 NVMe LITEON 512GB,13519
CA5-8D512-Q11 NVMe SSSTC 512GB,19549
CA5-8D1024-Q11 NVMe SSSTC 1024GB,18666
CA6-8D1024-Q11 NVMe SSSTC 1024GB,35001
CARLSTEIN SSD 256GB,2367
CASPER 240GB,2399
Casper-256GB,3332
CAZ-82512-Q11 NVMe LITEON 512GB,13075
CCBoot CCBoot iSCSI,7553
CDG-1TB-NVME,11575
CDG-128GB-SSD25,2924
CDG-256GB-SSD25,2436
CE480T5D101-1TB,20463
CENTON SSD,3424
Centremix C700 1TB,47357
CF400 1TB,4296
CF400 128GB,3538
CF400 256GB,4030
CF400 512GB,3759
CF450 512GB,4568
CF500 240GB,2588
CF600 1TB,19946
CF600 128GB,9117
CF600 256GB,17371
CF600 512GB,16745
CFD NVMe Gen 4 M.2 1TB CSSD-M2B1TPG3VNF,27594
CHN25SATAS1 256,2929
CHN 25SA TA01M 120GB,1121
CHN 25SATA01M 060,1387
CHN 25SATA01M 120,3056
CHN 25SATAA3 240,2085
CHN 25SATAC3 120,2701
CHN 25SATAS3 256,2664
CHN mSATA01M 060,1987
CHN mSATA02M 128,2982
CHN mSATA02M 256,3256
CHN-25SATA3-060,1874
CHN-25SATAC3-120,2309
CHN-25SATAC3-240,3105
CHN-25SATAS3-128,3013
CHN-mSATAM3-256,2695
CHN-mSATAQ3-120,2353
CIE MS M305 32GB,1144
CIE MS M305 256GB,3310
CIE MS M336 128GB,2259
CIE MS R310 64GB,1560
CingKo 2000GB,34444
CingKo 5000,19631
Cisco UCS 785GB MLC Fusion-io ioDrive2,5720
CL1-3D128-Q11 NVMe LITEON 128GB,7125
CL1-3D128-Q11 NVMe SSSTC 128GB,7109
CL1-3D256-Q11 NVMe LITEON 256GB,10160
CL1-3D256-Q11 NVMe SSSTC 256GB,10838
CL1-3D512-Q11 NVMe LITEON 512GB,9624
CL1-3D512-Q11 NVMe SSSTC 512GB,10364
CL4-3D256-Q11 NVMe SSSTC 256GB,14392
CL4-3D256-Q41 NVMe SED SSSTC 256GB,16160
CL4-3D512-Q11 NVMe SSSTC 512GB,15419
CL4-3D1024-Q11 NVMe SSSTC 1024GB,17158
CLOVER CD502HJ,827
CLOVER CN-M750MBB,628
CNF30T5D100-512G,20571
Colorful CN500 240GB,2979
Colorful CN600 1TB,14737
Colorful CN600 1TB PRO,20042
Colorful CN600 2TB,19271
Colorful CN600 128GB,7800
Colorful CN600 256GB,12702
Colorful CN600 256GB PRO,16419
Colorful CN600 512GB,16353
Colorful CN600 512GB DDR,20910
Colorful CN600 512GB PRO,18662
Colorful CN600 512GB WH,20368
Colorful CN600S 240GB,9336
Colorful CN600S 480GB,11090
Colorful CN700 1TB,34017
Colorful CN700 1TB PRO,41739
Colorful CN700 2TB PRO,47225
Colorful CN700 512GB,26129
Colorful SL300 60GB,1898
Colorful SL300 120GB,2542
Colorful SL300 128GB,2691
Colorful SL300 160GB,2245
Colorful SL500 1TB,3095
Colorful SL500 240GB,2376
Colorful SL500 250GB,2540
Colorful SL500 256GB,3121
Colorful SL500 320GB,2172
Colorful SL500 360GB,2388
Colorful SL500 480GB,2991
Colorful SL500 512GB,3238
Colorful SL500 640GB,1700
Colorful SL500 720GB,2116
Colorful SL500 960GB,3170
Colorful SS500P 480GB,2470
COMPIT,6453
CONSISTENT M.2 001TB,3738
CONSISTENT M.2 S6,3335
CONSISTENT M.2 S6 256GB,3298
CONSISTENT M.2 S6 512GB,3015
CONSISTENT M.2 S7 256GB,4073
CONSISTENT NVME S6 001TB,18699
CONSISTENT NVME S6 128GB,8985
CONSISTENT NVME S6 256GB,12668
CONSISTENT NVME S6 512GB,16696
CONSISTENT NVME S7 256GB,16909
CONSISTENT NVME S7 512GB,15907
CONSISTENT SSD S6 001TB,3671
CONSISTENT SSD S6 128GB,2911
CONSISTENT SSD S6 256GB,2911
CONSISTENT SSD S6 512GB,3323
CONSISTENT SSD S7 128GB,2327
CONSISTENT SSD S7 256GB,2947
CONSISTENT SSD S7 512GB,3272
Core 128GB,2223
Corsai Force 3 SSD,2408
Corsai Force GS,3024
Corsai Force GT,3130
Corsai Force LE SSD,4271
Corsair Accelerator SSD,1588
Corsair CMFSSD-32D1,571
Corsair CMFSSD-64D1,729
Corsair CMFSSD-64GBG2D,971
CORSAIR CMFSSD-64NI,630
Corsair CMFSSD-128D1,767
CORSAIR CMFSSD-128GB,1138
Corsair CMFSSD-128GBG2D,1049
Corsair CMFSSD-256D1,1073
CORSAIR CMFSSD-256GB,907
Corsair CMFSSD-256GBG2D,950
Corsair CSSD-F12,2129
Corsair CSSD-F40GB2,1279
Corsair CSSD-F60GB2,1575
Corsair CSSD-F60GB2-A,1483
Corsair CSSD-F80GB2-A,1217
Corsair CSSD-F80GBP2,1339
Corsair CSSD-F90GB2,1761
Corsair CSSD-F115GB2-A,1487
Corsair CSSD-F120GB2,1685
Corsair CSSD-F160GBP2,1467
Corsair CSSD-F180GB2,1620
Corsair CSSD-F240GB2,1827
Corsair CSSD-R60GB2,874
Corsair CSSD-V32GB2,807
Corsair CSSD-V64GB2,1025
Corsair CSSD-V128GB2,1294
Corsair Force,4353
Corsair Force 3,2882
Corsair Force 3 SSD,2898
Corsair Force GS,4143
Corsair Force GT,3736
Corsair Force LE,3857
Corsair Force LE200 SSD,3302
Corsair Force LE SSD,4317
Corsair Force LS,3488
Corsair Force LS SSD,3263
CORSAIR FORCE LX SSD,3782
Corsair Force MP300 120GB,6008
Corsair Force MP300 240GB,9031
Corsair Force MP300 480GB,8704
Corsair Force MP500 120GB,7951
Corsair Force MP500 240GB,11214
Corsair Force MP500 480GB,11777
Corsair Force MP500 960GB,13230
Corsair Force MP510 240GB,11022
Corsair Force MP510 480GB,16222
Corsair Force MP510 960GB,19095
Corsair Force MP510 1920GB,21112
Corsair Force MP600 1TB,28159
Corsair Force MP600 2TB,29910
Corsair Force SSD,2138
Corsair MP400,25899
Corsair MP600 CORE,29450
Corsair MP600 CORE MINI,19441
Corsair MP600 CORE XT,29101
Corsair MP600 ELITE,47370
Corsair MP600 GS,33245
Corsair MP600 MICRO,42315
Corsair MP600 MINI,35419
Corsair MP600 PRO,49459
Corsair MP600 PRO LPX,49352
Corsair MP600 PRO NH,51634
Corsair MP600 PRO XT,48606
Corsair MP700 1TB,53174
Corsair MP700 2TB,61783
Corsair MP700 ELITE 1TB,56867
Corsair MP700 ELITE 1TB with Heatsink,52014
Corsair MP700 ELITE 2TB,64208
Corsair MP700 ELITE 2TB with Heatsink,62293
Corsair MP700 PR 1TB Disk Drive,63643
Corsair MP700 PRO 1TB,61760
Corsair MP700 PRO 2TB,66871
Corsair MP700 PRO 4TB,68095
Corsair MP700 PRO SE,71710
Corsair MP700 PRO SE 4TB,74401
Corsair MP700 PRO XT,91907
Corsair Neutron,3774
Corsair Neutron GTX SS,3350
Corsair Neutron GTX SSD,3477
Corsair Neutron GTX SSD 240GB,3313
Corsair Neutron SS,3292
Corsair Neutron SSD,3453
Corsair Neutron SSD 256GB,3802
Corsair Neutron XT SSD,3875
Corsair Neutron XTI SSD,4448
Corsair Nova 2 SSD,1282
Corsair Performa,3762
Corsair Performance3 SSD,2143
Corsair Performance Pro,3434
CP04 0VNeMS Kyhin x15G2 B,12768
CP04 1VNeMS Kyhin x15G2 B,10101
CP04 1VNeMS Kyhin x52G6 B,9552
CP04 1VNeMS Kyhin xT1 B,12395
CP06 1VNeMS Kyhin x15G2 B,19067
CP06 1VNeMS Kyhin x52G6 B,14019
CP06 1VNeMS Kyhin xT1 B,21789
CP06A1N MV eKSh nyxi1 BT,20727
CP06A1N MV eKSh nyxi5 21BG,16686
CP08 1VNeMS Kyhin x15G2 B,30606
CP08 1VNeMS Kyhin xT1 B,23747
CP08 1VNeMS Kyhin xT2 B,30836
CP17 1VNeMS Kyhin x15G2 B,23345
CP17 1VNeMS Kyhin x52G6 B,17394
CP17 1VNeMS Kyhin xT1 B,22290
CP18 1ES DKSh nyxi1 20G4 B,34880
CP18 1ES DKSh nyxi2 40G8 B,38558
CPS 7N03N MV eDW C15G2 B,16008
CPS 7N03N MV eDW C0142BG,19275
CPS 8N01N MV eDW C0142BG,31182
CPS 8N01N MV eDW C0284BG,31636
CREATIVE SSD 240GB,2863
Crucial / Micron C300 64GB SSD,1570
Crucial / Micron M4 C400 128GB SSD,2314
Crucial / Micron M4 C400 256GB SSD,2399
Crucial BX100 1TB SSD,3888
Crucial BX500 500GB SSD,3971
Crucial C300 128GB SSD,1902
Crucial C300 256GB SSD,2131
Crucial C400 M550 64GB SSD,1681
Crucial C400 M550 256GB SSD,2144
Crucial C400 M550 500GB SSD,5983
Crucial C500 128GB SSD,3100
Crucial C500 256GB SSD,3379
Crucial C500 512GB SSD,3562
Crucial C800 2.5 inch 480GB SSD,3544
Crucial C2000 256GB SSD,9244
Crucial C3000.6-M064,1497
Crucial M4 128GB SSD,2242
Crucial M500 120GB SSD,2427
Crucial M500 240GB SSD,3053
Crucial M500 480GB SSD,3704
Crucial M500 960GB SSD,3680
Crucial M550 1TB SSD,4147
Crucial M550 128GB SSD,3345
Crucial M550 256GB SSD,3593
Crucial M550 512GB SSD,3690
Crucial MX100 128GB SSD,2720
Crucial MX100 256GB SSD,3201
Crucial MX100 512GB SSD,3699
Crucial MX200 250GB SSD,3753
Crucial MX200 500GB SSD,3551
Crucial MX300 1TB SSD,4418
Crucial MX300 2TB SSD,3795
Crucial MX300 275GB SSD,3726
Crucial MX300 525GB SSD,4029
Crucial MX300 750GB SSD,3990
Crucial MX500 1TB SSD,4579
Crucial MX500 2TB SSD,5063
Crucial MX500 500GB SSD,4465
Crucial P1 1TB SSD,11961
Crucial P2 1TB SSD,14191
Crucial P3 1TB SSD,22207
Crucial P3 2TB SSD,22119
Crucial P3 4TB SSD,20855
Crucial P3 500GB SSD,18330
Crucial P3 Plus 1TB SSD,31103
Crucial P3 Plus 500GB SSD,23633
Crucial P5 Plus 1TB SSD,36580
Crucial P5 Plus 2TB SSD,39073
Crucial P5 Plus 500GB SSD,33213
Crucial T500 1TB SSD,42296
Crucial T500 1TB SSD with heatsink,40167
Crucial T500 2TB SSD,44333
Crucial T500 4TB SSD,45843
Crucial T700 1TB SSD,59100
Crucial T700 1TB SSD with heatsink,58216
Crucial T700 2TB SSD,69167
Crucial T700 2TB SSD with heatsink,64660
Crucial T700 4TB SSD,71460
Crucial T700 4TB SSD with heatsink,69040
Crucial T705 1TB SSD,66845
Crucial T705 1TB SSD with heatsink,64390
Crucial T705 2TB SSD,73014
Crucial T705 2TB SSD with heatsink,72228
Crucial T705 4TB SSD,77036
Crucial T705 4TB SSD with heatsink,72130
Cruicial CT250BX100SSD1,3657
CS667-M256,2305
CS900 SSD,3576
CS1030 1TB SSD,20670
CS1030 250GB SSD,13128
CS1031 500GB SSD,17597
CS2230 1TB SSD,21155
CS3160PGFCV100DCAFF,30375
CS A3 SSD M.2 2280 512GB,3086
CSC 73GB 15K REFURBISHED,474
CSSD-F115GB2-A,1575
CSSD-M2B01TPG2VN,14690
CSSD-M2B1TPG3NF2,31335
CSSD-M2B1TPG3NGK,34188
CSSD-M2B1TPG3VND,32536
CSSD-M2B2TPG3NF2,33188
CSSD-M2B2TPG3NGK,19564
CSSD-M2B2TPG3VNF,27644
CSSD-M2B05GPG2VN,12580
CSSD-M2B5GPG3NF2,20168
CSSD-M2B5GPG3VNF,20606
CSSD-M2L1KSFT4KG 1024GB,25429
CSSD-M2L1KSFT6KE 1024GB,40519
CSSD-M2L1TRGAXN 1000GB,18235
CSSD-M2L2KSFT6KE 2048GB,30832
CSSD-M2L5HSFT6KE 512GB,33191
CSSD-M2M1TEG1VNE,14100
CSSD-M2M1TPG4NZL,42843
CSSD-M2M1TPG4VNZ,30781
CSSD-M2M2TPG4NZL,44821
CSSD-M2M2TPG4VNZ,31760
CSSD-M2M5GEG1VNE,6917
CSSD-M2O1TEG2VNQ,18861
CSSD-M2O5GEG2VNQ,19247
CSSD-M2O500GBG2NEQ/BICS5,22311
CSSD-M2O512GBG1NTQ/BICS5,15208
CSSD-M2O1000GBG2NEQ/BICS5,25811
CSSD-M2P1KDRV74A,44384
CSSD-M2P2KDRV74A,46482
CSSD-M2PE27TSV7Q500GB,26052
CSSD-M2PE27TSV7Q1000GB,34969
CSSD-S6B240CG3VX,2673
CSSD-S6B480CG3VX,3400
CSSD-S6B480CG4VX,3549
CSSD-S6B960CG3VX,3245
CSSD-S6L1TMGAX 1TB,4561
CSSD-S6L2TMGAX 2TB,4250
CSSD-S6M512CG3VZ,3895
CSSD-S6O240NCG1Q,4065
CSSD-S6O480NCG1Q,3730
CSSD-V60GB2,1009
CT120BX1 00SSD1,2797
CT120BX3 00SSD1,3736
CT120BX5 00SSD1,2263
CT120BX100SSD1,2966
CT120BX300SSD1,3825
CT120BX500SSD1,2843
CT128V4SSD2,1374
CT240BX2 00SSD1,3488
CT240BX5 00SSD1,2575
CT240BX200SSD1,3497
CT240BX300SSD1,4045
CT240BX500SSD1,2759
CT250BX1 00SSD1,3564
CT250BX1 CT250BX100SSD1,3413
CT250BX100SSD1,3156
CT250MX5 00SSD1,3416
CT250MX500SSD1,4108
CT250MX500SSD4,4355
CT250P2SSD8,13632
CT250P5SSD8,17485
CT480BX2 00SSD1,3644
CT480BX5 00SSD1,2449
CT480BX200SSD1,3820
CT480BX300SSD1,4485
CT480BX500SSD1,2772
CT480E100SSD8,24437
CT500BX1 00SSD1,3791
CT500BX100SSD1,3379
CT500BX500SSD1,2743
CT500MX5 00SSD1,4344
CT500P1SSD8,9795
CT500P2SSD8,13447
CT500P5PSSD8,27870
CT500P5SSD8,22212
CT500P310SSD8,34116
CT500T500SSD8,36149
CT960BX200SSD1,3915
CT960BX500SSD1,2683
CT1000BX100SSD1,3424
CT1000BX500SSD1,2951
CT1000BX 100SSD1,4182
CT1000E100SSD8,30942
CT1000MX 500SSD1,4001
CT1000P5PSSD8,33292
CT1000P5SSD8,24009
CT1000P310SSD2,32899
CT1000P310SSD8,44200
CT1000P510SSD5,57845
CT1000P510SSD8,61457
CT1000T705SSD3,68614
CT1000T710SSD8,78704
CT2000BX500SSD1,3197
CT2000E100SSD8,31934
CT2000P1SSD8,14332
CT2000P2SSD8,14395
CT2000P3PSSD8,29792
CT2000P5SSD8,24561
CT2000P310SSD2,36060
CT2000P310SSD8,46979
CT2000P510SSD5,57003
CT2000P510SSD8,60204
CT2000T500SSD5,43115
CT2000T710SSD8,78352
CT3500SC,627
CT4000BX500SSD1,8985
CT4000MX500SSD1,3951
CT4000P3PSSD8,27876
CT4000P310SSD8,48022
CT4000T710SSD8,88567
CTM2S256S6,3371
CUBEX CP2000 1024GB,18354
CUBEX CS500 256GB,4304
CUK Cyclone M.2 NVMe 500GB,14176
CUSU C300 1TB,3822
CUSU C300 240GB,3622
CUSU C300 256GB,2930
CUSU C300 480GB,3143
CUSU C300 512GB,3306
CUSU CV3500 1TB,22356
CUSU CV3500 256GB,14520
CUSU CV3500 512GB,18625
CUSU CV3500M 1TB,20078
CUSU CV3500M 512GB,8217
CUSU CV3500Q 1TB,21362
CUSU CV3500Q 2TB,21949
CUSU CV3500Q 512GB,15246
CUSU CV7000 1TB,42116
CUSU CV7000 2TB,46500
CUSU CV7000-P 1TB,35395
CUSU CV7000-P 2TB,46857
CWESR01TBTLCW-21C-4,33212
CWESR02TBTLCZ-27J-2,39088
CX2-8B512-Q11 NV,11590
CX2-8B512-Q11 NVMe LITEON 512GB,12408
Cybertec NVMe SSD 256GB,10419
CyberX,3171
Cyclone SSD,4343
CYX-SSD-C1000,18838
CYX-SSD-S1000,4188
D1-XTREME 512GB,11733
D2RSTK251E19-0400,3465
D2RSTK251M11-0200,4345
"DA 2.5\"" 256G SSD",3107
DA DRIVE NHS M.2 2280 NVMe 256G SSD,10756
DA DRIVE NHS M.2 2280 NVMe 512G SSD,12843
Dahua C800 2.5 inch 1TB SSD,3153
Dahua C800 2.5 inch 120GB SSD,2795
Dahua C800 2.5 inch 128GB SSD,2898
Dahua C800 2.5 inch 240GB SSD,2968
Dahua C800 2.5 inch 256GB SSD,3151
Dahua C800 2.5 inch 480GB SSD,3537
Dahua C800 2.5 inch 512GB SSD,3711
Dahua C800A SSD 120GB,2812
Dahua C800A SSD 128GB,3290
Dahua C800A SSD 240GB,1865
Dahua C800A SSD 512GB,2446
Dahua C900 M.2 2280 NVMe 1TB SSD,13912
Dahua C900 M.2 2280 NVMe 128GB SSD,7616
Dahua C900 M.2 2280 NVMe 256GB SSD,11908
Dahua C900 M.2 2280 NVMe 512GB SSD,12662
Dahua C900 PLUS 256GB SSD,12703
Dahua C900 PLUS M.2 2280 NVMe 1TB SSD,21713
Dahua C900 PLUS M.2 2280 NVMe 256GB SSD,13809
Dahua C900 PLUS M.2 2280 NVMe 512GB SSD,17746
Dahua C900 SSD 256GB,11761
Dahua C910 M.2 2280 NVMe 1TB SSD,18778
Dahua C970 M.2 2280 NVMe 1TB SSD,28012
Dahua C970 M.2 2280 NVMe 512GB SSD,23117
Dahua C970 PLUS M.2 2280 NVMe 1TB SSD,46384
Dahua E900 M.2 2280 NVMe 1TB SSD,12978
Dahua E900 M.2 2280 NVMe 256GB SSD,11532
Dahua E900 M.2 2280 NVMe 512GB SSD,14195
Dahua E900 SSD 256GB,12234
Dahua E900 SSD 512GB,11885
DATARAM 1TB SSD,6820
DATARAM S412 240GB SSD,2882
DataTraveler Max,3785
Daten DS500M,3931
Daten DS2000,14575
Daten DS3000,23725
DELAIHE A2 1TB,3341
Dell BOSS-N1,17283
Dell Ent NVMe AGN MU AIC 1.6TB,25404
Dell Ent NVMe P5800x SED WI U.2 400GB,52507
Dell Ent NVMe P5800x WI U.2 1.6TB,56358
Dell Ent NVMe P5800x WI U.2 400GB,45081
Dell Express Flash NVMe P4600 1.6TB SFF,13614
Dell Express Flash PM1725a 3.2TB AIC,24778
Dell Express Flash PM1725b 1.6TB AIC,20810
Dell Express Flash PM1725b 12.8TB SFF,15093
Dell SSSTC CA6 2TB SSD,31946
Dell WR202KD032G E70290F5,690
DELORA D2 SSD,2370
DELORA G PRO SSD,2727
DEM28-B56DB1ECAQH-K945,8253
DENCSTE351M11-0240.Y,2055
DENRSTE251M45-0100.C,1435
DENRSTE251M45-0200.C,1952
DERLER SSD 240GB,1926
Derler SSD 256G,2653
DERLER SSD 480GB,3857
Detech SSD 120GB,2282
dexim 240G,2723
DEXP SSD C100 128Gb,2692
DEXP SSD C100 256Gb,2850
DEXP SSD C100 512Gb,2928
DEXP SSD C100 1024Gb,2896
DEXP SSD LS 1TB,34362
DEXP SSD LS 256GB,24154
DEXP SSD LS 512GB,23521
DEXP W1000C 1024GB,20337
DGM SSD 240GB S3-240,4855
DGM SSD 240GB S3-240A,4003
DGM SSD 480GB S3-480A,4033
DGPST4001TP8T7,45853
DGSM3001TM23T,19719
DGSM3001TS33T,12960
DGSM3256GM23T,15198
DGSM3256GS33T,12553
DGSM3512GM23T,18375
DGSM3512GP53T,17575
DGSM3512GS33T,13728
DGSM4001TG23T,29841
DGSM4001TM6ET,45480
DGSM4001TM63T,45957
DGSM4002TM63T,54381
DGSM4002TS69T,23007
DGSM4512GG23T,36137
DGSM4512GM63T,35044
DGSM5001TP31T,56068
DGSR1256GS93T,1938
DGSR2001TP13T,3362
DGSR2128GY23T,2084
DGSR2256GP13T,2999
DGSR2256GS93T,2981
DGSR2512GS93T,2343
DGST4001TG33T,43563
DGST4001TP83T,46179
DGST4002TG33T,40910
DGST4512GG33T,33919
DIERYA SSD 1TB,3968
DIERYA SSD 240GB,4359
DIERYA SSD 500GB,3802
DIF1T0GIMAI298,20460
DIF2T0GIMAI298,20110
DIGIFAST ACE Series 256GB,14607
DIGISTOR 1TB,28260
DIGISTOR 2TB,4540
DIGISTOR 256GB,11582
DIGISTOR 512GB,14590
DIGISTOR DIGISTOR 240GB S,4762
Digital Storm 240GB SSD,2167
DIGITAZZ 240GB SSD,1844
DIGMA Meta P7 1TB SSD,47740
Disque virtuel Microsoft,11834
DM60CM4-V2101T,1330
DOGFIHS SSD 64GB,2104
DOGFISH SSD 120G,2801
DOGFISH SSD 120GB,2222
Dogfish SSD 1TB,3694
DOGFISH SSD 32GB,1165
DOGFISH SSD 60GB,1765
DOGFISH SSD 64GB,1994
DOGFISH SSD 128GB,3240
DOGFISH SSD 240GB,2458
Dogfish SSD 256GB,3126
Dogfish SSD 480GB,2330
DOGFISH SSD 500GB,2493
Dogfish SSD 512G,8139
DOGFISH SSD 512GB,2916
DOSPARASELECT PG4,23120
DP-CT050M4SSC2,1775
DQR SSD,3455
DragonDi amond Q8 128GB S,4571
DragonDiamond i8 32GB,1300
DragonDiamond Q8 256GB SLC,4182
DragonDiamond SLC 32GB,1631
Dragos M.2 NVME 256GB,10752
DREVO D1 SSD,3931
Drevo X1 240GB,3360
Drevo X1 480GB,2250
Drevo X1 pro 1TB,3738
Drevo X1 pro 64G,2295
Drevo X1 pro 120G,3257
Drevo X1 pro 128G,3259
Drevo X1 pro 256G,3232
Drevo X1 pro 512GB,1980
DREVO X1 PRO SSD,2758
DREVO X1 SSD,3928
DREVO X1 SSD 240.0GB,4359
DREVO X1-240G,3288
DRVEO X1 SSD,4030
DST6128-SSD 128GB,2211
DST6128-SSD-128GB,2978
DST6256,2988
DST6256-SSD 256GB,3427
DST7256,9371
DST7512,14300
DST-6256,2663
DTechco 128GB,2590
DTGC-C 256GB,3292
DX120SB,2414
DX240H,2979
DX240SB,3658
DX480SB,3889
DXM2N512,16246
DXS240D,3531
Dynabook AE100 240GB SSD,3324
E2M2 64GB,1518
E12-1TB-PHISON-SSD-B3-BB1,16004
E12-1TB-PHISON-SSD-B16-BB1,21493
E12-1TB-PHISON-SSD-B27-BB1,21783
E12-256G-PHISON-SSD-B3-BB1,9935
E12-256G-PHISON-SSD-B16-BB1,10572
E12-512G-PHISON-SSD-B3-BB1,14333
E12-512G-PHISON-SSD-B16-BB1,15388
E12-512G-PHISON-SSD-B27-BB1,17416
E12C-128G-PHISON-SSD-B3,4543
E12S-1TB-PHISON-SSD-B27B,23494
E12S-1TB-PHISON-SSD-BICS4,20864
E12S-512G-PHISON-SSD-B27B,16045
E12S-512G-PHISON-SSD-B27B-09,17782
E12S-512G-PHISON-SSD-BICS4,18076
E15-1TB-PHISON-SSD-B47R,22381
E15-256G-PHISON-SSD-B47R,18958
E15-512G-PHISON-SSD-B47R,20899
E18-1TB-PHISON-SSD-B47R,43241
E18-1TB-PHISON-SSD-BICS5,48434
E19-1TB-PHISON-SSD-B47R,22335
E19-1TB-PHISON-SSD-BICS5,26961
E19-1TB-PHISON-SSD-V7,26401
E19-512G-PHISON-SSD-B47R,22488
E19-512G-PHISON-SSD-BICS5,23200
E19-512G-PHISON-SSD-V7,17562
E21-1TB-PHISON-SSD-B47R-06,28943
E21-512G-PHISON-SSD-B47R-06,28521
E27-1TB-PHISON-SSD-V7QLC,41816
E27-2TB-PHISON-SSD-V7QLC,44459
E27-512G-PHISON-SSD-BICS6,36200
E31-2TB-PHISON-SSD-BICS8,49278
E31-2TB-PHISON-SSD-BICS8WL,63819
E300S120G,1665
E535N M.2 2242 256GB,3083
E535N M.2 2280 256GB,3451
EAGET S606 SSD 120GB,2319
EAGET S900L SSD,6543
EAGET SSD,11210
EAGET SSD 1TB,4956
EAGET SSD 120GB,2559
EAGET SSD 128GB,2743
EAGET SSD 240GB,2790
EAGET SSD 256,3507
EAGET SSD 256GB,5405
EAGET SSD 480GB,3423
EAGET SSD 512GB,10733
EDGE Boost Pro 7mm SSD,2957
EDGE Boost Pro 120GB,2507
EDGE Boost Pro 120GB SSD,2525
EDGE Boost Pro SSD,3347
EDGE E3 SSD,3964
EDGE eMerge 3D-V SSD,2831
EDGE SE847 SSD,3465
EDGE SE847-V SSD,3331
EDILOCA EN206 1TB,3652
EDILOCA EN206 2TB,3820
EDILOCA EN206 256GB,3826
EDILOCA EN206 512GB,3799
EDILOCA EN600 Pro 1TB,20821
EDILOCA EN600 Pro 2TB,21262
EDILOCA EN600 Pro 256GB,14548
EDILOCA EN600 Pro 512GB,20046
EDILOCA EN600Pro 1TB,23615
EDILOCA EN600Pro 256GB,17913
EDILOCA EN600Pro 512GB,20449
EDILOCA EN605 1TB,19126
EDILOCA EN605 2TB,21135
EDILOCA EN605 256GB,16214
EDILOCA EN605 512GB,16203
EDILOCA EN680E 1TB,21764
EDILOCA EN680E 256GB,23728
EDILOCA EN705 1TB,35093
EDILOCA EN705 2TB,32436
EDILOCA EN760 1TB,29056
EDILOCA EN760 2TB,32421
EDILOCA EN760 4TB,26140
EDILOCA EN760 500GB,27002
EDILOCA EN855 1TB,44422
EDILOCA EN855 2TB SSD,48944
EDILOCA EN855 4TB,47656
EDILOCA EN855 500GB,38246
EDILOCA EN870 1TB SSD,43191
EDILOCA EN870 2TB SSD,43643
EDILOCA EN870 4TB SSD,40826
EDILOCA EN1400Pro 2TB,38055
EDILOCA ES106 1TB,3557
EDILOCA ES106 128GB,3544
EDILOCA ES106 250GB,3174
EDILOCA ES106 256GB,3587
EDILOCA ES106 500GB,3429
EDILOCA ES106 512GB,3477
EDILOCA ES580E 512GB,3068
EG6 KIOXIA 512GB,27897
EG6 KIOXIA 1024GB,32288
EG6 KIOXIA 2048GB,38245
EGON S20,2952
EGON T2 240G,2124
ELECOM ESD-GMIA,16789
ELIGO510,3335
Elite Pro Dual-R0,1574
ELITION SERIES,1852
Eluktronics PRO-X-512GB-G2R,9074
EM200AA001-9VY132,586
EM280512GTTCB5-E19TAS,21280
Ember SSD GD-402,12917
Emperor 120GB,4116
Emperor 128GB,1822
EMSASMB0 64GB,1248
EMTEC X1 50 240GB,3639
EMTEC X150 120GB,2492
Emtec X150 240GB,3038
EMTEC X150 480GB,3144
EMTEC X150 960GB,3349
EMTEC X160 1TB,3067
EMTEC X160 256GB,3448
Emtec X160 512GB,3411
EMTEC X250 1TB,3394
EMTEC X250 128GB,2115
EMTEC X250 256GB,3146
EMTEC X250 512GB,3078
EMTEC X300 1TB,18062
EMTEC X300 256GB,13817
EMTEC X300 512GB,17258
EMTEC X400 2TB,25658
EMTEC X400 4TB,11838
EMTEC X400 500GB,17168
EMTEC X410 4TB,49099
Enmotus P200-1600-128,23985
ENMOTUS T00 FuzeDrive,16010
ES1TSSDM2NAU,8850
ESA3ASA2PSM1BT240GB,2121
ESA3ASA2PSTBT120GB,2129
ESA3ASA2PSTBT240GB,2339
ESA3SF1120GB,1893
ESA3SMD2HSLB120GB,2786
ESA3SMD2HSLB240GB,2840
ESA3SMD2HTGB120GB,2562
ESA3SMD2HTGB240GB,3327
ESA3SMD2HTGT120GB,2581
ESA3SMD2HTGT240GB,3395
ESA3SMD2ISPT120GB,2646
ESA3SME2HTMTT120GB,2895
ESA3SMF2HTGT120GB,1825
ESA3SMH2STS2BT120GB,3179
ESA3SMN2HTH4BQ240GB,3241
ESE2A043-256 NVMe Phison 256GB,13018
ESE2A044-512 NVMe Phison 512GB,15613
ESE2A047-M24 NVMe Phison 1024GB,15515
ESO01TBHLCJ-EL1-2AK,32765
ESO001TTLCW-E21-4L,37878
ESO001TTLCW-EP3-2L,16887
ESO256GHLCJ-EL1-2AK,21265
ESO256GYLCT-EP3-2L,12741
ESO512GHLCJ-EL1-2AK,29751
ESO512GTLCW-EP3-2L,16641
ESO512GYLCT-EP3-2L,16980
ESR01TBMFCT-E8GBTOEM4,38934
ESR01TBTLCG-EAC-4,23994
ESR01TBTLCZ-27J-2,43220
ESR01TBTLG-E6GBTNB4,25289
ESR256GTLCG-EAC-4,14918
ESR512GMFCM-E8GBTNB4,20961
ESR512GTLCG-EAC-4,20063
ESR512GTLCW-E6GBTNB4,20767
ESR512GTLG-E6GBTNB4,23009
ESSENCORE,3140
ESSENCORE NVME GEN3 SSD,20219
ESSENCORE SSD,3134
ETOPSO SSD 256GB,3073
EVM25/128GB,2772
EVM25/256GB,3120
EVM25/512GB,3449
EVM SSD,19016
EVMM2/128GB,3069
EVMM2/256GB,3220
EVMM2/512GB,3257
EVMNV500/512GB,25402
EVMNV/128GB,7815
EVMNV/256GB,12949
EVMNV/512GB,17023
EVOUNIC GAMING PRO-1TB,2947
EX276688RUS,3387
EX276689RUS,3216
EX280473RUS,3871
EX-1TB PRO,19508
EX-512 PRO,13208
ExcelStor Technology J92,500
ExcelStor Technology J240,247
ExcelStor Technology J340,252
ExcelStor Technology J360,248
ExcelStor Technology J680,293
ExcelStor Technology J840,331
ExcelStor Technology J880,313
ExcelStor Technology J880S,316
ExcelStor Technology J8080,396
ExcelStor Technology J8080S,398
ExcelStor Technology J8160,408
ExcelStor Technology J8160S,411
ExcelStor Technology J9250,479
ExcelStor Technology J9250S,504
EXOZA M280- 240GB,2408
EXRAM 256GB,2205
EXRAM 512GB,2829
EXT X200E SSD,35187
Extrememory XLR8_EX120BB,3869
Extrememory XLR8_EX240BB,3258
EYOTA-120GB,3117
EYOTA-128GB,2830
EYOTA-256GB,3192
EYOTA-512GB,2974
EZ LINK T34 128GB,2215
EZ LINK T34 256GB,2898
EZC00L S280 480GB,1110
EZCOOL S280 240GB,2884
EZCOOL S280 480GB,2514
EZCOOL S400 120GB,2429
EZCOOL S400PRO 120GB,3200
EZLINK Achilles 240GB,2455
EZLINK Achilles SX 180GB,3563
EZLINK Achilles SX 240GB,3458
EZLINK BF109 128GB,2038
EZLINK BF109G 256GB,3257
EZLINK CV-6 240GB,2757
EZLINK CV-6 512GB,3905
EZLINK Hector-S 120GB,3123
EZLINK M4 480GB SSD,4287
EZLINK P anzer IV-H 128GB,3269
EZLINK P anzer-IV 128GB,3323
EZLINK Panzer IV-H 128GB,2809
EZLINK Panzer IV-H 256GB,2081
EZLINK Panzer V 240GB SSD,2047
EZLINK PanzerIV-H 128GB,1859
EZLINK Seraphim 60GB,2213
EZLINK Seraphim MLC 60GB,1366
EZLINK SIGMA 120GB,1215
EZLINK SIGMA 128GB,3452
EZLINK SIGMA 240GB SSD,796
EZLINK T34 64GB,951
EZLINK T34 128GB,2121
EZLINK T34 256GB,1549
EZLINK T 34 128GB,2428
EZLINK T 34 256GB,3164
EZLINK Violet SLC 128GB,1530
Fantom VENOM8 1TB SSD,43389
Fantom VENOM8 2TB SSD,44133
Fantom VENOM8 4TB SSD,49203
Fantom VENOM 2TB SSD,55895
Fanxiang FF952 512GB,4409
Fanxiang I200 128GB,3582
Fanxiang I200 256GB,3218
Fanxiang S100 1TB,2869
Fanxiang S100 128GB,3065
Fanxiang S100 256GB,3464
Fanxiang S100 512GB,3345
Fanxiang S100E 120GB,2744
Fanxiang S101 1TB,3287
Fanxiang S101 2TB,4433
Fanxiang S101 4TB,5732
Fanxiang S101 120GB,2634
Fanxiang S101 128GB,3250
Fanxiang S101 240GB,3122
Fanxiang S101 250GB,3455
Fanxiang S101 256GB,3036
Fanxiang S101 500GB,3512
Fanxiang S101 512GB,3032
Fanxiang S101/120GB,2592
Fanxiang S101Q 1TB,3670
Fanxiang S101Q 2TB,2357
Fanxiang S101Q 256GB,3421
Fanxiang S101Q 512GB,3633
Fanxiang S102 Pro 1TB,3526
Fanxiang S102 Pro 2TB,3131
Fanxiang S102 Pro 500GB,2459
Fanxiang S109 1TB,3986
Fanxiang S109 2TB,4109
Fanxiang S201 1TB,3794
Fanxiang S201 128GB,3276
Fanxiang S201 256GB,3306
Fanxiang S201 512GB,3524
Fanxiang S301 1TB,3490
Fanxiang S301 256GB,3484
Fanxiang S500 512GB SSD,17372
Fanxiang S500 PRO 1TB SSD,20997
Fanxiang S500 PRO 2TB SSD,20663
Fanxiang S500 PRO 256GB,15911
Fanxiang S500 PRO 512GB,18493
Fanxiang S501 1TB,15271
Fanxiang S501 128GB,8761
Fanxiang S501 256GB,13564
Fanxiang S501 512GB,13283
Fanxiang S501Q 1TB,20141
Fanxiang S501Q 2TB,24428
Fanxiang S501Q 4TB,22059
Fanxiang S501Q 512GB,16008
Fanxiang S630 2TB,20844
Fanxiang S660 1TB,30493
Fanxiang S660 2TB,32426
Fanxiang S660 4TB,25528
Fanxiang S660 500GB,25007
Fanxiang S660 2000GB,16733
Fanxiang S690 2TB,34162
Fanxiang S690MQ 2TB,22752
Fanxiang S690Q 1TB,22167
Fanxiang S690Q 2TB,30619
Fanxiang S700 1TB,27173
Fanxiang S770 1TB,38849
Fanxiang S770 2TB,43537
Fanxiang S770 4TB,49153
Fanxiang S790 1TB,41981
Fanxiang S790 2TB,43958
Fanxiang S790 4TB,39697
Fanxiang S880 1TB,43802
Fanxiang S880 2TB,42785
Fanxiang S880 4TB,42765
Fanxiang S880E 1TB,36161
Fanxiang S880E 2TB,40130
Fanxiang S880E 4TB,39180
Fanxiang S880E 500GB,28679
Fanxiang S900 2TB,23450
Fanxiang S900Pro 2TB,57814
Fanxiang S910MAX 2TB,93636
Fanxiang S910Pro 1TB,65401
Fanxiang S910Pro 2TB,91408
Fanxiang SP610 1TB,27645
Fas 256GB,3246
FAS 256GB M.2,3146
Faspeed F510-120G,3131
Faspeed F710-250G,3597
faspeed H5-60G PLUS,2433
faspeed H5-120G,2203
faspeed H5-120G PLUS,2925
FASPEED K5-120G,2436
faspeed K5-240G,2754
faspeed K5-512G,3590
faspeed K7-128G-CD,3236
faspeed K7-256G-CD,2922
faspeed K7N8-256GF,3519
faspeed M3-360G,2658
faspeed P8-1TB,22094
faspeed P8-1TB-LB1,22621
faspeed P8-1TB-SE,26766
faspeed P8-512G,10807
faspeed P8-512G-SE,24235
faspeed P9-1TB,25905
FAST PLUS M.2 256GB NVMe,14326
FAST PLUS M.2 512GB NVMe,18808
FASTDISK32G,504
FASTDISK 64GB SSD,2277
FASTDISK 120G,1319
Fastro MS150-1TB,15311
Fastro MS150-512GB,14102
FATTYDOVE SSD 120GB,2714
FATTYDOVE SSD 240GB,3684
FATTYDOVE SSD 960GB,4117
Fc700 256GB,3665
FCCT120M500SSD1,2496
FCCT128M4SSD1,2130
FCCT240M500SSD1,2919
FCCT256M4SSD1,2368
FCCT256M 4SSD1,2460
FCCT480M500SSD1,3866
FCCT512M4SSD1,2640
FCCT960M500SSD1,3150
FCN806-256G SSD,10341
FCN806-512G SSD,19089
FCS-240GB,2676
FCS-480GB,2817
FCS-512GB,4292
FDMP8960GFCS11G1,18529
Feather P12 256GB,3602
Fenix SSD 120GB,2432
Ferly 2TB,833
Feuvision C970 M.2 2280 NVMe 1TB SSD,30348
FIKWOT FN203 1TB,3801
FIKWOT FN203 2TB,3228
FIKWOT FN203 256GB,3854
FIKWOT FN203 512GB,3997
FIKWOT FN500 1TB,15180
FIKWOT FN500 256GB,8622
FIKWOT FN500 512GB,13654
FIKWOT FN501 Pro 1TB,16933
FIKWOT FN501 Pro 2TB,20161
FIKWOT FN501 Pro 256GB,15797
FIKWOT FN501 Pro 512GB,14787
FIKWOT FN501Pro 1TB,23957
FIKWOT FN501Pro 256GB,17498
FIKWOT FN501Pro 512GB,19805
FIKWOT FN950 1TB,33979
FIKWOT FN950 2TB,34788
FIKWOT FN950 4TB,25841
FIKWOT FN955 1TB,44303
FIKWOT FN955 2TB,44741
FIKWOT FN955 2TB SSD,47325
FIKWOT FN955 4TB,39933
FIKWOT FN960 1TB,31528
FIKWOT FN960 2TB,34374
FIKWOT FN960 4TB,25160
FIKWOT FN960 512GB,24026
FIKWOT FN970 1TB,31260
FIKWOT FN970 2TB,37017
Fikwot FN970 4TB SSD,54858
FIKWOT FS810 1TB,3435
FIKWOT FS810 2TB,3414
FIKWOT FS810 128GB,3403
FIKWOT FS810 250GB,3549
FIKWOT FS810 256GB,3020
FIKWOT FS810 500GB,3370
FIKWOT FS810 512GB,3329
FIKWOT FX550 1TB,17801
FIKWOT FX550 4TB,22839
FIKWOT FX550 512GB,15157
FIKWOT FX660 1TB,23059
FIKWOT FX660 2TB,26232
FIKWOT FX812 Pro 1TB,4127
FIKWOT FX815 1TB,3504
FIKWOT FX815 2TB,3687
FIKWOT FX815 256GB,2955
FIKWOT FX815 512GB,3184
FIKWOT FX991 1TB,38469
FIKWOT FX991 2TB,40680
FIKWOT FX991 4TB,44920
FIKWOT FX991 500GB,28785
Firebat FEQC34A-512G,15749
Firebat FEQC34C-512G,15489
FIREBAT FET34-512G,14176
FIREBAT FETB340512G,21585
FIREBAT FETB441024G,36156
Firebat FETE34-512G,22277
FIREBAT FETW34-512G,13877
Firebat FETW34B-512G,18251
FIREBAT FSQA-256G,2515
Firebat FSTE30-512GB,3925
Firebat FSTW30-512G,3743
FLEJN512GA87EC0,21389
FLENN001TA87FC0,47215
FLENN512GA87FC0,30805
FLY PV100 PCIe NVMe 512GB,16093
FLY SV100-3 240GB,3358
Flyjie AK-800 120GB SSD,3816
Flyjie AK-800 128GB SSD,3601
FNX1TBMORM,2347
FNX256MORM,3103
FNX512MORM,3179
FNX 240GB,3343
FNX 256GB,2847
FNX NVMe 3.0 256GB,13712
FO-SSD-PLUS1TB,37483
FO-SSD-PLUS2TB,42359
FO-SSD-PRO1TB,43937
FO-SSD-PRO2TB,45426
Focal FC700 512GB SSD,3985
Focal M.2 SSD 256GB,3163
Force Le 200 256GB,3209
Force MP300,8212
Force MP510,21441
Force MP600,28641
Fordisk SSD 120GB,1341
FORESEE 1TB SSD,13044
Foresee 32GB,426
FORESEE 32GB SSD,1029
Foresee 64GB,539
FORESEE 64GB SSD,2040
FORESEE 120GB SSD,2506
FORESEE 128GB SSD,3028
FORESEE 256GB SSD,4292
FORESEE 512GB SSD,11147
FORESEE B301G032G,220
FORESEE B301G064G,366
FORESEE C2G072,5071
FORESEE FSB0C512G-B7C0700,16223
FORESEE G500F256GB,3859
FORESEE P709F128G,5685
FORESEE P900F128GBH,5040
FORESEE P900F128GH,6372
FORESEE P900F256GBH,5651
FORESEE S50AF512GB,4031
FORESEE S600M064G,3005
FORESEE VP1000F256G,16253
FORESEE VP1000F512G,19494
FORESEE WP1000F512G,20948
FORESEE XP1000F001T,24350
FORESEE XP1000F128G,8041
FORESEE XP1000F256G,16096
FORESEE XP1000F512G,20464
FORESEE XP1100F512G,14170
FORESEE XP2000F001T,24552
FORESEE XP2000F128G,9496
FORESEE XP2000F256G,19806
FORESEE XP2000F512G,26911
FORESEE XP2000F512K,25161
FORESEE XP2100F001T,32073
FORESEE XP2100F256G,18493
FORESEE XP2100F512G,28734
FORESEE XS300F256G,3804
FORSA SSD 120GB,1469
FOX SPIRIT PM18 240GB,12252
FOX SPIRIT PM18 480GB,13057
FOX SPIRIT PM18 960GB,12117
Foxin 128GB,3962
Foxin 256GB,3826
FOXIN FX 256 PRO,2734
FOXLINE FLDMHS064G,3755
FPE220M8SSD512G,15458
FPI1TBMWR7,16777
FPI512MWR7,15511
FPT310M4SSD128G,3670
FPT310M4SSD256G,3900
FPT310M4SSD512G,3840
FPT310M8SSD128G,2928
FPT310M8SSD256G,4150
FPT310M8SSD512G,3724
FRONTECH SSD 256GB,7095
FRONTECH SSD 512GB,4600
FSA-256G FSA-256GB,4081
FSB-128GB,2255
FSB-240GB,3008
FSX-120GB,4045
FSX-240GB,4249
FTM1TN325H,2520
FTM24N325H,2321
FTM28N325H,2402
FTM48N325H,2536
FTM51N325H,2959
FTM56N325H,2553
FTX-SSD 2.5 480G,2749
FUHLER C2004 120GB,3996
Fujits F500-256GB,4759
Fujitsu 120GB SSD,1812
Fujitsu F100-128GB,2301
Fujitsu F100-256GB,3807
Fujitsu F100-256GB SSD,3124
Fujitsu F200 120GB,2408
Fujitsu F200 SSD 240GB,3077
Fujitsu F300 240GB,4121
Fujitsu F500-128GB,3364
Fujitsu F500-256GB,3376
Fujitsu F500M2 M.2 Series SSD,9723
Fujitsu F500s 1TB,2907
Fujitsu F500S-120GB,2134
Fujitsu F500S-240GB,1524
FUJITSU MAX3073RC,579
FUJITSU MAX3147RC,564
FUJITSU MBA3073RC,633
FUJITSU MBA3147RC,611
FUJITSU MBA3300RC,564
FUJITSU MHS2040AT D,125
FUJITSU MHT2030AT,132
FUJITSU MHT2040AH,196
FUJITSU MHT2040AT,149
FUJITSU MHT2040BH,193
FUJITSU MHT2060AH,198
FUJITSU MHT2060AT,132
FUJITSU MHT2060BH,191
FUJITSU MHT2080AH,192
FUJITSU MHT2080AT,170
FUJITSU MHT2080BH,193
FUJITSU MHU2100AT,182
FUJITSU MHV2040AH,186
FUJITSU MHV2040AT,152
FUJITSU MHV2040BH,185
FUJITSU MHV2060AH,220
FUJITSU MHV2060AT,191
FUJITSU MHV2060BH,211
FUJITSU MHV2080AH,214
FUJITSU MHV2080AT,171
FUJITSU MHV2080BH,215
FUJITSU MHV2080BHPL,221
FUJITSU MHV2100AH,230
FUJITSU MHV2100AT,166
FUJITSU MHV2100BH,210
FUJITSU MHV2120AH,239
FUJITSU MHV2120AT,168
FUJITSU MHV2120BH,271
FUJITSU MHV2160BT,173
FUJITSU MHV2200BT,196
FUJITSU MHW2040BH,200
FUJITSU MHW2060BH,225
FUJITSU MHW2080AT,199
FUJITSU MHW2080BH,265
FUJITSU MHW2080BJ,302
FUJITSU MHW2100BH,211
FUJITSU MHW2120BH,206
FUJITSU MHW2120BJ,293
FUJITSU MHW2160BH,1513
FUJITSU MHW2160BJ,329
FUJITSU MHX2250BT,205
FUJITSU MHX2300BT,210
FUJITSU MHY2060BH,287
FUJITSU MHY2080BH,274
FUJITSU MHY2120BH,277
FUJITSU MHY2160BH,268
FUJITSU MHY2200BH,277
FUJITSU MHY2250BH,322
FUJITSU MHZ2080BH,336
FUJITSU MHZ2080BJ,424
FUJITSU MHZ2120BH,317
FUJITSU MHZ2160BH,360
FUJITSU MHZ2160BJ,417
FUJITSU MHZ2250BH,301
FUJITSU MHZ2250BJ,328
FUJITSU MHZ2250BJ G2,342
FUJITSU MHZ2250CJ,410
FUJITSU MHZ2320BH,359
FUJITSU MHZ2320BJ,436
FUJITSU MHZ2400BT,252
FUJITSU MHZ2500BT,274
FUJITSU MJA2080BH,387
FUJITSU MJA2160BH,416
FUJITSU MJA2160CH,372
FUJITSU MJA2250BH,470
FUJITSU MJA2320BH,401
FUJITSU MJA2500BH,447
FUJITSU MPF3102AT,115
Fujitsu SSD256GB,3664
Fujitsu SSD 64GB,1320
Fujitsu SSD 128GB,2710
Fujitsu SSD 256GB,4629
Fujitus F200 120GB,2529
FURY,3207
FURY 128GB,3765
FURY 256GB,2791
Fusion-io 410GB ioScale2,7421
Fusion-io ioFX 420GB,4492
Fusion-io ioXtreme 180GB,3599
FuturePath M600 2242 1TB,3467
FuturePath M600 2242 512GB,4163
FuturePath SSD,2804
G300-240GB,4275
G310 256GB PCle 3.0 (M.2 2280),13384
G521N256GB,3086
G521N 256G,3316
G521N 256GB,3088
G521N 512G,3220
G537N1 256G,4193
G537N2 512G,3912
G537N 1TB,3375
G537N 256G,3905
G537N 512G,3906
G537NQ 1T,3640
G539N1 512G,3579
G539N 512G,3274
G930E 256G,10678
G932E1 512G,22167
G932E1M 512G,23558
G932E1Q 1T,19657
G932E3 512G,20970
G932E 1TB,22930
G932E 512G,21313
G932EM 512G,20500
G932EQ 1T,15836
G932EQM 1T,14227
G945E2 1T,42442
G946E 1T,35237
G-Monster V3 SSD 128GB,1076
G-Monster-V3 SSD 128GB,896
G-Storategy NV470 1TB,47123
G.SKILL 128GB SSD,674
G.SKILL FALCON 128GB SSD,1021
G.SKILL FALCON 256GB SSD,1053
G.SKILL FM-25S3-240GPF,2659
G.SKILL Phoenix Blade 480GB,10453
G.SKILL TITAN 256GB SSD,972
GALAX GX024010A100-A1,2868
GALAX GXTA1B0120A,1475
GALAX GXTA1C0120A,3473
GALAX GXTA1C0240A,3596
GALAX GXTA1C0480A,4484
GALAX TA1C0120A,4218
GALAX TA1C0240A,4079
GALAX TA1C0480A,4834
GALAX TA1D0120A,2230
GALAX TA1D0240A,2705
GALAX TA1D0480A,2938
GALAX TA 1D0120A,3210
GALAX XA1R0500N,23649
Galaxy GX0120ML103,2045
GAMER 120MG100-A1,3593
GAMER 240MG100-B1,3298
GAMER L TA1D0120A,2742
GAMER L TA1D0240A,2932
GAMER L TA1D0480A,4589
Gamestop,47774
GB0160CAABV,423
GB SSD,3221
GB0250EAFYK,662
GB0500EAFJH,665
GB0500EAFYL,700
GB0750C4414,462
GB1000EAMYC,677
GC480,3743
GeIL P3A 1TB,16956
GeIL P3L 1TB,17698
GeIL P3L 256GB,14938
GeIL P3L 512GB,13566
GeIL P4H 512GB,22172
GeIL P4L 2TB,24791
GeIL P4L 512GB,18427
GeIL P4P 1TB,44065
GeIL P4S 2TB,43833
GeIL R3 1TB,2679
GeIL R3 256GB,2290
GeIL R3 512GB,3237
GeIL Z3 128GB,3030
GeIL Z3 256GB,2658
GeIL Z3 512GB,2782
GeIL ZEN ITH S3-120GB,3518
GeIL ZEN ITH S3-240GB,3389
GeIL Zenith A3 120GB,1955
GeIL ZENITH A3-120GB,2512
GeIL Zenith A3-240GB,3070
GeIL Zenith A3-PRO 120GB,3042
GeIL Zenith A3-PRO 240GB,3276
GeIL Zenith A3-PRO 480GB,4343
GeIL ZENITH R3 120GB,3037
GeIL ZENITH R3 240GB,3622
GeIL ZENITH S3-120GB,3335
GeIL ZENITH S3-240GB,3801
GeIL ZENITH-A3 60GB,1906
GeIL ZENITH-A3 240GB,3588
GelL ZENITH R3 240GB,4233
GelL ZENlTH R3 120GB,1695
GEN3 NVME M.2 SSD 512GB,11323
General UDisk USB,368
General USB Flash USB,107
General USB USB,579
Generic 58A441,841
Generic 58K721,835
Generic 58K722,846
Generic A3A442,1289
Generic A3A444,1416
Generic A3A562,1428
Generic A3A564,1657
Generic A3V012,1144
Generic A3V014,1337
Generic AKJ21X,1417
Generic ARV21X,1155
Generic Biwin,1162
Generic C9C761,1710
Generic External USB,393
Generic Flash USB,222
Generic G1J38E,1153
Generic G1J39E,1177
Generic ISOCOM,866
Generic M0S002,748
Generic MMC128,1308
Generic MMC256,1161
Generic S0J59X,790
Generic SA7211,1226
Generic SCA64G,1194
Generic SCA128,1317
Generic SCA256,1423
Generic SCY,1463
Generic SLD128,843
Generic SPeMMC,869
Generic UY6CS0,1225
Generic UY7CS0,1696
Generic Y0S128,1386
GenMachine-NVMe1TB,22624
GenMachine-NVMe256G,15876
GenMachine-NVMe256GB,13304
GenMachine-NVMe512G,14874
Genuine ssd 128gb,2450
Genuine ssd 256gb,3046
GEONIX GLOBAL M.2 256GB,3248
Geonix Gold 256GB,3097
Geonix Gold Edition 256GB,3750
Geonix Nvme 128GB,8033
Geonix Supersonic 256GB,3084
GEONIXGOLD256,2448
GGM,44197
GH-SSDR2SA120,3455
GH-SSDR2SA240,3248
GH-SSDR2SA480,2446
GIGABYTE AG450E1TB-G,28851
GIGABYTE AG450E2TB-G,39755
GIGABYTE AG450E500G-G,28141
GIGABYTE AG450E512-SI,29775
GIGABYTE AG450E1024-G,33169
GIGABYTE AG450E1024-SI,33391
GIGABYTE AG470E1TB,48546
GIGABYTE AG470S1TB-SI B10,42763
GIGABYTE AG474E1TB-SI,37789
GIGABYTE AG474E512GB-SI,37872
GIGABYTE AG514K4TB,59731
GIGABYTE AG4512G-SI B10,21051
GIGABYTE AG4731TB N,42203
Gigabyte AORUS 2TB SSD,30319
Gigabyte AORUS 7300 2TB SSD,50521
Gigabyte AORUS 12000 1TB,49232
Gigabyte AORUS 14000 1TB SSD,66978
Gigabyte AORUS 14000 2TB SSD,73689
GIGABYTE AORUS Gen5 12000 1TB,58513
GIGABYTE AORUS Gen5 12000 2TB,71756
Gigabyte AORUS NVMe Gen4 M.2 1TB,28119
Gigabyte AORUS RGB M.2 NVMe 256GB,11002
Gigabyte AORUS RGB M.2 NVMe 512GB,16566
GIGABYTE G3NVMEV2256G,16758
GIGABYTE G325E1TB,15448
GIGABYTE G325E2TB,15571
GIGABYTE G325E500G,13005
GIGABYTE G440E1TB,27570
GIGABYTE G440E250G,16638
GIGABYTE G440E500G,23182
GIGABYTE GM21TB,24701
GIGABYTE GM2500G,17399
GIGABYTE GP-AG41,22311
GIGABYTE GP-AG41TB,30015
GIGABYTE GP-AG42TB,31144
GIGABYTE GP-AG45,26344
GIGABYTE GP-AG70,43108
GIGABYTE GP-AG70S1TB,36514
GIGABYTE GP-AG70S1TB-P,40777
GIGABYTE GP-AG70S2TB,42489
GIGABYTE GP-AG70S2TB-P,38252
GIGABYTE GP-AG4500G,22291
GIGABYTE GP-ASACNE2100TTTDR,19612
GIGABYTE GP-ASACNE2512GTTDR,14951
GIGABYTE GP-ASM2,30629
GIGABYTE GP-ASM2NE2256GTTDR,13669
GIGABYTE GP-ASM2NE6500GTTD,21214
GIGABYTE GP-GM301TB-G,21350
GIGABYTE GP-GM30512G-G,21568
GIGABYTE GP-GSM2NE3100TNTD,16042
GIGABYTE GP-GSM2NE3128GNTD,9384
GIGABYTE GP-GSM2NE3256GNTD,12157
GIGABYTE GP-GSM2NE3512GNTD,15257
GIGABYTE GP-GSTFS30256GTTD,3362
GIGABYTE GP-GSTFS30512GTTD,3979
GIGABYTE GP-GSTFS31100TNTD,3464
GIGABYTE GP-GSTFS31120GNTD,2873
GIGABYTE GP-GSTFS31240GN,3325
GIGABYTE GP-GSTFS31240GNTD,3111
GIGABYTE GP-GSTFS31256GNTD,4289
GIGABYTE GP-GSTFS31256GTND,3764
GIGABYTE GP-GSTFS31480GNTD,3456
GIGABYTE GP-GSTFS31960GNTD-V,3984
Gigabyte M.2 PCIe SSD 128GB,5569
Gigabyte M.2 PCIe SSD 256GB,7158
Gigabyte M.2 SSD 512GB,8385
GigaCrysta SSDGC,13817
Gigaston e SS6200-128GB,2803
Gigastone Prime Series,3091
Gigastone SS6200-128GB,2489
Gigastone SSD,3556
GIGASTONE SSD 256GB,3476
GIM128,3055
GIM256,3231
GIN-128-2280,2550
GK 120GB,3522
GKH89-128GB,2468
Gloway AN4 Plus 1TB SSD,49438
GLOWAY FER120GS3-S7,2166
GLOWAY FER240GS3-S7,2531
GLOWAY STK240GS3-S7,2682
GLOWAY STK256GS3-S7,3573
GLOWAY STK480GS3-S7,2708
GLOWAY STK720GS3-S7,2985
GLOWAY WAR PRO T300 120G,3014
GLOWAY WAR PRO T300 240G,2810
GLOWAY YCT2TNVMe-M.2/80,37653
Glowy 120GB,2785
Glowy 240GB,2242
GM256,3017
GM2256G,3531
GM-128,2103
GM-256,3314
GMNV512C,12380
GMR-NVME.N24-1024GB,12653
GMSA240C,2516
GN128,2580
GN256,3434
GN512,9061
GN-256-2242,3169
GN-SSD-SH/240GB,3720
GN-SSD-SH/480GB,2682
Go-Infinity,4071
GOFATOO 1TB SSD,19689
GOFATOO 2TB SSD,20154
GOFATOO 128GB SSD,3980
GOFATOO 256GB SSD,5602
GOFATOO 512GB SSD,15100
GOFATOO NVMe 1TB SSD,23664
GOLDEN MEMORY-1TB,13819
GOLDEN MEMORY-120GB,3014
GOLDEN MEMORY-128GB,3417
GOLDEN MEMORY-240GB,2137
GOLDEN MEMORY-256GB,6765
GOLDEN MEMORY-480GB,2988
GOLDEN MEMORY-512GB,4969
Golderfir T650-30GB,3658
Goline-120,3326
Goline-240,3887
GOODRAM C40,2489
GOODRAM C50,2492
GOODRAM C100,3208
GOODRAM CX100,3138
GOODRAM IRIDIUM PRO 240GB,2213
GOODRAM IRIDIUM PRO 480GB,1474
Google PersistentDisk,4542
Gost SSD120 120GB,2460
Gost SSD240 240GB,3291
GRAVITON SSD-256G3P4-M201,11214
Great Wall GT35 512GB,18678
Great Wall GW560 512GB,2242
Great Wall GW3300 256GB,16815
Great Wall GW3500 512GB,20826
GRITRONIX,3283
Gritronix M.2 2280 256GB,3057
GRITRONIX SSD 256GB,2358
GS128,2475
GS512,2578
GS-256,3122
GSDFN512TS3F1OGCX,13602
GSDSM128TY2F1QGCX,3415
GSkill FM-25S2I-64GBFII,963
GSkill FM-25S2I-128GBFII,1147
GSkill FM-25S2S -120GBP2,1912
GSkill FM-25S2S-60GBP2,1662
GSkill FM-25S2S-80GBP2,1554
GSkill FM-25S2S-120GBP2,1785
GSkill FM-25S3-120GBP3,2175
GSkill FM-25S3-240GBP3,2716
GSkill FM-25S3- 120GBP3,2535
GSkill FM-25S3- 240GBP3,3056
GT50912-SSD 120GB 2.53,3035
GT50913-SSD 240GB 2.5,2460
GT50913-SSD 240GB 2.53,3032
GT55912-SSD 120GB 2.53,2088
GT55914-SSD 240GB 2.53,1306
GTAESO01TBTLSW-J1C-4,34783
GTAESO256GTLSW-J1C-2,18093
GV512,8300
GV-1TB,11609
GV-1TB-2280,12827
GV-128-2280,7552
GV-256,13622
GV-256 2280,11910
GV-256-2280,11816
GV-512 2280,11842
GV-512-2280,13796
GVE-1TB-2280,18531
GVL-1TB,21766
GVL-1TB 2280,22859
GVL-2TB,18860
GVR1TB,17539
GVR512,13319
GXF-1TB PRO,38371
GXF-1TB-2280-PRO,50741
GXF-512 PRO,36589
GXF-Q-2TB-2280-PRO,39736
GXF-R-1TB-2280,31114
GXF-R-512-2280,23702
GXF-S-1TB PRO 2280,49716
GXNVME128,3975
H10 HBRPEKNX0101A NVMe INTEL 256GB,5695
H10 HBRPEKNX0202A NVMe INTEL 512GB,9246
H10 HBRPEKNX0203A NVMe INTEL 1TB,13526
H20 HBRPEKNL0202A NVMe INTEL 512GB,13284
H20 HBRPEKNL0203A NVMe INTEL 1024GB,14506
Hajaan 240G,2369
HAJAAN HS1TBE 1TB,3234
HAJAAN HS1TBQE 1TB,3492
HAJAAN HS256E 256GB,2977
HAJAAN HS512E 512GB,3114
Hanstor NVMe 256GB,10382
Hanye E26-512GTN1,15905
Hanye E30-2TBTN1,17938
Hanye HE70-1TBNHS1,41343
Hanye HE70-2TBNHS1,44394
Hanye HE70-4TBNHS1,48513
Hanye HE71-2TBNDGH,39514
Hanye HE80-4TGHS,34988
Hanye ME70-2TA01,39256
Hanye Q60-1TST3,3507
Hanye Q60-256GST3,3295
Hanye Q60-512GST3,2809
Hanye-Q55-256GSY04,3118
Hanye-Q55-512GSY04,4005
HARDDISK,2570
harddisk SSD,54246
Haste-GD-303,3304
HCESR512GHLCA1-E9C-2,25622
HECTRON HECX1-60G,1529
HECTRON HECX1-120G,3289
HECTRON HECX1-240G,3054
HFB1M8MH331C0MR,9812
HFB1M8MO331C0MR,9974
HFB1M8MQ331C0MR,6005
HFM001TD3GX013N-SKhynix,20052
HFM001TD3HX015N,22820
HFM001TD3JX013N,23170
HFM001TD3JX016N,21771
HFM128GD3GX013N-SKhynix,9401
HFM128GD3JX013N,8318
HFM128GD3JX016N,9360
HFM128GDGTNG-87A0A,6188
HFM128GDHTNG-8310A,5248
HFM128GDHTNG-8310B,5210
HFM128GDHTNG-8510B,5288
HFM128GDJTNG-8310A,5485
HFM256GD3GX013N-SKhynix,16933
HFM256GD3JX016N,17332
HFM256GDGTNG-87A0A,9696
HFM256GDGTNI-82A0A,10098
HFM256GDHTNG-8310A,8693
HFM256GDHTNG-8510B,9327
HFM256GDJTNG-8310A,9247
HFM256GDJTNI-82A0A,9372
HFM512GD3GX013N-SKhynix,20961
HFM512GD3JX016N,20497
HFM512GDGTNG-87A0A,10194
HFM512GDGTNI-82A0A,12032
HFM512GDHTNG-8310A,9602
HFM512GDHTNG-8710B,9618
HFM512GDJTNG-8310A,8963
HFS1T9GDE0X098N,22236
HFS001TD9TNG-L2A0A,21102
HFS001TDE9X073N,23548
HFS001TEJ3X108N-SKhynix,26597
HFS001TEJ9X101N,42073
HFS001TEJ9X101N-SKhynix,35486
HFS001TEJ9X108N,26059
HFS001TEJ9X110N,27856
HFS001TEJ9X125N,39519
HFS001TEM9X170N,43370
HFS001TEM9X174N,45827
HFS001TFM9X186N,63690
HFS002TEJ9X125N,38283
HFS002TFM9X186N,74073
HFS7T6GEEWX091N,21835
HFS032G3AMNB-2200A,1600
HFS032G34MNB-2200A,2177
HFS064G3AMNB-2200A,2964
HFS120G32TND-N1A0A,3039
HFS120G32TND-N1A2A,4121
HFS128G3 2MND-3212A,3338
HFS128G3 HFS128G3AMNB-220,3322
HFS128G3AMNB-2200A,3699
HFS128G3BMND-3210A,3025
HFS128G3BTND-N210A,2636
HFS128G32MNB-2202A,3141
HFS128G32MND-2200A,2790
HFS128G32MND-2900A,2978
HFS128G32MND-3312A,3112
HFS128G32TND-N210A,2699
HFS128G32TNF-N3A0A,2789
HFS128G36MNB-2300A,3233
HFS128G38MNB-2200A,3284
HFS128G39MNC-2300A,3461
HFS128G39MNC-3310A,3894
HFS128G39MNC-3510A,3822
HFS128G39MND-3310A,3195
HFS128G39MND-3510A,3093
HFS128G39TND-N210A,2682
HFS128G39TNF-N3A0A,2937
HFS250G3 2TND-3112A,3589
HFS250G3 2TND-N1A2A,3762
HFS250G32TND-3110A,4217
HFS250G32TND-3112A,3764
HFS250G32TND-N1A0A,4270
HFS250G32TND-N1A2A,3397
HFS256G3AMNB-2200A,3532
HFS256G3BTND-N210A,3216
HFS256G32MNB-2200A,3641
HFS256G32MNB-2202A,3772
HFS256G32MND-2200A,3408
HFS256G32MND-2900A,3604
HFS256G32TND-N210A,3373
HFS256G32TNF-N2A2A,4015
HFS256G32TNF-N3A0A,4113
HFS256G32TNH-73A0A,3767
HFS256G38MNB-2200A,3284
HFS256G39MND-2300A,3434
HFS256G39MND-3310A,3987
HFS256G39MND-3510A,4055
HFS256G39TND-N210A,3249
HFS256G39TNF-N3A0A,4145
HFS256G39TNH-73A0A,3856
HFS256GD9TNG-62A0A,8602
HFS256GD9TNG-L2A0A,13536
HFS256GEJ3X108N-SKhynix,22858
HFS256GEJ9X101N,23776
HFS256GEJ9X108N,18644
HFS256GEJ9X110N,19745
HFS480G3H2X069N,4163
HFS500G32TND-3112A,4090
HFS500G32TND-N1A2A,4811
HFS512G32MND-3210A,4338
HFS512G39MND-3310A,4237
HFS512G39MND-3510A,4500
HFS512G39TND-N210A,4150
HFS512G39TNF-N3A0A,4397
HFS512GD9TNG-L2A0A,20034
HFS512GEJ3X108N-SKhynix,25955
HFS512GEJ9X101N,30689
HFS512GEJ9X108N,23610
HFS512GEJ9X110N,26418
HFS512GEM9X174N,39721
HFS960GD0MEE-5410A,8708
HGST HCC545032A7E380,483
HGST HCC545050A7E380,552
HGST HDN721010ALE604,129
HGST HDN724030ALE640,821
HGST HDN724040ALE640,902
HGST HDN728080ALE604,1526
HGST HDS724040ALE640,894
HGST HTE545032A7E380,559
HGST HTE545032A7E680,568
HGST HTE721010A9E630,861
HGST HTE725032A7E630,637
HGST HTE725050A7E630,630
HGST HTS541010A,729
HGST HTS541010A7E630,785
HGST HTS541010A7E6300,666
HGST HTS541010A9,657
HGST HTS541010A9E680,602
HGST HTS541010A9E6800,633
HGST HTS541010B7E610,787
HGST HTS541050A9E680,527
HGST HTS541064A9E680,551
HGST HTS541075A,705
HGST HTS541075A7E630,609
HGST HTS541075A9,571
HGST HTS541075A9E680,581
HGST HTS541075A9E6800,592
HGST HTS541515A9E630,631
HGST HTS545025A7E330,565
HGST HTS545025A7E380,612
HGST HTS545032A7E380,449
HGST HTS545032A7E660,454
HGST HTS545032A7E680,504
HGST HTS545050A,690
HGST HTS545050A7,608
HGST HTS545050A7E380,563
HGST HTS545050A7E660,587
HGST HTS545050A7E680,595
HGST HTS545050A7E3800,549
HGST HTS545050A7E6800,598
HGST HTS545050B7E660,651
HGST HTS721010A9,786
HGST HTS721010A9E630,805
HGST HTS721010A9E6300,759
HGST HTS721050A9E630,766
HGST HTS721075A9E630,721
HGST HTS721075A9E6300,597
HGST HTS725025A7E630,771
HGST HTS725032A7,577
HGST HTS725032A7E630,627
HGST HTS725032A7E635 OPAL,594
HGST HTS725032A7E6300,630
HGST HTS725050A7,762
HGST HTS725050A7E630,765
HGST HTS725050A7E635,750
HGST HTS725050A7E635 OPAL,728
HGST HTS725050A7E6300,720
HGST HTS725050A7E6355,749
HGST HTS725050B7E630,950
HGST HTS 541010A9E680,615
HGST HTS 541075A9E680,631
HGST HTS 545032A7E380,473
HGST HTS 545032A7E680,479
HGST HTS 545050A7E380,587
HGST HTS 545050A7E680,625
HGST HTS 721010A9E630,840
HGST HTS 725032A7E630,631
HGST HTS 725050A7E630,748
HGST HUC101860CSS200,1593
HGST HUH721010ALE604,1544
HGST HUH721212ALE600,1397
HGST HUH728080AL5200,1475
HGST HUH728080ALE600,1417
HGST HUH728080ALE604,1281
HGST HUS722T1TALA604,1221
HGST HUS728T8TALE6L4,1277
HGST HUS724020ALA640,1090
HGST HUS724020ALE640,818
HGST HUS724030ALA640,4437
HGST HUS724040ALA640,13056
HGST HUS724040ALE640,1024
HGST HUS726020ALA610,1157
HGST HUS 726020ALE610,1244
HGST HUSMM1680ASS200,5518
HI-LEVEL ELITE SERI 256GB,3547
HI-LEVEL ELITE SERI 512GB,3277
HI-LEVEL ELITE SERIES 1TB,3238
HI-LEVEL Elite Series 128GB,2649
HI-LEVEL Elite Series 256GB,2944
HI-LEVEL ELITE SERIES 256GB SSD,3175
HI-LEVEL Elite Series 512GB,3008
HI-LEVEL NVMe PCIe 3.0 1 TB,15818
HI-LEVEL NVMe PCIe 3.0 1TB,18772
HI-LEVEL NVMe PCIe 3.0 256GB,15363
HI-LEVEL NVMe PCIe 3.0 512GB,20038
HI-LEVEL NVMe PCIe G4x4 2TB,31014
HI-LEVEL NVMe PCle 3.0 1TB,22794
HI-LEVEL NVMe PCle 3.0 512GB,21776
HI-LEVEL Ultra Series 120GB,2509
HI-LEVEL Ultra Series 240GB,2729
HighPoint SSD6202,30377
HighPoint SSD6204,20867
HighRel 1TB SSD,23421
HighRel 256GB SSD,14862
HighRel 512G SSD,15396
HighRel 512GB SSD,17320
HIKSEMI HS FUTURE 1TB,44754
HIKSEMI HS FUTURE 2TB,42808
HIKSEMI HS FUTURE 512GB,37826
HIKSEMI HS FUTURE Eco 1TB,28286
HIKSEMI HS FUTURE Eco 512GB,24248
HIKSEMI HS FUTURE Lite 1TB,41063
HIKSEMI HS FUTURE Lite 2TB,45341
Hitach HDS721010CLA332,760
Hitach HTS545050A7E380,946
Hitachi DK13FA-40B,109
Hitachi DK23DA-20,128
Hitachi DK23EA-30,132
Hitachi DK23EA-40,129
Hitachi DK23EA-60,153
Hitachi DK23EB-40,166
Hitachi DK23FA-40,156
Hitachi DK23FA-60,134
Hitachi DK23FA-80,165
Hitachi HCC543216A7A380,462
Hitachi HCC543225A7A380,417
Hitachi HCC543232A7A380,446
Hitachi HCC545016B9A300,333
Hitachi HCC545025B9A300,397
Hitachi HCC545050A7E380,509
Hitachi HCC545050B9A300,411
Hitachi HCC547550A9E380,445
Hitachi HCP725025GLA380,500
Hitachi HCP725025GLAT80,454
Hitachi HCP725032GLA380,443
Hitachi HCP725050GLA,449
Hitachi HCP725050GLA380,542
Hitachi HCS5C1010CLA382,578
Hitachi HCS5C1010DLE630,769
Hitachi HCS5C1025CLA382,593
Hitachi HCS5C1032CLA382,422
Hitachi HCS5C1050CLA382,613
Hitachi HCS5C3232SLA380,469
Hitachi HCS545050GLA380,386
Hitachi HCS721010CLA332,663
Hitachi HCS721050CLA362,777
Hitachi HCS721050CLA382,723
Hitachi HCS725025VLA380,370
Hitachi HCS725040VLA380,458
Hitachi HCT721016SLA380,475
Hitachi HDC ROCKET SSD 120GB,2956
Hitachi HDC ROCKET SSD 240GB,2694
Hitachi HDE721010SLA,612
Hitachi HDE721010SLA330,699
Hitachi HDE721050SLA330,610
Hitachi HDE721064SLA360,535
Hitachi HDM2P3X4N1T,40285
Hitachi HDP72505,539
Hitachi HDP725016GLA,418
Hitachi HDP725016GLA380,441
Hitachi HDP725016GLAT80,460
Hitachi HDP725025GLA380,527
Hitachi HDP725025GLAT80,517
Hitachi HDP725032GLA,456
Hitachi HDP725032GLA360,466
Hitachi HDP725032GLA380,483
Hitachi HDP725032GLAT80,463
Hitachi HDP725040GLA360,484
Hitachi HDP725050GLA,499
Hitachi HDP725050GLA360,584
Hitachi HDP725050GLA380,531
Hitachi HDP725050GLAT80,512
Hitachi HDS5C1010CLA382,654
Hitachi HDS5C1010DLE630,965
Hitachi HDS5C1050CLA,661
Hitachi HDS5C1050CLA382,568
Hitachi HDS5C3015ALA632,673
Hitachi HDS5C3020ALA632,772
Hitachi HDS5C3020BLE630,906
Hitachi HDS5C3030ALA630,703
Hitachi HDS5C3030BLE630,872
Hitachi HDS72101,750
Hitachi HDS72105,675
Hitachi HDS72107,452
Hitachi HDS72168,399
Hitachi HDS72202,646
Hitachi HDS72251 6VLSA80,331
Hitachi HDS72252 5VLSA80,343
Hitachi HDS72258 0VLSA80,276
Hitachi HDS72301,796
Hitachi HDS72302,913
Hitachi HDS72505 0KLA360,333
Hitachi HDS72808 0PLA380,335
Hitachi HDS721010CLA,694
Hitachi HDS721010CLA330,742
Hitachi HDS721010CLA332,685
Hitachi HDS721010CLA630,2868
Hitachi HDS721010CLA632,720
Hitachi HDS721010DLE,949
Hitachi HDS721010DLE630,1459
Hitachi HDS721010KLA,455
Hitachi HDS721010KLA33R RSD HUA,485
Hitachi HDS721010KLA330,474
Hitachi HDS721016CLA,541
Hitachi HDS721016CLA380,423
Hitachi HDS721016CLA382,505
Hitachi HDS721025CLA,619
Hitachi HDS721025CLA382,646
Hitachi HDS721025CLA682,664
Hitachi HDS721032CLA,449
Hitachi HDS721032CLA362,511
Hitachi HDS721032CLA662,528
Hitachi HDS721050CLA,687
Hitachi HDS721050CLA360,701
Hitachi HDS721050CLA362,717
Hitachi HDS721050CLA660,703
Hitachi HDS721050CLA662,724
Hitachi HDS721050DLE,767
Hitachi HDS721050DLE630,786
Hitachi HDS721050KLA33R RSD HUA,507
Hitachi HDS721064CLA,631
Hitachi HDS721064CLA332,590
Hitachi HDS721075CLA,657
Hitachi HDS721075CLA332,648
Hitachi HDS721075DLE630,816
Hitachi HDS721075KLA,473
Hitachi HDS721075KLA330,488
Hitachi HDS721612PLA380,387
Hitachi HDS721616PLA,382
Hitachi HDS721616PLA320,428
Hitachi HDS721616PLA380,417
Hitachi HDS721616PLA380 IBM,439
Hitachi HDS721616PLAT80,392
Hitachi HDS721680PLA,380
Hitachi HDS721680PLA380,392
Hitachi HDS721680PLAT80,362
Hitachi HDS722020ALA,661
Hitachi HDS722020ALA330,621
Hitachi HDS722020ALA330 RSD HUA,719
Hitachi HDS722512VLAT20,309
Hitachi HDS722512VLAT80,324
Hitachi HDS722512VLSA80,348
Hitachi HDS722516VLAT20,184
Hitachi HDS722516VLAT80,308
Hitachi HDS722516VLSA80,329
Hitachi HDS722525VLAT80,324
Hitachi HDS722525VLSA80,333
Hitachi HDS722540VLAT20,267
Hitachi HDS722540VLSA80,310
Hitachi HDS722580VLAT20,302
Hitachi HDS722580VLSA80,332
Hitachi HDS723015BLA642,819
Hitachi HDS723020ALA640,880
Hitachi HDS723020BLA,673
Hitachi HDS723020BLA642,892
Hitachi HDS723020BLA642 LENOVO,699
Hitachi HDS723020BLE640,1000
Hitachi HDS723030ALA640,904
Hitachi HDS723030BLE640,1109
Hitachi HDS724040ALE640,1057
Hitachi HDS724040KLSA80,331
Hitachi HDS725050KLA360,368
Hitachi HDS725050KLAT80,327
Hitachi HDS728040PLA320,315
Hitachi HDS728040PLAT20,296
Hitachi HDS728080PLA380,299
Hitachi HDS728080PLA380 40Y9028LEN,348
Hitachi HDS728080PLAT20,293
Hitachi HDSH256GST2TN,3985
Hitachi HDT72101,574
Hitachi HDT72251 6DLA380,355
Hitachi HDT72252 5DLA380,364
Hitachi HDT721010SLA,571
Hitachi HDT721010SLA360,627
Hitachi HDT721016SLA,511
Hitachi HDT721016SLA380,522
Hitachi HDT721025SLA,479
Hitachi HDT721025SLA380,471
Hitachi HDT721032SLA,521
Hitachi HDT721032SLA360,627
Hitachi HDT721032SLA380,595
Hitachi HDT721050SLA,507
Hitachi HDT721050SLA360,664
Hitachi HDT721064SLA,549
Hitachi HDT721064SLA360,602
Hitachi HDT721064SLA380,456
Hitachi HDT721075SLA360,652
Hitachi HDT721075SLA380,654
Hitachi HDT722516DLA380,363
Hitachi HDT722516DLA380 41N3148LEN,379
Hitachi HDT722516DLAT80,338
Hitachi HDT722520DLA380,353
Hitachi HDT722520DLAT80,319
Hitachi HDT722525DLA380,442
Hitachi HDT722525DLA380 41N3150LEN,363
Hitachi HDT722525DLAT80,374
Hitachi HDT725025VLA,323
Hitachi HDT725025VLA380,368
Hitachi HDT725025VLAT80,373
Hitachi HDT725032VLA,382
Hitachi HDT725032VLA360,431
Hitachi HDT725032VLA380,463
Hitachi HDT725032VLAT80,427
Hitachi HDT725040VLA,335
Hitachi HDT725040VLA360,349
Hitachi HDT725040VLA380,358
Hitachi HDT725040VLAT80,374
Hitachi HDT725050VLA,406
Hitachi HDT725050VLA360,469
Hitachi HDT725050VLA380,467
Hitachi HDT725050VLAT80,421
Hitachi HTC426040G9AT00,116
Hitachi HTC426060G8CE00,125
Hitachi HTC426060G9AT00,147
Hitachi HTE543232A7A384,509
Hitachi HTE721010G9AT00,364
Hitachi HTE725025A9A364,708
Hitachi HTS421210H9AT00,139
Hitachi HTS421212H9AT00,178
Hitachi HTS421240H9AT00,174
Hitachi HTS421260H9AT00,195
Hitachi HTS421280H9AT00,169
Hitachi HTS424030M9AT00,107
Hitachi HTS424040M9AT00,153
Hitachi HTS541010A9E680,603
Hitachi HTS541010G9AT00,196
Hitachi HTS541010G9SA00,210
Hitachi HTS541040G9AT00,194
Hitachi HTS541040G9SA00,176
Hitachi HTS541060G9AT00,194
Hitachi HTS541060G9SA00,184
Hitachi HTS5450,568
HITACHI HTS7275,677
HITACHI HTS54321,355
Hitachi HTS54322,351
Hitachi HTS54323,449
Hitachi HTS54502,454
HITACHI HTS54503,415
Hitachi HTS54505,521
Hitachi HTS54755,475
Hitachi HTS54756,473
Hitachi HTS54757,510
Hitachi HTS72322,511
Hitachi HTS72323,526
Hitachi HTS72503,573
Hitachi HTS72505,651
Hitachi HTS72755,570
Hitachi HTS72757,674
Hitachi HTS541064A9E680,540
HITACHI HTS541075A9E680,521
Hitachi HTS541080G9AT00,189
Hitachi HTS541080G9SA00,198
Hitachi HTS541212H9AT00,227
Hitachi HTS541212H9SA00,236
Hitachi HTS541280H9AT00,223
Hitachi HTS541280H9SA00,225
Hitachi HTS541610J9SA00,206
Hitachi HTS541612J9AT00,205
Hitachi HTS541612J9S,191
Hitachi HTS541612J9SA00,203
HITACHI HTS541612J9SA00 3H,234
Hitachi HTS541616J9AT00,277
Hitachi HTS541616J9S,239
Hitachi HTS541616J9SA00,252
Hitachi HTS541640J9SA00,210
Hitachi HTS541660J9SA00,200
HITACHI HTS541660J9SA00,193
Hitachi HTS541680J9AT00,234
Hitachi HTS541680J9SA00,245
Hitachi HTS542512K9A300,304
Hitachi HTS542512K9SA00,278
Hitachi HTS542516K9A300,308
Hitachi HTS542516K9SA00,286
Hitachi HTS542520K9SA00,264
Hitachi HTS542525K9A300,331
Hitachi HTS542525K9S,302
Hitachi HTS542525K9SA00,328
Hitachi HTS542560K9SA00,284
Hitachi HTS542580K9A300,245
Hitachi HTS542580K9SA00,227
Hitachi HTS543212L9A300,282
Hitachi HTS543212L9SA00,269
Hitachi HTS543212L9SA02,236
Hitachi HTS543216A7A384,375
Hitachi HTS543216L9A,253
Hitachi HTS543216L9A3,235
Hitachi HTS543216L9A300,331
HITACHI HTS543216L9SA00,316
Hitachi HTS543225A7A384,356
Hitachi HTS543225L9A,351
Hitachi HTS543225L9A3,277
Hitachi HTS543225L9A300,347
Hitachi HTS543225L9SA00,323
Hitachi HTS543225L9SA02,335
Hitachi HTS543232A7A,469
Hitachi HTS543232A7A384,450
Hitachi HTS543232L9A,355
Hitachi HTS543232L9A300,348
Hitachi HTS543232L9SA00,340
Hitachi HTS543232L9SA02,267
Hitachi HTS543280L9A300,308
HITACHI HTS543280L9SA00,302
Hitachi HTS545012B9SA00,401
Hitachi HTS545016B9A300,345
Hitachi HTS545016B9SA00,344
Hitachi HTS545016B9SA02,357
Hitachi HTS545025A7E380,552
Hitachi HTS545025B9A,457
Hitachi HTS545025B9A300,435
Hitachi HTS545025B9S,294
Hitachi HTS545025B9SA00,489
Hitachi HTS545025B9SA02,437
Hitachi HTS545032A7E380,436
Hitachi HTS545032B9A,403
Hitachi HTS545032B9A300,519
Hitachi HTS545032B9A302,403
Hitachi HTS545032B9SA00,415
Hitachi HTS545032B9SA02,394
Hitachi HTS545050A7E380,586
Hitachi HTS545050B9A,422
Hitachi HTS545050B9A300,526
Hitachi HTS545050B9A302,428
Hitachi HTS545050B9SA00,506
Hitachi HTS545050B9SA02,408
Hitachi HTS545050B9SA08,438
Hitachi HTS545050KTA300,354
Hitachi HTS547550A9E,499
Hitachi HTS547550A9E384,448
Hitachi HTS547564A9E384,461
Hitachi HTS547575A9E384,496
Hitachi HTS548040M9AT00,191
Hitachi HTS548060M9AT00,141
Hitachi HTS548080M9AT00,213
Hitachi HTS721010G9AT00,322
Hitachi HTS721010G9SA00,243
Hitachi HTS721060G9AT00,225
Hitachi HTS721060G9SA00,219
Hitachi HTS721075A9E63,1002
Hitachi HTS721080G9AT00,186
Hitachi HTS721080G9SA00,226
HITACHI HTS722010K9SA00,360
Hitachi HTS722012K9A300,328
Hitachi HTS722012K9SA00,311
Hitachi HTS722016K9A300,305
HITACHI HTS722016K9SA00,338
Hitachi HTS722020K9A300,348
Hitachi HTS722020K9SA00,347
HITACHI HTS722020K9SA00 FDE,373
Hitachi HTS722080K9A300,295
Hitachi HTS722080K9SA00,313
HITACHI HTS723216A7A364,570
Hitachi HTS723216L9A360,398
Hitachi HTS723216L9A362,433
HITACHI HTS723216L9SA60,452
Hitachi HTS723225A7A364,580
HITACHI HTS723225A7A365,536
HITACHI HTS723225A7A365 OPAL,599
Hitachi HTS723225L9A360,455
Hitachi HTS723225L9A362,415
HITACHI HTS723225L9SA61 FDE,389
Hitachi HTS723232A7A364,610
Hitachi HTS723232A7A365,671
Hitachi HTS723232L9A360,497
Hitachi HTS723232L9A362,446
Hitachi HTS723232L9SA60,424
Hitachi HTS723232L9SA62,344
Hitachi HTS723280L9A362,363
Hitachi HTS725016A9A362,481
Hitachi HTS725016A9A364,435
HITACHI HTS725025A9A361 FDE,560
Hitachi HTS725025A9A362,587
Hitachi HTS725025A9A364,580
Hitachi HTS725032A7E630,610
Hitachi HTS725032A9A,659
Hitachi HTS725032A9A360,577
Hitachi HTS725032A9A362,594
Hitachi HTS725032A9A364,558
Hitachi HTS725032A9A365,641
Hitachi HTS725050A7E63,857
HITACHI HTS725050A7E630,757
Hitachi HTS725050A7E635,815
Hitachi HTS725050A9A360,607
Hitachi HTS725050A9A362,632
Hitachi HTS725050A9A364,605
Hitachi HTS726060M9AT00,214
Hitachi HTS727550A9E364,608
Hitachi HTS727550A9E365,661
Hitachi HTS727564A9E364,700
Hitachi HTS727575A9E364,705
HITACHI HUA7210SASUN1.0T 0906GJLBPF,387
Hitachi HUA72101,515
Hitachi HUA72201,646
Hitachi HUA72202,715
Hitachi HUA72302,797
Hitachi HUA721010KLA330,490
Hitachi HUA721050KLA330,509
HITACHI HUA721075KLA330,521
HITACHI HUA722010ALA330,707
Hitachi HUA722010CLA330,728
Hitachi HUA722010CLA331,771
Hitachi HUA722020ALA330,652
Hitachi HUA722020ALA330 45W6276 59Y1813IBM,630
Hitachi HUA722020ALA331,683
Hitachi HUA722050CLA330,679
Hitachi HUA723020ALA,760
Hitachi HUA723020ALA640,1888
Hitachi HUA723020ALA641,1494
Hitachi HUA723030ALA640,912
Hitachi HUGWORLD SSD 1TB,3684
Hitachi HUGWORLD SSD 256GB,3534
Hitachi HUGWORLD SSD 512GB,3430
Hitachi HUH728080ALE601,1230
Hitachi HUS722T1TALA600,1376
HITACHI HUS151414VLS300,540
HITACHI HUS153014VLS300,752
HITACHI HUS153030VLS300,768
HITACHI HUS154530VLS300,886
HITACHI HUS154545VLS300,926
HITACHI HUS156030VLS600,1090
HITACHI HUS156045VLS600,1153
HITACHI HUS156060VLS600,1261
Hitachi HUS724020ALA640,1073
Hitachi HUS724030ALE641,993
HITACHI HUS724040ALE640,937
Hitachi HUS724040ALE641,8095
Hitachi HUSKY SSD 1TB,3277
Hitachi HUSKY SSD 128GB,2568
Hitachi HUSKY SSD 256GB,2057
Hitachi HUSKY SSD 512GB,2494
HJDK SSD 1TB,18547
HJDK SSD 128GB,3493
HJDK SSD 256GB,6021
HJDK SSD 512GB,8945
HKCMemory DS600,3325
HKCMemory DS600 256GB,2551
HKCMemory DV600,14378
HKM256P82A-TMDZV,15084
HKM512P82A-TMDZV,21745
HKM512S22A-QMCYV,2368
HKPSA-240,3347
HKVSN HS-SSD-C100/120G,2241
HKVSN HS-SSD-C100/240G,3142
HKVSN HS-SSD-E1000N/256G,7322
HOGE H8A1 1TB,34126
HOGE H8A1 512GB,31488
HOGE H671L 256GB,3245
HOGE H671L 512GB,3619
HOGE H673L 256GB,3423
HOGE H673L 512GB,3513
HOGE H750 512GB,19107
HOGE H751 1TB,21963
HOGE H751 2TB,20992
HOGE H751 512GB,22308
HOGE H753 1TB,20776
HOGE H753 256GB,11268
HOGE H753 512GB,19118
HOGE H820 1TB,47280
HOGE SSD 1TB,25702
HOGE SSD 128GB,6659
HOGE SSD 256GB,11030
HOGE SSD 512GB,20435
Hoodisk Industrial 64GB SSD,2740
Hoodisk Industrial 128GB SSD,3726
Hoodisk Industrial 256GB SSD,7226
Hoodisk Industrial 512GB SSD,10834
Hose LXG 256G,2309
HP 1205GB MLC PCIe ioDrive2 for ProLiant Servers,10178
HP DF146BABUE,741
HP FB080C4080,369
HP FB160C4081,438
HP FX900 Plus 2TB SSD,50051
HP GB0160EAFJE,456
HP GB0250C8045,658
HP GB0500C4413,456
HP GB0750C8047,556
HP GB1000EAFJL,637
HP S750 SSD 256GB,3131
HP Secure Hard,813
HP SSD 400GB MK0400GCTZA,4388
HP SSD EX900 1TB,12521
HP SSD EX900 120GB,8481
HP SSD EX900 250GB,10787
HP SSD EX900 500GB,12377
HP SSD EX900 M.2 1TB,16530
HP SSD EX900 M.2 500GB,20486
HP SSD EX900 PIus 512GB,19266
HP SSD EX900 Plus 1TB,19693
HP SSD EX900 Plus 2TB,19593
HP SSD EX900 Plus 256GB,10623
HP SSD EX900 Plus 512GB,17920
HP SSD EX900 Plus M.2 2TB,19961
HP SSD EX900 Pro 1TB,13161
HP SSD EX900 Pro 256GB,10799
HP SSD EX900 Pro 512GB,11264
HP SSD EX920 1TB,17166
HP SSD EX920 256GB,11630
HP SSD EX920 512GB,15209
HP SSD EX950 1TB,18887
HP SSD EX950 2TB,20224
HP SSD EX950 512GB,17560
HP SSD FX700 1TB,40312
HP SSD FX700 2TB,41302
HP SSD FX700 4TB,46969
HP SSD FX700 512GB,26625
HP SSD FX900 1TB,31739
HP SSD FX900 512GB,23195
HP SSD FX900 Plus 1TB SSD,50013
HP SSD FX900 Plus 2TB,39908
HP SSD FX900 Plus 4TB,44282
HP SSD FX900 Plus 512GB,36846
HP SSD FX900 Plus M.2 1TB,43341
HP SSD FX900 Plus M.2 2TB,45284
HP SSD FX900 Plus M.2 512GB,38130
HP SSD FX900 Pro 1TB,48324
HP SSD FX900 Pro 2TB,45144
HP SSD FX900 Pro 4TB,47902
HP SSD FX900 Pro 512GB,32106
HP SSD M700 120GB,3155
HP SSD M700 240GB,3701
HP SSD M 700 120GB,1807
HP SSD M 700 240GB,3956
HP SSD S600 120GB,2067
HP SSD S600 240GB,2591
HP SSD S650 120GB,2434
HP SSD S650 240GB,3200
HP SSD S650 480GB,3314
HP SSD S650 960GB,3364
HP SSD S650 1920GB,3116
HP SSD S700 1TB,3258
HP SSD S700 120GB,2869
HP SSD S700 250G,2585
HP SSD S700 250GB,2962
HP SSD S700 500G,2717
HP SSD S700 500GB,3203
HP SSD S700 Pro,3375
HP SSD S700 Pro 1TB,4553
HP SSD S700 Pro 128GB,3042
HP SSD S700 Pro 256GB,3442
HP SSD S700 Pro 512GB,4090
HP SSD S750 1TB,3004
HP SSD S750 256GB,3159
HP SSD S750 512GB,3255
HP SSD S 600 120GB,1247
HP SSD S 700 120GB,2945
HP SSD S 700 250GB,1873
HP SSD S 700 500GB,1582
HP SSD S 700 Pro 128GB,1562
HP SSD v300a 120GB,3322
hp x765w USB,259
HPE MR216i-p Gen11,5774
HPE MR408i-o Gen11,17771
HPE NS204i-p Gen10+ Boot Controller,12273
HPE NS204i-u Gen11 Boot Controller,9675
HPE Optane G10 P4800X 375GB,22774
HPT DISK 0 0,79103
HPT DISK 4TB,36548
HQ-256GB,1542
HS1TBNVME M2 1TB,14852
HS2TBNVME M2 2TB,19014
HS256E,2924
HS256E 256GB,3115
HS512E,3246
HS512GB NVME M2 512GB,14072
HS-SSD-A4000 4096G,39935
HS-SSD-C100,2649
HS-SSD-C100 120G,2749
HS-SSD-C100 240G,2814
HS-SSD-C100 480G,3180
HS-SSD-C100 480GB,2371
HS-SSD-C100 960G,3099
HS-SSD-C100 960GB,3464
HS-SSD-C160 256G,3475
HS-SSD-C260 256G,3333
HS-SSD-C2000,19502
HS-SSD-C2000 256GB,10415
HS-SSD-C2000Pro 512G,17319
HS-SSD-C2000Pro 512GB,18959
HS-SSD-C2000Pro 1024G,15746
HS-SSD-C2000Pro 1024GB,16410
HS-SSD-C4000 2048G,49029
HS-SSD-Desire(P) 128G,7181
HS-SSD-Desire(P) 256G,11910
HS-SSD-Desire(P) 512G,10286
HS-SSD-Desire(P) 1024G,17952
HS-SSD-Desire(S) 128G,2837
HS-SSD-Desire(S) 256G,3197
HS-SSD-Desire(S) 512G,3017
HS-SSD-Desire(S) 1024G,3068
HS-SSD-E100 128G,2887
HS-SSD-E100 256G,3108
HS-SSD-E100 512,2903
HS-SSD-E100 512G,3205
HS-SSD-E100 1024G,3495
HS-SSD-E100N42 512G,3987
HS-SSD-E100N 128G,2668
HS-SSD-E100N 256G,3132
HS-SSD-E100N 512G,2944
HS-SSD-E100N 1024G,3534
HS-SSD-E1000 128G,7615
HS-SSD-E1000 256G,11210
HS-SSD-E1000 512G,14114
HS-SSD-E1000 1024G,15581
HS-SSD-E2000,21295
HS-SSD-E2000 256G,12612
HS-SSD-E2000 256GB,11436
HS-SSD-E2000 512G,16380
HS-SSD-E2000 1024G,19380
HS-SSD-E2000 1024GB,21325
HS-SSD-E2000 2048G,18974
HS-SSD-E2000R 512GB,9622
HS-SSD-E3000,22048
HS-SSD-E3000 256G,14507
HS-SSD-E3000 512G,18450
HS-SSD-E3000 1024G,19937
HS-SSD-E3000 2048G,19109
HS-SSD-FUTURE 4096G,51139
HS-SSD-FUTURE Lite 512G,27251
HS-SSD-FUTUREX 512G,30426
HS-SSD-FUTUREX LITE AR 1024G,30426
HS-SSD-G4000 512G,35928
HS-SSD-G4000 1024G,41576
HS-SSD-G4000 2048G,37975
HS-SSD-G4000E 512G,25637
HS-SSD-G4000E 1024G,36836
HS-SSD-HB1 256G,3613
HS-SSD-HHB1 1024G,22789
HS-SSD-Minder(P) 256G,12619
HS-SSD-Minder(S) 120G,2589
HS-SSD-Minder(S) 240G,3296
HS-SSD-Minder(S) 480G,2897
HS-SSD-SILK(P) 512G,14162
HS-SSD-WAVE Pro(P) 256G,9650
HS-SSD-WAVE Pro(P) 512G,18142
HS-SSD-WAVE Pro(P) 1024G,18710
HS-SSD-WAVE Pro(P) 2048G,21406
HS-SSD-WAVE(P) 128G,5997
HS-SSD-WAVE(P) 256G,13620
HS-SSD-WAVE(P) 512G,15545
HS-SSD-WAVE(P) 1024G,18013
HS-SSD-WAVE(S) 120G,2784
HS-SSD-WAVE(S) 128G,2945
HS-SSD-WAVE(S) 240G,3116
HS-SSD-WAVE(S) 256G,3364
HS-SSD-WAVE(S) 480G,3494
HS-SSD-WAVE(S) 512G,3693
HS-SSD-WAVE(S) 1024G,3576
HSSD512GEN4,18618
HSSD001128,3100
HSSD001256,2182
HSSD002512,13224
HSSD0021000,13395
HSTV-SATA240W,3076
HX1TBSSDSATA3,3410
HX1TSSDSATA3,2734
HX120GSSDSATA3,3223
HX240GSSDSATA3,2320
HX256GSSDM2,3333
HX256GSSDM2PCIE,9337
HX256GSSDSATA3,2665
HX480GSSDSATA3,2356
HX512GSSDM2,3754
HX512GSSDM2PCIE,12644
HX512GSSDSATA3,3317
HYN1TB,3679
HYN512,3331
Hynix hB8aP>,1399
Hynix HBG4a,600
Hynix HBG4a2,1007
Hynix HBG4e,694
Hynix hC8aP>,1467
Hynix HCG4a2,1191
Hynix HCG8a4,980
Hynix HCG8e,715
Hynix hDEaP3,1293
Hynix hDEaPS,1400
Hynix HDG8a4,1187
HYNIX HFS120G3AMNM,3046
HYNIX HFS120G32MNM,3678
HYNIX HFS128G32MNM,3644
Hyper X 223.6GB,6600
Hypertec SSD,7031
HyperX Fury 3D 120GB,2776
HyperX Fury 3D 240GB,2929
HyperX Fury 3D 480G,2732
HyperX Fury 3D 480GB,2960
HYS256,3147
Hyundai 120GB SSD,2374
Hyundai 240GB SSD,2715
HYUNDAI 480G,1850
Hyundai 480GB SSD,3335
HYV1TBX3(HXY),22043
HYV1TBX3(Pro),22451
HYV1TBX3(XT),13072
HYV1TBX4(GR),45882
HYV128X3(HXY),9508
HYV256X3(HXY),11985
HYV256X3(XT),10138
HYV512X3(HXY),19325
HYV512X3(XT),12823
HYV512X3Q(XT),12026
I CFAST 32GB,829
i-FlashDisk 120GB SSD,1788
i-FlashDisk K6 60GB,1158
i-FlashDisk K9 128GB,4289
I-O DATA USB Flash USB,126
IBIW N1M005 21BG,4203
IBIW N6C73 021G8 B,3557
IBIW NAS084V1M-015G2,3977
IBIW NAS085V1M-052G6,4086
IBIW NEC84T0D501-152G6,12220
IBIW NEC84Y0D201-015G2,12684
IBIW NEC84Y0D201-052G6,8567
IBIW NNC4FV2150M-052G6,3289
IBIW NNC8FV0150M-015G2,3522
IBIW NNC8FV0150M-052G6,2788
IBIW NNC8FY08207-021G8,4114
IBIW NPA24 3EC84T0D501-115G2,20403
IBIW NPA24 3EC84T08C08-021G8,8393
IBIW NSC8EA0A101-015G2,3503
IBIW NSC8EA0A101-052G6,3409
IBIW NSS D,4647
IBM IC25N020ATCS04-0,92
IBM IC25N020ATMR04-0,135
IBM IC25N030ATCS04-0,96
IBM IC25N030ATMR04-0,128
IBM IC25N040ATCS04-0,113
IBM IC25N040ATCS05-0,151
IBM IC25N040ATMR04-0,164
IBM IC25N060ATMR04-0,164
IBM IC25N080ATMR04-0,154
IBM IC35L030AVV207-0,259
IBM IC35L040AVER07-0,211
IBM IC35L040AVVA07-0,270
IBM IC35L040AVVN07-0,243
IBM IC35L060AVV207-0,312
IBM IC35L060AVVA07-0,272
IBM IC35L080AVVA07-0,266
IBM IC35L090AVV207-0,286
IBM IC35L120AVV207-0,272
IBM IC35L120AVV207-1,273
IBM IC35L120AVVA07-0,299
IBM IC35L180AVV207-1,293
IBM ServeRAID M5210,25646
IBM-DTLA-307030,177
IBM-DTLA-307045,248
IBSOAT R1S00-E21G0 B,1833
IBSOAT R1S001-02BG,2425
IBSOAT R1S002-04BG,2847
IBSOAT R1S002-65BG,2823
IBSOAT R1S02-L84G0 B,2199
IBSOAT R1S004-08BG,2519
IBSOAT R1S021-82BG,2279
IBSOAT R1S022-65BG,3477
IBSOAT R1S025-21BG,4269
IBSOAT R1S062-65BG,3937
IBSOAT R1S065-21BG,4037
iCoolax3 256GB,5370
iCoolax Sata3 2.5 256GB,1236
IDATA 256GB,3677
iDsonix,19100
iDsonix-1TB,31977
iDsonix-2TB,43542
iEi Global Sourcing. - IFD-2500WD-4GB,189
IEI Tech Corp.IFD-2530ISMD-128GB-R20,2598
IM2P33F3 NVMe ADATA 128GB,7466
IM2P33F3 NVMe ADATA 256GB,9502
IM2P33F3 NVMe ADATA 512GB,10345
IM2P33F3A NVMe ADATA 256GB,10696
IM2P33F3A NVMe ADATA 512GB,12263
"imation 2.5""3 1TB SSD C321",3828
"imation 2.5""3 120GB SSD A320",2405
"imation 2.5""3 240GB SSD A320",3714
imation M.2 PCIe 1TB SSD Q971B,34767
imation M.2 PCIe 1TB SSD TX751,61624
imation M.2 PCIe 1TB SSD X831B,17290
imation M.2 PCIe 1TB SSD X931,21773
imation M.2 PCIe 1TB SSD Z981,50315
imation M.2 PCIe 1TB SSD Z991,45310
imation M.2 PCIe 256GB SSD X831,14616
imation M.2 PCIe 256GB SSD X931,8085
imation M.2 PCIe 256GB SSD X931B,7239
imation M.2 PCIe 512GB SSD X831,14350
imation M.2 PCIe 512GB SSD X831B,12556
imation M.2 PCIe 512GB SSD X931B,13425
imation M.2 PCIe 512GB SSD Z981,36402
imation M.2 PCIe 512GB SSD Z991,32012
IMPERION-128GB,2842
IMPERION-256GB,4080
iMrcno2 02S0N MV e15G2 B,15806
iMrcno2 02S0N MV e52G6 B,11418
iMrcno2 02S0N MV e0142BG,16811
iMrcno2 03 0VNeM1 20G4 B,21389
iMrcno2 03 0VNeM5 21BG,21125
iMrcno3 04 0VNeM1 20G4 B,24461
iMrcno3 04 0VNeM5 21BG,21166
IND-4XN80S512GX,17603
IND-4XN80S/1TB,11077
IND-S3N80S/256GX,3215
IND-S325S128GX,3337
IND-S325S/120G,2449
IND-S325S/128G,2275
IND-S325S/240G,2368
IND-S325S/480G,1677
INDMEM M.2 2280 128GB,2733
INDMEM SSD mSATA 256GB,2794
INDMEM SSD mSATA 512GB,2435
Inland NVMe SSD,19844
Inland NVMe SSD 1TB,13773
Inland NVMe SSD 256GB,10888
Inland NVMe SSD 512GB,14525
Inland QN450 NVMe SSD,34557
Inland SSD,3574
Inland TN320 NVMe SSD,15596
Innodisk 3ME3 128GB SSD,1402
Innodisk 3ME4 32GB SSD,1178
Innodisk 3ME4 128GB SSD,1835
Innodisk 3ME4 256GB SSD,2051
Innodisk 3MG2-P 64GB SSD,2828
Innodisk 3MG2-P 128GB SSD,3187
Innodisk 3MG2-P 256GB SSD,2879
Innodisk 3MG2-P 512GB SSD,4334
Innodisk 3TE7 120GB SSD,2178
Innodisk 3TE7 240GB SSD,2410
Innodisk 3TE7 480GB SSD,2768
Innodisk 3TG6-P 256GB SSD,3416
Innodisk 3TG6-P 512GB SSD,5205
InnoDisk Corp. - EDC4000 H 4GB,134
InnoDisk Corp. - iCF8000 8GB,309
InnoDisk Corp. - mSATA 3ME,1114
InnoDisk Corp. - mSATA 3ME2,1966
INNOVATION IT,2782
INNOVATION??IT,6406
INO-IHDD0160S2-D1-7208,510
INRAM SSD 128GB,4525
INSSD4TM2280G4AP1XHS,47292
intecko INTKSSD1 256GB,3714
intecko INTKSSD1 512GB,3815
Integral II 2.5 SSD 64GB,1392
Integral II 2.5 SSD 128GB,890
Integral INSSD1TM280NM3PX,33591
Integral INSSD2TM280NM3PX,35393
Integral P Series 3,2460
Intel 335 180GB SSDSC2CT180A4,3541
Intel 335 240GB SSDSC2CT240A4,3807
Intel 521 180GB SSDSCMMW180A3,3622
Intel 521 240GB SSDSCMMW240A3,4148
Intel 525 30GB SSDMCEAC030B3,1519
INTEL 525 90GB SSDMCEAC090B3,2470
Intel 600P Series 1TB,8762
Intel 600p Series 128GB,4364
Intel 600p Series 256GB,7484
Intel 600P Series 512GB,8564
Intel 660p 1TB SSD,12734
INTEL 660P 2TB SSD,13821
INTEL 660P 256GB SSD,4958
INTEL 660p 512GB SSD,10431
INTEL 665 1TB SSD,14712
INTEL 665P 2TB SSD,15696
INTEL 670p 1TB SSD,20415
INTEL 670P 2TB SSD,21273
INTEL 670p 512GB SSD,15488
INTEL 730 240GB SSDSC2BP240G4,3563
INTEL 730 480GB SSDSC2BP480G4,4329
Intel 750 1.2TB 2.5-in SSD,13189
Intel DC P3500 1.2TB NVMe,11364
Intel DC P3500 2TB NVMe,14021
Intel DC P3520 1.2TB NVMe,9905
Intel DC P3520 2TB NVMe,6188
Intel DC P3600 1.2TB NVMe,14301
Intel DC P3600 1.6TB NVMe,15559
Intel DC P3600 2TB NVMe,17036
Intel DC P3600 400GB NVMe,8776
Intel DC P3600 800GB NVMe,10217
Intel DC P3700 1.6TB NVMe,15274
Intel DC P3700 2TB NVMe,15832
Intel DC P3700 400GB NVMe,13069
Intel DC P4600 1.6TB NVMe,9235
Intel Harris Harbor 256GB SSD,13862
INTEL HBRPEKNL0202AH,11908
INTEL HBRPEKNL0203A,14148
INTEL HBRPEKNX0101A,5563
INTEL HBRPEKNX0101AH,5454
INTEL HBRPEKNX0101AL,5576
INTEL HBRPEKNX0202A,9341
INTEL HBRPEKNX0202AC,9884
INTEL HBRPEKNX0202AL,9515
INTEL HBRPEKNX0203A,11193
INTEL HBRPEKNX0203AH,11504
INTEL HBRPEKNX0203AL,10049
INTEL M.2 NVME 1TB,16179
Intel Optane 800P 58GB,10467
Intel Optane 800P 118GB,10238
Intel Optane 800P Series 380GB,25635
"Intel Optane 900P 2.5"" 280GB",23307
Intel Optane 900P 280GB,23866
Intel Optane 900P 480GB,23099
Intel Optane 905P 380GB,24423
Intel Optane 905P 480GB,25786
Intel Optane 905P 960GB,23990
Intel Optane 905P U2 1.5TB,23515
Intel Optane DC P5800X 1.6TB,56845
Intel Optane DC P5800X 400GB,52507
Intel Optane DC P5800X 800GB,60699
Intel Optane DC P5810X 400GB,66134
Intel Optane H10 with SSD 512GB,9672
Intel OPTANE Memory H10,10139
Intel Optane P1600X 58GB,13169
Intel Optane P1600X 118GB,15387
Intel Optane P4800X 375GB,24070
Intel Optane P4800X 750GB,20974
Intel Optane P5801X 400GB,50478
Intel Optane SSD 800P 58GB,10484
Intel Optane SSD 800P 118GB,9617
Intel Optane+1.8TBHDD,2888
Intel Optane+238GBSSD,6744
Intel Optane+931GBHDD,1424
Intel Optane+932GBHDD,1945
Intel Optane+954GBSSD,12922
INTEL SS DSC2CW240A3,1358
INTEL SS DSC2KW120H6,2672
Intel SSD 310 80GB,1265
Intel SSD 311 20GB mSATA,1297
Intel SSD 313 24GB,1078
Intel SSD 320 40GB 9.5mm,1028
Intel SSD 320 80GB 7mm,1462
Intel SSD 320 80GB 9.5mm,1478
Intel SSD 320 80GB mSATA,1330
Intel SSD 320 120GB 7mm,1676
Intel SSD 320 120GB 9.5mm,1794
Intel SSD 320 160GB 7mm,1794
Intel SSD 320 160GB 9.5mm,1747
Intel SSD 320 160GB mSATA,1712
Intel SSD 320 256GB 9.5mm,1318
Intel SSD 320 300GB 7mm,2011
Intel SSD 320 300GB 9.5mm,1956
Intel SSD 320 300GB mSATA,1809
Intel SSD 320 512GB 9.5mm,1898
Intel SSD 320 600GB 7mm,1611
Intel SSD 320 600GB 9.5mm,1910
Intel SSD 330 60GB,2253
Intel SSD 330 80GB,2658
Intel SSD 330 120GB,3122
Intel SSD 330 240GB,3444
Intel SSD 510 120GB,2530
Intel SSD 510 250GB,2766
Intel SSD 520 60GB SSDSC2CW060,2604
Intel SSD 520 120GB SSDSC2BW120,3477
Intel SSD 520 120GB SSDSC2CW120A3,3422
Intel SSD 520 180GB 7mm,3559
Intel SSD 520 180GB 9.5mm,3449
Intel SSD 520 240GB 7mm,4038
Intel SSD 520 240GB 9.5mm,4065
Intel SSD 520 480GB 7mm,3344
Intel SSD 520 480GB 9.5mm,3603
Intel SSD 525 60GB,2352
Intel SSD 525 120GB,3129
Intel SSD 525 180GB,3587
Intel SSD 525 240GB,2767
"Intel SSD 530 120GB 2.5""",3059
Intel SSD 530 120GB mSATA,2786
"Intel SSD 530 180GB 2.5""",3420
Intel SSD 530 180GB mSATA,2909
"Intel SSD 530 240GB 2.5""",3860
Intel SSD 530 240GB mSATA,3190
"Intel SSD 530 480GB 2.5""",3393
"Intel SSD 530 80GB 2.5""",2931
Intel SSD 530 80GB M.2,2408
Intel SSD 535 56GB,2937
"Intel SSD 535 120GB 2.5""",3450
Intel SSD 535 120GB M.2,3611
"Intel SSD 535 180GB 2.5""",4076
Intel SSD 535 180GB M.2,3968
"Intel SSD 535 240GB 2.5""",4137
Intel SSD 535 240GB M.2,4010
Intel SSD 535 256GB,1844
"Intel SSD 535 360GB 2.5""",3828
Intel SSD 535 360GB M.2,3855
"Intel SSD 535 480GB 2.5""",4043
"Intel SSD 540s 1TB 2.5""",17926
Intel SSD 540s 1TB M.2,4846
"Intel SSD 540s 120GB 2.5""",2985
Intel SSD 540s 120GB M.2,3652
"Intel SSD 540s 180GB 2.5""",4051
Intel SSD 540s 180GB M.2,4312
"Intel SSD 540s 240GB 2.5""",3974
Intel SSD 540s 240GB M.2,4349
Intel SSD 540s 256GB M.2,4295
"Intel SSD 540s 480GB 2.5""",4119
Intel SSD 540s 480GB M.2,4397
"Intel SSD 545s 128GB 2.5""",2716
Intel SSD 545s 128GB M.2,2833
"Intel SSD 545s 256GB 2.5""",3547
Intel SSD 545s 256GB M.2,3707
"Intel SSD 545s 512GB 2.5""",4221
Intel SSD 545s 512GB M.2,4382
Intel SSD 710 100GB,1814
Intel SSD 710 300GB,1976
Intel SSD 750 1.2TB NVMe,13713
Intel SSD 750 400GB NVMe,12268
"Intel SSD 750 400GB NVMe 2.5""",12760
Intel SSD 750 800GB NVMe,12804
Intel SSD 760P 1TB,17962
Intel SSD 760P 2TB,17057
Intel SSD 760p 128GB,6344
Intel SSD 760p 256GB,13025
Intel SSD 760p 512GB,15821
Intel SSD DC P3100 128GB,4588
Intel SSD DC P3100 512GB,9142
Intel SSD DC P4500 4TB,16845
Intel SSD DC S3500 80GB,3263
Intel SSD DC S3500 120GB,2308
Intel SSD DC S3500 160GB,2775
Intel SSD DC S3500 240GB,2898
"Intel SSD DC S3500 240GB 1.8""",2235
Intel SSD DC S3500 300GB,3589
Intel SSD DC S3500 340GB,3400
Intel SSD DC S3500 480GB,3995
Intel SSD DC S3500 600GB,4064
Intel SSD DC S3500 800GB,4238
Intel SSD DC S3510 120GB,2165
Intel SSD DC S3510 240GB,3051
Intel SSD DC S3510 480GB,4250
Intel SSD DC S3510 800GB,4262
Intel SSD DC S3520 480GB,3143
Intel SSD DC S3610 200GB,2949
Intel SSD DC S3610 400GB,3972
Intel SSD DC S3610 480GB,4019
Intel SSD DC S3610 800GB,4246
Intel SSD DC S3700 100GB,2688
"Intel SSD DC S3700 200GB 2.5""",3693
"Intel SSD DC S3700 400GB 2.5""",3929
Intel SSD DC S3700 800GB,4134
Intel SSD DC S3710 200GB,3816
Intel SSD DC S3710 400GB,4122
Intel SSD DC S3710 800GB,4183
Intel SSD E 5400s 120GB,3094
Intel SSD E 5410s 120GB,2602
Intel SSD E 6000p 128GB,4565
Intel SSD E 6000p 256GB,7502
Intel SSD E 6100p 128GB,6885
Intel SSD Pro 1500 120GB,3232
Intel SSD Pro 1500 120GB M.2,2547
Intel SSD Pro 1500 180GB,3437
Intel SSD Pro 1500 180GB M.2,3775
Intel SSD Pro 1500 240GB,4028
Intel SSD Pro 1500 240GB M.2,3901
Intel SSD Pro 1500 360GB,3438
Intel SSD Pro 1500 480GB,3292
Intel SSD Pro 2500 120GB,2914
Intel SSD Pro 2500 180GB M.2,3745
Intel SSD Pro 2500 240GB M.2,4139
Intel SSD Pro 2500 256GB,3978
Intel SSD Pro 2500 360GB,3580
Intel SSD Pro 2500 360GB M.2,2857
Intel SSD Pro 2500 480GB,4350
Intel SSD Pro 2500 512GB,3762
"Intel SSD Pro 5400s 180GB 2.5""",4082
Intel SSD Pro 5400s 180GB M.2,4146
"Intel SSD Pro 5400s 240GB 2.5""",4251
Intel SSD Pro 5400s 240GB M.2,3999
"Intel SSD Pro 5400s 256GB 2.5""",4075
Intel SSD Pro 5400s 256GB M.2,4127
"Intel SSD Pro 5400s 360GB 2.5""",4251
Intel SSD Pro 5400s 360GB M.2,4402
"Intel SSD Pro 5400s 480GB 2.5""",4274
"Intel SSD Pro 5400s 512GB 2.5""",3995
Intel SSD Pro 5400s 512GB M.2,4562
Intel SSD Pro 5450s 128GB,2525
Intel SSD Pro 5450s 180GB M.2,3623
Intel SSD Pro 5450s 256GB,3582
Intel SSD Pro 5450s 256GB M.2,3649
Intel SSD Pro 5450s 512GB M.2,4332
Intel SSD Pro 6000p 256GB,7457
Intel SSD Pro 6000p 360GB,8323
Intel SSD Pro 6000p 512GB,8652
Intel SSD Pro 7600p Series 1TB,15046
Intel SSD Pro 7600p Series 256GB,12495
Intel SSD Pro 7600p Series 512GB,14986
Intel SSD X18-M 80GB 34nm,1391
Intel SSD X18-M 80GB 50nm,958
Intel SSD X18-M 160GB 34nm,1505
Intel SSD X18-M 160GB 50nm,696
Intel SSD X25-E 32GB,2038
Intel SSD X25-E 64GB,1767
Intel SSD X25-M 40GB,910
Intel SSD X25-M 80GB 34nm,1373
Intel SSD X25-M 80GB 50nm,990
Intel SSD X25-M 120GB,1503
Intel SSD X25-M 160GB 34nm,1498
INTEL SSDPE2KX010T8,14151
INTEL SSDPE2KX020T8,19149
INTEL SSDPE2KX040T8,19287
INTEL SSDPE2KX080T8,13588
INTEL SSDPE2MD016T4,16902
INTEL SSDPE2ME012T4,12941
INTEL SSDPE2ME020T4D SFF NVME 2000GB,17664
INTEL SSDPE2ME800G4,11325
INTEL SSDPE21K375GA,23230
INTEL SSDPEBKF128G7,4205
INTEL SSDPEBKF256G7,5322
INTEL SSDPED1D280GAH,20310
INTEL SSDPEDMD020T4D HHHL NVMe 2000GB,16377
INTEL SSDPEKKA256G8,13335
INTEL SSDPEKKF010T8L,16251
INTEL SSDPEKKF020T8,18807
INTEL SSDPEKKF256G8H,12149
INTEL SSDPEKKF512G8,16230
INTEL SSDPEKKR256G8,12788
INTEL SSDPEKKW010T8L,16188
INTEL SSDPEKKW128G7D,4032
INTEL SSDPELKX010T8,12562
INTEL SSDPF2KX019T1M,18784
INTEL SSDPF2KX019XZ,30802
INTEL SSDSC2BA40,3278
INTEL SSDSC2BA200G4R,3292
INTEL SSDSC2BA400G4R,4442
INTEL SSDSC2BB150G7,1787
INTEL SSDSC2BB160G4R,1830
INTEL SSDSC2BB240G7,2558
INTEL SSDSC2BB480G4R,4116
INTEL SSDSC2BB480G6K,4170
INTEL SSDSC2BB800G7,3273
INTEL SSDSC2BB960G7,3496
INTEL SSDSC2BG800G4R,3627
INTEL SSDSC2BW180A3D,3663
INTEL SSDSC2BW180A3L,3541
INTEL SSDSC2BW240A,4060
INTEL SSDSC2BX012T4,4567
INTEL SSDSC2BX016T4,4350
INTEL SSDSC2BX800G4R,4450
INTEL SSDSC2KB019T8,4856
INTEL SSDSC2KB038T8,4567
INTEL SSDSC2KB240G7,2890
INTEL SSDSC2KB240G8,3408
INTEL SSDSC2KB480G7,3830
INTEL SSDSC2KB480G8,4081
INTEL SSDSC2KB960G7,4422
INTEL SSDSC2KB960G8,5431
INTEL SSDSC2KF256G8 256GB,4753
INTEL SSDSC2KF360H6 360GB,1578
INTEL SSDSC2KF480H6L,4484
INTEL SSDSC2KF512G8 512GB,2192
INTEL SSDSC2KG240G7,1609
INTEL SSDSC2KG480G8,4733
INTEL SSDSC2KG960G8,4541
INTEL SSDSC2KI128G8,3062
INTEL SSDSC2KW010T8,5050
INTEL SSDSC2KW256H6,4594
INTEL SSDSCIHW120A4,3005
INTEL SSDSCKGF256A5 256GB,4011
INTEL SSDSCKHB120G4,2589
INTEL SSDSCKHW120A4,3153
INTEL SSDSCKHW240A4,3839
INTEL SSDSCKJB150G7,1763
INTEL SSDSCKJB240G7,2758
INTEL SSDSCKKB240G8,3610
INTEL SSDSCKKR120H6,3868
INTEL SSDSCMMW120A3L,3409
INTEL SSDSXKROEMG5,3223
INTENS SSD 128GB,3863
INTENSO,5829
INTENSO III SSD,3687
Intenso NVME,13907
INTENSO PCIe,15225
Intenso Premium,14382
INTENSO SSD,17272
Intenso SSD,14288
INTENSO SSD 128GB,2336
Intenso SSD NVME,16266
Intenso SSD Sat,2728
Intenso SSD Sata,3026
Intenso SSD Sata ??,3365
Intenso SSD Sata III,3492
Intenso SSDIII,8259
IPASON PD350 1TB M2(nvme),22521
IPLEX SSD 128GB,2915
IPLEX SSD 256GB,3976
IR-SSDPR-P34B-01T-80,20224
IR-SSDPR-P34B-02T-80,23193
IR-SSDPR-P34B-25,10443
IR-SSDPR-P34B-256-80,11576
IR-SSDPR-P34B-512-80,17686
IR-SSDPR-S25A-120,2812
IR-SSDPR-S25A-240,2986
IR_SSDPR_S25A_120,2903
IRIDIUM PRO,3864
IRONWARE-SSD-PCIE-1024G,20258
IRP-SSDPR-P44A-1K0-80,42668
IRP-SSDPR-P44A-2K0-80,53180
IRP-SSDPR-P44A-4K0-80,42103
IRP-SSDPR-P44N-02T-30,38590
IRP-SSDPR-P44N-512-30,23823
IRP-SSDPR-P44S-1K0-80,31583
IRP-SSDPR-P44S-2K0-80,39528
IRP-SSDPR-P54S-1K0-80,48938
IRP-SSDPR-P54S-2K0-80,67699
IRP-SSDPR-P54S-4K0-80,73392
IRP-SSDPR-S25B-240,2989
IRP-SSDPR-S25C-256,4068
IRP-SSDPR-S25C-512,5017
IRP_SSDPR_S25B_240,4373
IRVINE 2.53 256GB,2705
ITECH 256GB,2925
IZOLY 256GB,2219
izoly-256GB,9955
J.ZAO 3 SERIES 2.5 INCH 480GB SSD,3057
J.ZAO 5 SERIES 256GB SSD,14063
J.ZAO 5 SERIES 512GB SSD,19359
J.ZAO KP SERIES 2TB SSD,34948
JAJM300M120C,2341
JAJM300M240C,3044
JAJMS600M128G,2533
JAJMS600M512G,4348
JAJP300M120GB,5950
JAJP600M1TB,12734
JAJP600M2TB,16030
JAJP600M4TB,16385
JAJP600M256GB,11630
JAJP600M500GB,12984
JAJP600M512GB,12514
JAJP6001TB-B27A2C512GB,10180
JAJPR600M2TB,21569
JAJPR7001TB,19055
JAJPS800 GEN4 2TB,31561
JAJS300M120C,2549
JAJS300M240C,3091
JAJS300M480C,3429
JAJS300M960C,3233
JAJS500M120C,2297
JAJS500M240C,3211
JAJS600M1TB,3902
JAJS600M2TB,4285
JAJS600M128C,2818
JAJS600M256C,3113
JAJS600M512C,2990
JAJS600M1920GB,2887
JAMES DONKEY JD240 240GB,2971
JAMES DONKEY JS100 120GB,3180
JAMESDONKEY JD120 120GB,2558
JAMESDONKEY JD240 240GB,2758
JAMESDONKEY JD240-LE 240GB,2424
JAMESDONKEY JD240LE 240GB,3072
JAMESDONKEY JD256 256GB,10684
JAMESDONKEY JD256H 256GB,13730
JAMESDONKEY JD480 480GB,2867
JAMESDONKEY JD512 512GB,12620
JAMESDONKEY JD960 960GB,2448
JAMESDONKEY JD1000PRO 256GB,14763
JAMESDONKEY JD1000PRO 512GB,16292
JAMESDONKEY JD1024 1TB,12908
JANUS SSD 1TB Gen4,36836
JANUS SSD 512GB Gen3,17726
JAZER P3500 1TB NVMe M.2,15782
JAZER P3500 2TB NVME M.2,21286
JAZER P3500 256GB NVME M.2,11647
JD 120GB,3287
JD 240GB,3300
JD 480GB,2932
JD NVME M.2 512GB,12324
JetFlash Transcend 16GB USB,238
JetFlash Transcend 32GB USB,375
JingHai 480GB,4040
JK SSD 256GB,3464
JK SSD 512GB,5051
JM SSD,590
JNH S720D-2TNVHS,39953
JNSSSDM512GBG3,19831
JOINT SSD 2.5\' H500 128GB,1992
JOINT SSD 2.5\' H500 256GB,3349
JOYSSD512,2858
JTSSD001,2014
JUHOR J5000 512GB NVMe M.2,44609
JUMPER 1T,19764
JUMPER 256G,4052
JUMPER 512G,10019
JunShi JS750 SSD 120GB,3070
K-1TB,3614
K-512,4443
K-Ricard SSD 128GB,9279
KAE2000A512HI47,3587
KAG12ZNS512G KIOXIA,6963
KBG4AZNS256G NVMe SED KIOXIA 256GB,12514
KBG4AZNV1T02 TOSHIBA MEMORY,14567
KBG4AZNV256G KIOXIA,13012
KBG4AZNV256G TOSHIBA MEMORY,11121
KBG4AZNV512G KIOXIA,13081
KBG4AZNV512G TOSHIBA MEMORY,13900
KBG5AZNS256G KIOXIA,5194
KBG5AZNS256G NVMe SED KIOXIA 256GB,19088
KBG5AZNT1T02 LA KIOXIA,22994
KBG5AZNT256G LA KIOXIA,18302
KBG5AZNT512G LA KIOXIA,19286
KBG5AZNV1T02 LA KIOXIA,23566
KBG5AZNV256G KIOXIA,18360
KBG5AZNV256G LA KIOXIA,18134
KBG5AZNV512G KIOXIA,21838
KBG5AZNV512G LA KIOXIA,21021
KBG6AZNS512G KIOXIA,19735
KBG6AZNT1T02 LA KIOXIA,35171
KBG6AZNT256G LA KIOXIA,23802
KBG6AZNT512G LA KIOXIA,28570
KBG6AZNV1T02 LA KIOXIA,35714
KBG6AZNV256G LA KIOXIA,24771
KBG6AZNV512G KIOXIA,26067
KBG6AZNV512G LA KIOXIA,29035
KBG20ZMS256G NVMe TOSHIBA 256GB,5136
KBG20ZMS512G NVMe TOSHIBA 512GB,5592
KBG30ZMS128G NVMe TOSHIBA 128GB,4800
KBG30ZMS256G NVMe TOSHIBA 256GB,5785
KBG30ZMS512G NVMe TOSHIBA 512GB,6538
KBG30ZMT128G TOSHIBA,4885
KBG30ZMT256G TOSHIBA,6665
KBG30ZMT512G TOSHIBA,8359
KBG30ZMV128G KIOXIA,5712
KBG30ZMV256G KIOXIA,7140
KBG30ZMV256G TOSHIBA,6474
KBG30ZMV512G KIOXIA,8514
KBG30ZMV512G TOSHIBA,7972
KBG30ZPZ128G TOSHIBA,4464
KBG30ZPZ256G TOSHIBA,6052
KBG30ZPZ512G TOSHIBA,6399
KBG40ZMT128G TOSHIBA MEMORY,8555
KBG40ZNS1T02 BG4A KIOXIA,17362
KBG40ZNS1T02 NVMe KIOXIA 1024GB,16002
KBG40ZNS1T02 TOSHIBA MEMORY,14616
KBG40ZNS128G BG4A KIOXIA,8938
KBG40ZNS128G NVMe KIOXIA 128GB,8480
KBG40ZNS128G NVMe TOSHIBA 128GB,8247
KBG40ZNS128G TOSHIBA MEMORY,8524
KBG40ZNS256G BG4A KIOXIA,13702
KBG40ZNS256G KIOXIA,11530
KBG40ZNS256G NVMe KIOXIA 256GB,11685
KBG40ZNS256G NVMe TOSHIBA 256GB,10790
KBG40ZNS256G TOSHIBA MEMORY,11961
KBG40ZNS512G BG4A KIOXIA,13958
KBG40ZNS512G NVMe KIOXIA 512GB,11432
KBG40ZNS512G NVMe TOSHIBA 512GB,11371
KBG40ZNS512G TOSHIBA MEMORY,12185
KBG40ZNT256G TOSHIBA MEMORY,12837
KBG40ZNT512G TOSHIBA MEMORY,13163
KBG40ZNV1T02 KIOXIA,14789
KBG40ZNV128G KIOXIA,8966
KBG40ZNV128G TOSHIBA MEMORY,11747
KBG40ZNV256G KIOXIA,12876
KBG40ZNV256G TOSHIBA MEMORY,11124
KBG40ZNV512G KIOXIA,12956
KBG40ZNV512G TOSHIBA MEMORY,12929
KBG40ZPZ1T02 NVMe KIOXIA 1024GB,15416
KBG40ZPZ1T02 NVMe TOSHIBA 1024GB,12918
KBG40ZPZ1T02 TOSHIBA MEMORY,14078
KBG40ZPZ128G BG4A KIOXIA,8145
KBG40ZPZ128G TOSHIBA MEMORY,8757
KBG40ZPZ256G BG4A KIOXIA,11003
KBG40ZPZ256G NVMe KIOXIA 256GB,12335
KBG40ZPZ256G NVMe TOSHIBA 256GB,9321
KBG40ZPZ256G TOSHIBA MEMORY,11748
KBG40ZPZ512G NVMe KIOXIA 512GB,12629
KBG40ZPZ512G NVMe TOSHIBA 512GB,12494
KBG40ZPZ512G TOSHIBA MEMORY,12387
KBG50ZNS1T02 KIOXIA,24785
KBG50ZNS1T02 NVMe KIOXIA 1024GB,23393
KBG50ZNS1T02-KIOXIA,21625
KBG50ZNS256G KIOXIA,14876
KBG50ZNS256G KIOXIA 256GB,16953
KBG50ZNS256G-KIOXIA,16282
KBG50ZNS512G KIOXIA,20242
KBG50ZNS512G NVMe KIOXIA 512GB,19663
KBG50ZNS512G-KIOXIA,19588
KBG50ZNT1T02 LS KIOXIA,23330
KBG50ZNT256G LS KIOXIA,16941
KBG50ZNT512G LS KIOXIA,19931
KBG50ZNV1T02 KIOXIA,24449
KBG50ZNV256G KIOXIA,16660
KBG50ZNV512G KIOXIA,20377
KBG60ZNS1T02 KIOXIA,37569
KBG60ZNS1T02-KIOXIA,38900
KBG60ZNS256G KIOXIA,22524
KBG60ZNS256G-KIOXIA,28858
KBG60ZNS512G KIOXIA,28069
KBG60ZNS512G-KIOXIA,32162
KBG60ZNT1T02 LS KIOXIA,38338
KBG60ZNT256G LS KIOXIA,28433
KBG60ZNT512G LS KIOXIA,33149
KBG60ZNV1T02 KIOXIA,36265
KBG60ZNV2T04 KIOXIA,38665
KBG60ZNV256G KIOXIA,24017
KBG60ZNV512G KIOXIA,29884
KBM SSD 1TB,2974
KBM SSD 128GB,3486
KBM SSD 256GB,1853
KBM SSD 512GB,3361
KDATA SSD 480GB,3589
KDNV256G-J12,14895
KDNV512G-J12,17728
KDS120G-L21,2672
KDS240G-L21,3093
KDS480G-L21,2959
KE680 SSD 2TB,47354
KEEPDATA M2 NVME 512GB,10129
KEEPDATA SSD 120GB,3096
KEEPDATA SSD 240GB,2814
KEPLER S2 512GB,3196
KF2509MCF 120GB,2305
KF2510MCF 120G,2553
KGSSD110128,2581
KimMiDi SSD T900 128GB,2725
KimMiDi SSD TB900 240GB,2536
KimMiDi TB900 SSD 256GB,2274
KimMiDi-T900 SSD 128GB,3123
kimtigo SSD 1TB,15060
kimtigo SSD 120GB,2444
kimtigo SSD 128GB,4244
kimtigo SSD 240GB,2974
kimtigo SSD 256GB,6666
kimtigo SSD 512GB,9894
KING SHARE SSD 120GB,1154
King-Pow King-Power 128GB,2583
KINGBANK KP230,18997
KINGBANK KP260,34243
KINGBANK KP260 PLUS,34317
KINGBANK KP320,3373
KINGBANK KP330,2805
KINGBANK ZG KZ600,19444
Kingchuxing 1TB,10522
Kingchuxing 2TB,3750
Kingchuxing 120GB,1788
Kingchuxing 128GB,3668
Kingchuxing 240GB,1461
Kingchuxing 256GB,6814
Kingchuxing 480GB,2679
Kingchuxing 512GB,6324
Kingchuxing M.2(NVME) 512GB,13634
KingDian M280 120GB,3088
KingDian M280 240GB,1247
KingDian N400 64GB,2416
KingDian N400 120GB,3239
KingDian N400 240GB,3232
KingDian N480 240GB,4187
KingDian N480-120GB,3961
KingDian NV480 128GB,8770
KingDian NV480 240GB,8969
KingDian S100 16GB,763
KingDian S180 60GB,1610
KingDian S200 60GB,1647
KingDian S200 120GB,1790
KingDian S280 1TB,3090
KingDian S280 120GB,3011
KingDian S280 240GB,3336
KingDian S280 480GB,3164
KingDian S280-120GB,3555
KingDian S280-240GB,3398
KingDian S280-480GB,3107
KingDian S290 120GB,2142
KingDian S290 240GB,3110
KingDian S370 256GB,3136
KingDian S370 512GB,2962
KingDian S400 120G,2804
KingDian S400 120GB,2808
KingDian S400 240GB,2813
KingDian S400 480GB,3007
KingDian S400 XT 240GB,2855
KingDian S400XT 60GB,1627
KingDian S400XT 120GB,2050
KingDian S400XT 240GB,1787
KingDian S500 240GB,1079
KingFast 1TB SSD,6457
KingFast 2TB SSD,9417
KingFast 64GB SSD,1353
KingFast 256GB SSD,4342
KingFast 512GB,5732
KingFast F2 32GB SSD,891
KingFast F6 30GB SSD,1179
KingFast F6 PRO 240GB SSD,2903
KingFast F6 PRO 480GB SSD,2859
KingFast F9 128GB SSD,3175
Kingfast F10 128GB SSD,3477
KingFast F16N 512GB,25290
KingFast F17N 1TB,39768
KingFast F17N 2TB,46713
KingFast F17N 4TB,30912
KingFast F17N 512GB,28920
Kingmax PCIe SSD 1TB,19789
Kingmax PCIe SSD 2TB,17923
Kingmax PCIe SSD 128GB,7468
Kingmax PCIe SSD 256GB,11908
Kingmax PCIe SSD 500GB,24489
Kingmax PCIe SSD 512GB,18517
Kingmax PCle SSD 128GB,5919
KINGMAX SSD 32GB,727
KINGMAX SSD 60GB,2151
KINGMAX SSD 120G,2914
KINGMAX SSD 120GB,2629
KINGMAX SSD 128GB,2706
KINGMAX SSD 240G,2921
KINGMAX SSD 240GB,3130
Kingmax SSD 256GB,2781
KINGMAX SSD 480GB,3172
Kingmax SSD 512GB,3604
Kingmax SSD 960GB,1462
Kingrich3 SSD 120GB,952
KINGRICH 64GB K93 SSD,1637
Kingrich KM3 32GB MSATA22,665
Kingrich KM9 60GB MSATA SSD,994
Kingrich KM9 64GB MSATA3 SSD,1532
Kingrich KM9 128GB MSATA3 SSD,1758
KINGRICH SSD 512GB,3089
KINGSMAN SSD 512GB,4008
KingSpec 128GB mSata SSD ACJC2M128mSH,1388
KingSpec 256GB SSD P3-256,3195
KingSpec 512GB M.2 NVMe NE-512,11808
KingSpec ACSC2M032mSA,2217
Kingspec ACSC2M128S25,1697
Kingspec ACSC2M256S25,2502
KingSpec Challenger C3000-120,2137
KingSpec KSD-PA25.6-064MS,382
KingSpec KSD-SA25.5-032MJ,592
KingSpec KSD-SA25.7-032MJ,634
KingSpec KSD-SA25.11-032MJ,391
KingSpec KSD-ZF18.6-064MS,354
KingSpec VP 1TB SSD,54471
Kingspeed 240GB,4424
KINGSTON 64UM32-M4GTY7B,3091
KINGSTON 128UM64-M4HTY7B,4221
KINGSTON 500GB SSD,35787
Kingston A400 120GB SSD,2684
Kingston A400 240GB SSD,2579
KINGSTON A400R256GB,2017
KINGSTON A2000 500GB SSD,12875
Kingston A29128,910
KINGSTON CY14-128,4456
Kingston DataTraveler 2.0 USB,84
Kingston DataTraveler 3.0 USB,2254
Kingston DataTraveler 70 USB,229
Kingston DT 101 G2 USB,110
Kingston DT Workspace USB,1063
Kingston FURY Renegade 1TB SSD,44311
KINGSTON FURY Renegade 2TB SSD,49167
Kingston FURY Renegade 4TB SSD,51416
Kingston HyperX 3K 90GB SH103S390G,2604
KINGSTON HyperX 3K 120GB,3842
Kingston HyperX 3K 120GB SH103S3120G,3490
Kingston HyperX 3K 240GB SH103S3240G,4002
Kingston HyperX 3K 480GB SH103S3480G,3790
Kingston HyperX 120GB SH100S3120G,3080
Kingston HyperX 240GB SH100S3240G,3294
Kingston HyperX 480GB SH100S3480G,3676
Kingston HyperX FURY 120GB,1892
Kingston KC2500 500GB SSD,20449
KINGSTON KC3000 1TB,43938
KINGSTON KC3000 2TB,49094
KINGSTON KC3000 4TB,51134
KINGSTON KC3000 512GB,35691
KINGSTON KINGSTON SA400S3,3130
KINGSTON KINGSTON SH103S3,4043
KINGSTON KINGSTON SHFS37A,3528
KINGSTON KINGSTON SKC300S,4309
KINGSTON KINGSTON SMS200S,3387
KINGSTON KINGSTON SUV400S,3766
KINGSTON KINGSTON SV300S3,3887
KINGSTON KINGSTON SVP200S,3258
Kingston M52532,512
Kingston M52564,870
KINGSTON MS80000059188,2543
KINGSTON NV1 1TB SSD,12312
KINGSTON NV1 2TB SSD,16035
KINGSTON NV1 250GB SSD,12792
KINGSTON NV1 500GB SSD,14839
Kingston NV2 1TB SSD,19539
KINGSTON NV2 2TB SSD,21173
KINGSTON NV2 4TB SSD,22870
KINGSTON NV2 250GB SSD,15992
KINGSTON NV2 500GB SSD,20042
KINGSTON NV3 1TB SSD,36796
KINGSTON NV3 2TB SSD,40945
KINGSTON NV3 4TB SSD,42763
KINGSTON NV3 500GB SSD,28081
KINGSTON NV4 64GB SSD,1129
KINGSTON NV4 128GB SSD,764
KINGSTON NV Plus 128GB SSD,1285
KINGSTON OCP0S3128B-A0,3068
KINGSTON OCP0S3128Q-A0,3242
KINGSTON OCP0S3256Q-A0,3440
KINGSTON OM3PDP3128B-AB,7671
KINGSTON OM3PDP3256B-A01,12978
KINGSTON OM3PDP3256B-AB,12895
KINGSTON OM3PDP3256B-AH,11024
KINGSTON OM3PDP3512B-A01,12512
KINGSTON OM3PGP4128P-AA,8794
KINGSTON OM3PGP4128P-AH,9900
KINGSTON OM3PGP4512Q-A0,27589
KINGSTON OM3PGP41024P-A0,31342
KINGSTON OM4P0S3128Q-A0,3833
KINGSTON OM8P0S3128B-A0,3430
KINGSTON OM8P0S3128Q-A0,3215
KINGSTON OM8P0S3256B-A0,4009
KINGSTON OM8P0S3256Q-A0,3913
KINGSTON OM8P0S3512B-A0,3700
KINGSTON OM8P0S3512F-00,4018
KINGSTON OM8P0S3512Q-A0,4265
KINGSTON OM8PCP3512F-A01,5545
KINGSTON OM8PCP3512F-A02,7927
KINGSTON OM8PCP3512F-AA,7552
KINGSTON OM8PCP3512F-AB,7891
KINGSTON OM8PCP3512F-AB1,7972
KINGSTON OM8PCP3512F-AI1,6815
KINGSTON OM8PCP31024F-A01,9939
KINGSTON OM8PCP31024F-AI1,11560
KINGSTON OM8PDP3 1TB SSD,16337
KINGSTON OM8PDP3 2TB SSD,53620
KINGSTON OM8PDP3 128GB SSD,9437
KINGSTON OM8PDP3 256GB SSD,13048
KINGSTON OM8PDP3 512GB SSD,13180
KINGSTON OM8PGP4128P-A0,9384
KINGSTON OM8PGP4128P-AA,9229
KINGSTON OM8PGP4128P-AB,8085
KINGSTON OM8PGP4128Q-AA,9429
KINGSTON OM8PGP4128Q-AB,8336
KINGSTON OM8PGP4256Q-A0,17568
KINGSTON OM8PGP4256Q-AA,19929
KINGSTON OM8PGP4512N-A0,16356
KINGSTON OM8PGP4512Q-A0,30179
KINGSTON OM8PGP4512Q-AA,28081
KINGSTON OM8PGP4512Q-AI,27887
KINGSTON OM8PGP41024N-A0,24947
KINGSTON OM8PGP41024N-A01,20750
KINGSTON OM8PGP41024Q-A0,33730
KINGSTON OM8PGP41024Q-AA,31807
KINGSTON OM8PGP42048N-A0,24704
KINGSTON OM8S1S3128K-AH,3721
KINGSTON OM8SBP3512K-AH,12254
KINGSTON OM8SEP4256Q-A0,12964
KINGSTON OM8SEP4256Q-A01,13294
KINGSTON OM8SEP4256Q-AA,14720
KINGSTON OM8SEP4512N-A0,15942
KINGSTON OM8SEP4512Q-A0,15359
KINGSTON OM8SEP4512Q-A01,20150
KINGSTON OM8SEP4512Q-AA,19743
KINGSTON OM8SEP41024N-A0,18108
KINGSTON OM8SEP41024Q-A0,18315
KINGSTON OM8SFP4512P-AH,20193
KINGSTON OM8SGP4256K2-A00,30535
KINGSTON OM8SGP4512K2-AI0,38252
KINGSTON OM8SGP4512K2-C00,31272
KINGSTON OM8TAP4512K1-A00,34480
KINGSTON OM8TAP41024K1-A00,41190
KINGSTON OM8TAP42048K1-A00,42606
KINGSTON OMSP0S3128Q-00,3064
KINGSTON OMSP0S3256Q-00,3330
KINGSTON RBU-SC100S37120GE,2208
KINGSTON RBU-SC100S37128G,2427
KINGSTON RBU-SC100S37128GD,2883
KINGSTON RBU-SC100S37128GE,2096
KINGSTON RBU-SC100S37240GE,2725
KINGSTON RBU-SC100S37256GD,3125
KINGSTON RBU-SC150S3760GD1,2674
KINGSTON RBU-SC150S37128GD,3223
KINGSTON RBU-SC152DS3764GG,2422
KINGSTON RBU-SC152DS37240GH,2952
KINGSTON RBU-SC152S3760GG,2533
KINGSTON RBU-SC152S37128GG2,2772
KINGSTON RBU-SC152S37256GG2,3409
KINGSTON RBU-SC400S37128,2842
KINGSTON RBU-SC400S37128G,3258
KINGSTON RBU-SC400S37256G,3710
KINGSTON RBU-SMS100S360GD,2483
KINGSTON RBU-SMS100S3128GA,2361
KINGSTON RBU-SMS100S3128GD,3056
KINGSTON RBU-SMS100S3256GA,3080
KINGSTON RBU-SMS151DS3128GG,1830
KINGSTON RBU-SMSM151S3128GD1,1832
KINGSTON RBU-SNS8100S360GD,2624
KINGSTON RBU-SNS8100S364G2,2356
KINGSTON RBU-SNS8100S3128GD,3151
KINGSTON RBU-SNS8100S3128GD1,3149
KINGSTON RBU-SNS8100S3256GD,3333
KINGSTON RBU-SNS8100S3256GD1,3343
KINGSTON RBU-SNS8151S396GG,1573
KINGSTON RBU-SNS8152S3128GF,2663
KINGSTON RBU-SNS8152S3128GG2,2791
KINGSTON RBU-SNS8152S3128GG5,3278
KINGSTON RBU-SNS8152S3128GG6,3127
KINGSTON RBU-SNS8152S3256GF,2679
KINGSTON RBU-SNS8152S3256GG2,3268
KINGSTON RBU-SNS8152S3256GG5,3615
KINGSTON RBU-SNS8152S3256GG6,3432
KINGSTON RBU-SNS8152S3512GF,3092
KINGSTON RBU-SNS8152S3512GG2,3992
KINGSTON RBUSC180DS37128GH,2415
KINGSTON RBUSC180DS37128GJ,3118
KINGSTON RBUSC180DS37256GH,2482
KINGSTON RBUSC180DS37256GJ,2667
KINGSTON RBUSC180S3764GJ,2622
KINGSTON RBUSC180S37128GJ,3158
KINGSTON RBUSC180S37256GJ,2543
KINGSTON RBUSMS180DS364GG,3590
KINGSTON RBUSMS180DS3128GH,2604
KINGSTON RBUSMS180S3128GJ,2811
KINGSTON RBUSNS4180S3256GG,3790
KINGSTON RBUSNS4180S3256GJ,3526
KINGSTON RBUSNS8154P3128GJ,5956
KINGSTON RBUSNS8154P3128GJ1,6231
KINGSTON RBUSNS8154P3128GJ3,6231
KINGSTON RBUSNS8154P3256GJ,7821
KINGSTON RBUSNS8154P3256GJ1,7859
KINGSTON RBUSNS8154P3256GJ2,7947
KINGSTON RBUSNS8154P3256GJ3,8204
KINGSTON RBUSNS8154P3256GJ5,8578
KINGSTON RBUSNS8154P3512GJ,9563
KINGSTON RBUSNS8154P3512GJ1,10037
KINGSTON RBUSNS8154P3512GJ3,9788
KINGSTON RBUSNS8154P3512GJ5,10577
KINGSTON RBUSNS8180DS3128GH,2429
KINGSTON RBUSNS8180DS3128GJ,2681
KINGSTON RBUSNS8180DS3256GH,3354
KINGSTON RBUSNS8180DS3256GJ,2745
KINGSTON RBUSNS8180DS3512GJ,2891
KINGSTON RBUSNS8180S3128GI,2642
KINGSTON RBUSNS8180S3128GI1,2792
KINGSTON RBUSNS8180S3128GJ,2795
KINGSTON RBUSNS8180S3256GJ,3339
KINGSTON RBUSNS8180S3512GJ,2707
KINGSTON RBUSNS8280S3128GH2,2307
Kingston Renegade 1TB SSD,46434
Kingston S10032,318
KINGSTON SA400M8120G,2944
KINGSTON SA400M8240G,3061
KINGSTON SA400M8480G,3806
KINGSTON SA400S3,2914
KINGSTON SA400S37 120GB,2582
KINGSTON SA400S37 240G,2349
KINGSTON SA400S37 240GB,2982
KINGSTON SA400S37 480GB,2030
Kingston SA400S37/120G,2388
KINGSTON SA400S37/120GB,2578
KINGSTON SA400S37/240G,2496
KINGSTON SA400S37/240GB,2423
KINGSTON SA400S37/480G,2601
KINGSTON SA400S37/480GB,2659
KINGSTON SA400S37/960G,2818
KINGSTON SA400S37120,1128
KINGSTON SA400S37120G,3568
KINGSTON SA400S37120GB,2407
KINGSTON SA400S37240,1230
KINGSTON SA400S37240G,3088
KINGSTON SA400S37240GB,2388
KINGSTON SA400S37480,1333
KINGSTON SA400S37480G,3284
KINGSTON SA400S37480GB,3067
KINGSTON SA400S37960G,3689
KINGSTON SA400S371920G,3215
KINGSTON SA1000M8240G,8156
KINGSTON SA1000M8480G,9300
KINGSTON SA1000M8960G,9326
KINGSTON SA2000M,10777
KINGSTON SA2000M8/250G,12182
KINGSTON SA2000M8/500G,9724
KINGSTON SA2000M8/1000G,13167
KINGSTON SA2000M8250G,10482
KINGSTON SA2000M81000G,13908
KINGSTON SE50S3480G,3710
KINGSTON SEDC400S37480G,4073
KINGSTON SEDC450R480G,4651
KINGSTON SEDC450R960G,5416
KINGSTON SEDC500M960G,3346
KINGSTON SEDC500R480G,4721
KINGSTON SEDC600M480G,4372
KINGSTON SEDC600M960G,4303
KINGSTON SEDC600M1920G,5155
KINGSTON SEDC1000BM8480G,12756
KINGSTON SEDC1000BM8960G,9117
KINGSTON SEDC2000BM8960G,23674
KINGSTON SFYR2S1T0,80010
KINGSTON SFYR2S2T0,88837
KINGSTON SFYR2S4T0,92647
KINGSTON SFYRD20,44326
KINGSTON SFYRDY2000G,49300
KINGSTON SFYRS10,41127
KINGSTON SFYRSK500G,35070
KINGSTON SFYRSK1000G,43849
KINGSTON SFYRSY500G,42675
KINGSTON SH103S3,3519
KINGSTON SHFR200240G,3901
KINGSTON SHFR200480G,4209
KINGSTON SHFR200960G,4031
KINGSTON SHFS37A,3376
KINGSTON SHFS37A120G,2800
KINGSTON SHFS37A240G,3501
KINGSTON SHFS37A480G,3405
Kingston SHPM2280P2/240G,8222
Kingston SHPM2280P2/480G,9785
Kingston SHPM2280P2H/240G,8219
Kingston SHPM2280P2H/480G,9108
KINGSTON SHSS37A,2819
KINGSTON SHSS37A120G,3154
KINGSTON SHSS37A240G,3602
KINGSTON SHSS37A480G,3684
KINGSTON SHSS37A960G,3949
KINGSTON SKC100S3120G,2980
KINGSTON SKC100S3240G,4162
KINGSTON SKC100S3480G,3032
KINGSTON SKC300S,4290
KINGSTON SKC300S37A60G,2949
KINGSTON SKC300S37A120G,3197
KINGSTON SKC300S37A180G,3788
KINGSTON SKC300S37A240G,3835
KINGSTON SKC300S37A480G,3521
KINGSTON SKC380S360G,1943
KINGSTON SKC380S3120G,2060
KINGSTON SKC400S371T,3992
KINGSTON SKC400S37128G,1638
KINGSTON SKC400S37256G,3291
KINGSTON SKC400S37512G,3401
KINGSTON SKC600/256G,2598
KINGSTON SKC600/512G,2799
KINGSTON SKC600/1024G,3263
KINGSTON SKC600MS256G,3676
KINGSTON SKC600MS512G,4310
KINGSTON SKC600MS1024G,4247
KINGSTON SKC2000M8250G,13470
KINGSTON SKC2000M8500G,17056
KINGSTON SKC2000M81000G,18663
KINGSTON SKC2000M82000G,18793
KINGSTON SKC2500M8250G,15656
KINGSTON SKC2500M81000G,20437
KINGSTON SKC2500M82000G,20943
KINGSTON SKC3000,43201
KINGSTON SKC3000S/1024G,28001
KINGSTON SKC30001TB,29817
KINGSTON SKC600256G,4584
KINGSTON SKC600512G,4262
KINGSTON SKC1000240G,9907
KINGSTON SKC1000480G,10806
KINGSTON SKC1000960G,10283
KINGSTON SKC6001024G,4266
KINGSTON SKC6002048G,4512
KINGSTON SM2280S3G2120G,3055
KINGSTON SM2280S3G2240G,3481
KINGSTON SM2280S3G2480G,4080
KINGSTON SM2280S3120G,3147
KINGSTON SM2280S3240G,3309
KINGSTON SMS100S232G,774
KINGSTON SMS100S264G,1317
KINGSTON SMS151S324G,1265
KINGSTON SMS200S,3423
KINGSTON SMS200S330G,1706
KINGSTON SMS200S360G,2447
KINGSTON SMS200S3120G,3209
KINGSTON SMS200S3240G,3830
KINGSTON SMSM151S3128GD,1899
KINGSTON SMSR150S3256G,1782
KINGSTON SNV2S 500GB,7752
KINGSTON SNV3SM31T0,30199
KINGSTON SNV3SM32T0,34501
KINGSTON SNV3SM3500G,26888
KINGSTON SQ500S37120G,2500
KINGSTON SQ500S37240G,3243
KINGSTON SQ500S37480G,3647
KINGSTON SQ500S37960G,4371
KINGSTON SRNG2S1T0,80628
KINGSTON SRNG2S2T0,90239
KINGSTON SS200S330G,1385
KINGSTON SSD 120GB,2329
Kingston SSD 240GB,2891
KINGSTON SSDNow 40GB,708
Kingston SSDNow 64GB,986
Kingston SSDNow 256GB,668
Kingston SSDNow V Series,496
Kingston SSDNow V Series 64GB,513
KINGSTON SSDNow V+200 60GB,1460
KINGSTON SSDNow V+200 120GB,2369
KINGSTON SUV100S37A120G,1846
KINGSTON SUV300S,3509
KINGSTON SUV300S37A1,1514
KINGSTON SUV300S37A120G,2892
KINGSTON SUV300S37A240G,3604
KINGSTON SUV300S37A480G,3318
KINGSTON SUV400S,3279
KINGSTON SUV400S37 120G,2362
KINGSTON SUV400S37 240G,2509
KINGSTON SUV400S37 240GB,2933
KINGSTON SUV400S37/120G,2427
KINGSTON SUV400S3712,1346
KINGSTON SUV400S3724,1741
KINGSTON SUV400S3748,1722
KINGSTON SUV400S37120G,3213
KINGSTON SUV400S37240G,3881
KINGSTON SUV400S37480G,3789
KINGSTON SUV400S37960G,4414
KINGSTON SUV500M8120G,2893
KINGSTON SUV500M8240G,4001
KINGSTON SUV500M8480G,4241
KINGSTON SUV500M8960G,4160
KINGSTON SUV500MS120G,2855
KINGSTON SUV500MS240G,3688
KINGSTON SUV500MS480G,3565
KINGSTON SUV500120G,2619
KINGSTON SUV500240G,3713
KINGSTON SUV500480G,3776
KINGSTON SUV500960G,3650
KINGSTON SV100S232G,711
KINGSTON SV100S264G,1021
KINGSTON SV100S2128G,1111
KINGSTON SV100S2256G,916
KINGSTON SV200S3,1336
KINGSTON SV200S364G,779
KINGSTON SV200S3128G,1383
KINGSTON SV200S3256G,799
Kingston SV300 S37A 120GB,1844
KINGSTON SV300S3,3521
KINGSTON SV300S37A12,1427
KINGSTON SV300S37A24,1578
KINGSTON SV300S37A60,1333
KINGSTON SV300S37A60G,2196
KINGSTON SV300S37A120G,3252
KINGSTON SV300S37A120G 120.0GB,4497
Kingston SV300S37A120G USB,1796
KINGSTON SV300S37A240G,3365
KINGSTON SV300S37A480G,3797
KINGSTON SV300S37A 240G,2793
KINGSTON SV300S37A/120G,1847
KINGSTON SV300S3240G,3013
KINGSTON SV310S37A960G,2958
Kingston SV400S37/60G,2313
KINGSTON SVP100S,1273
KINGSTON SVP100S264G,1255
KINGSTON SVP100S296G,1394
KINGSTON SVP100S2128G,1570
KINGSTON SVP100S2256G,1234
KINGSTON SVP100S2512G,1370
KINGSTON SVP180S264G,1232
KINGSTON SVP180S2256G,1283
KINGSTON SVP200S,2737
KINGSTON SVP200S37A1,1490
KINGSTON SVP200S37A60G,1876
KINGSTON SVP200S37A90G,2009
KINGSTON SVP200S37A120G,2387
KINGSTON SVP200S37A240G,3229
KINGSTON SVP200S37A256G,2785
KINGSTON SVP200S390G,1949
KINGSTON SVP200S3120G,2236
KINGSTON SVP200S3240G,2683
KINGSTON SVP200S3480G,2702
Kingston T52732,603
Kingston TA2864,1215
Kingston TA2964,866
Kingston TX2964,1416
Kingston TY2964,1326
KINGSTON USNS8154P3256GJ,7841
KINGSTON USNS8180S3512GJ,2501
Kingston X29128,1260
Kingston Y29128,1379
KINGSTONG SV300S37A/120G,2282
KingstonSA400S37,3028
KingstonSA400S37/120G,4013
KingstonSA400S37/480G,3008
Kinricun 256GB,3755
KINTSTON SV300S37A120G,2374
KIOXIA (Toshiba) 128GB,4951
KIOXIA GX8 4TB SSD,45141
KIOXIA KCMYXRUG1T92,49861
KIOXIA KSG60ZMV256G M.2 2280 256GB,4114
KIOXIA KXG70ZNV1T02 1024GB,34633
KIOXIA THGJFJT1E45BATPA,15688
KIOXIA THGJFJT1E45BATPC,8946
KIOXIA THGJFJT2T85BAT0A,17151
KIOXIA THGJFMT1E45BATVB,17197
KIOXIA THGJFMT2E46BATVB,17501
KIOXIA XG6 512GB SSD,18528
KIOXIA XG8 1TB SSD,41503
KIOXIA XG8 2TB SSD,41928
KIOXIA XG8 512GB SSD,35900
KIOXIA XG8 LA 1TB SSD,40548
KIOXIA XG8 LA 2TB SSD,40888
KIOXIA XG8 LA 4TB SSD,43199
KIOXIA XG8 LA 512GB SSD,33224
KIOXIA XG8 LS 512GB SSD,40601
KIOXIA-EXCERIA BASIC SSD,53202
KIOXIA-EXCERIA G2 SSD,15423
KIOXIA-EXCERIA G3 SSD,59045
KIOXIA-EXCERIA PLUS G2 SSD,22140
KIOXIA-EXCERIA PLUS G3 SSD,30261
KIOXIA-EXCERIA PLUS G4 SSD,60559
KIOXIA-EXCERIA PLUS SSD,21006
KIOXIA-EXCERIA PRO SSD,42949
KIOXIA-EXCERIA S,5886
KIOXIA-EXCERIA SSD,9176
KIOXIA-EXCERIA with Heatsink SSD,35962
KISSIN,2510
KLEVV CRAS C700 240GB SSD,7947
KLEVV CRAS C700 480GB SSD,10510
KLEVV CRAS C710 1TB SSD,14247
KLEVV CRAS C710 256GB SSD,12752
KLEVV CRAS C710 512GB SSD,13307
KLEVV CRAS C715 1TB SSD,19982
KLEVV CRAS C715 512GB SSD,18483
KLEVV CRAS C715 M.2 NVMe SSD 256GB,16962
KLEVV CRAS C720 1TB SSD,21230
KLEVV CRAS C720 2TB SSD,24078
KLEVV CRAS C720 512GB SSD,15036
KLEVV CRAS C730 1TB SSD,24094
KLEVV CRAS C730 2TB SSD,23303
KLEVV CRAS C910 1TB SSD,30071
KLEVV CRAS C910 2TB SSD,34004
KLEVV CRAS C910 4TB SSD,32329
KLEVV CRAS C910 500GB SSD,26419
KLEVV CRAS C910 Lite 1TB SSD,27025
KLEVV CRAS C910G M.2 NVMe SSD 1TB,31854
KLEVV CRAS C910G M.2 NVMe SSD 2TB,34762
KLEVV CRAS C920 1TB SSD,35224
KLEVV CRAS C925 1TB SSD,51789
KLEVV CRAS C925 M.2 NVMe SSD 2TB,43647
KLEVV CRAS C925 M.2 NVMe SSD 500GB,44965
KLEVV CRAS C925G M.2 NVMe SSD 1TB,41936
KLEVV CRAS C930 1TB SSD,47537
KLEVV CRAS C930 2TB SSD,43835
KLEVV CRAS RGB C700 240GB SSD,8804
KLEVV CRAS RGB C700 480GB SSD,9524
KLEVV CRAS RGB C700 960GB SSD,9524
KLEVV NEO N400 SSD 120GB,2763
KLEVV NEO N400 SSD 240GB,3089
KLEVV NEO N400 SSD 480GB,3512
KLEVV NEO N610 SSD 1TB,4431
KLEVV NEO N610 SSD 256GB,4182
KLEVV NEO N610 SSD 512GB,4550
KLEVV SSD NEO N500 120GB,2040
KLEVV SSD NEO N500 240GB,2205
KLEVV SSD NEO N510+ 240GB,2816
KLEVV SSD NEO N600 480GB,4584
KLEVV SSD NEO N600 M.2 240GB,3884
KLLISRE 1TB,9565
KLLISRE 128GB,7569
KLLISRE 240GB,2518
KLLISRE 256GB,9166
KLLISRE 512GB,11728
KM600 256GB SSD,15419
KM600 ULTRA SSD 256GB,14832
KNUP,2704
KNUP M.2 128GB,5799
KNUP M.2 256GB,3999
KNUP NVME 1TB,18641
KNUP NVME 256GB,11987
KNUP NVME 512GB,16067
KNUP SSD 128GB,2939
KNUP SSD 256GB,2048
KODAK PSSD X350 1TB,16797
KODAK PSSD X350 512GB,14910
KODAK PSSD X410 1000GB,29951
KODAK SSD X100 120GB,1752
KODAK SSD X100 240GB,2697
KODAK SSD X120 PRO 1TB,3402
KODAK SSD X120 PRO 256GB,2542
KODAK SSD X120 PRO 512GB,3273
KODAK SSD X130 PRO 1TB,3029
KODAK SSD X130 PRO 128GB,2535
KODAK SSD X130 PRO 256GB,3003
KODAK SSD X130 PRO 512GB,2315
KODAK SSD X350 1TB,14588
KODAK SSD X350 256GB,14165
KODAK SSD X350 512GB,11882
KODAK SSD X410 1000GB,36110
KODAK SSD X410 2000GB,48549
KODAK X150 240GB,3192
KODAK X150 480GB,3013
KOWIN KAE2000A256NS47,3759
KOWIN KAE2000A512NS87,3350
KOWIN KWCMS100256,3658
KPART512GBC2DVS,18332
KPART512GBC2DVT,16830
KPEGYJTBX4M512BCGC,13218
KPEGYMTBW2M512GCJD,25566
KPEGYMTBW2U001TCJD,24532
KPSS120G2,2004
KPSSD-120GB,2220
KPSSD-240GB,2903
KSM SSD 512GB,20475
KSQ120,2748
KSQ240,2658
Kston 128GB,2556
Kston 256GB,2576
Kston 512GB,3303
KTROK960GB,3509
KTROK SSD m.2 NVMe 256GB,9440
KUIJIA DK500/120G,2867
KUIJIA DK500/120GB,3772
KUU-128GB,2852
KUU-256GB,4255
KUU-512GB,3692
KXG5AZNV1T02 NVMe SED TOSHIBA 1024GB,16091
KXG5AZNV256G NVMe SED TOSHIBA 256GB,11877
KXG5AZNV512G KIOXIA,14608
KXG6APNV2T04 TOSHIBA,23694
KXG6AZNV1T02 KIOXIA,22343
KXG6AZNV1T02 NVMe SED KIOXIA 1024GB,20797
KXG6AZNV1T02 TOSHIBA,20504
KXG6AZNV256G KIOXIA,15307
KXG6AZNV256G NVMe SED KIOXIA 256GB,13552
KXG6AZNV256G NVMe SED TOSHIBA 256GB,13852
KXG7APN84T09 LA KIOXIA,31930
KXG7APNV2T04 LA KIOXIA,26738
KXG7AZNV1T02 LA KIOXIA,35167
KXG7AZNV256G LA KIOXIA,19470
KXG7AZNV512G LA KIOXIA,29283
KXG8AZNV1T02 NVMe SED KIOXIA 1024GB,45801
KXG8AZNV2T04 KIOXIA,39591
KXG8AZNV512G NVMe SED KIOXIA 512GB,39132
KXG50PNV2T04 KIOXIA,14645
KXG50PNV2T04 NVMe KIOXIA 2048GB,15642
KXG50ZNV512G KIOXIA,14761
KXG60PNV1T02 NVMe KIOXIA 1024GB,21362
KXG60PNV1T02 NVMe TOSHIBA 1024GB,20457
KXG60PNV2T04 KIOXIA,22833
KXG60PNV2T04 NVMe KIOXIA 2048GB,22854
KXG60PNV2T04 TOSHIBA,21792
KXG60PNV512G NVMe KIOXIA 512GB,18905
KXG60PNV512G NVMe TOSHIBA 512GB,19407
KXG60ZNV1T02 KIOXIA,20615
KXG60ZNV1T02 NVMe KIOXIA 1024GB,21123
KXG60ZNV1T02 TOSHIBA,19098
KXG60ZNV256G KIOXIA,15539
KXG60ZNV256G NVMe KIOXIA 256GB,15470
KXG60ZNV512G KIOXIA,18919
KXG60ZNV512G NVMe KIOXIA 512GB,18819
KXG60ZNV512G TOSHIBA,18163
KXG70PN84T09 NVMe KIOXIA 4096GB,33090
KXG70PNV2T04 KIOXIA,36825
KXG70PNV2T04 NVMe KIOXIA 2048GB,30773
KXG70ZNV1T02 KIOXIA,36195
KXG70ZNV512G NVMe KIOXIA 512GB,30759
KXG80ZNV512G REV2 KIOXIA,35337
KY3100-1TB,22934
KYO,14066
KYO-128GB,5643
KYO-256GB,8081
KYO-512GB,10804
KYSSD 512GB,12687
KZ128,5084
KZ256,10065
KZ512,8262
KZ1000,8933
L-ISS512 SSD 512GB,3639
LAPCARE,3749
LB M3 120G SSD,2345
LDLC F6+M.2 240,2612
LDLC F6+M.2 480,3508
LDLC F7+120GB,3006
LDLC F7+240GB,2300
LDLC F7+480GB,2721
LDLC F8+M.2 240,10198
LDLC F8+M.2 480,11708
LDLC SSD F7 PLUS 3D NAND 240GB,3129
LDS2000G7GB,3668
Lecoo PER512GG30-M.2/80,15146
LEGEND 700 GOLD,14899
Lenovo AH6661 512GB,11889
Lenovo E660 SSD-2.5-1TB,2254
Lenovo E660 SSD-2.5-512G,3051
Lenovo E660 SSD-mSATA-1TB,3443
Lenovo E680 SSD-M.2-2280s-NVMe-512G,15515
Lenovo SSD LN860 1TB,24458
Lenovo SSD LS800 480GB,4141
Lenovo SSD SL700 1TB,3416
Lenovo SSD SL700 120G,2207
Lenovo SSD SL700 240G,2364
Lenovo SSD SL700 480G,3546
Lenovo SSD ST510 120G,3859
Lenovo-LS510-2242-120GB,3161
LENSE20256GMSP34MEAT2TA,8557
LENSE20512GMSP34MEAT2TA,10894
LENSE30512GMSP34MEAT3TA,13890
LENSE40512GMSP34MESTB3A,14488
LEQIXIANG SSD 256GB,2007
LEQIXIANG SSD 512GB,6639
Leven JS500120C,2478
Lexar 1TB SSD,17662
Lexar 2TB SSD,35645
Lexar 120GB SSD,2489
Lexar 128GB SSD,2941
Lexar 240GB SSD,2404
Lexar 250GB SSD,10053
Lexar 256GB SSD,4984
Lexar 480GB SSD,2546
Lexar 500GB SSD,11572
Lexar 512GB SSD,11914
Lexar 960GB SSD,3243
Lexar NM790 1TB SSD,40830
Lexar NM790 2TB SSD,48375
Lexar NM790 4TB SSD,47826
Lexar NM800 PRO 2TB SSD,49616
Lexar NQ790 1TB SSD,41013
Lexar NQ790 2TB SSD,44171
Lexar NQ790 4TB SSD,45016
Lexar SSD,7427
Lexar SSD ARES 1TB,42404
Lexar SSD ARES 2TB,45427
Lexar SSD ARES 4TB,40673
Lexar SSD ARES 512GB,28792
Lexar SSD ARES PRO 1TB,64942
Lexar SSD ARES PRO 2TB,68464
Lexar SSD ARES PRO 4TB,73578
Lexar SSD EQ790 1TB,40912
Lexar SSD EQ790 2TB,39864
Lexar SSD EQ790 4TB,48790
Lexar SSD NM6A1 1TB,20466
Lexar SSD NM6A1 256GB,13267
Lexar SSD NM6A1 512GB,19956
Lexar SSD NM7A1 1TB,33563
Lexar SSD NM7A1 2TB,36246
Lexar SSD NM7A1 512GB,30040
Lexar SSD NM100 128GB,3925
Lexar SSD NM100 256GB,3824
Lexar SSD NM100 512GB,3977
Lexar SSD NM610 512GB,15978
Lexar SSD NM610 PRO 1TB,21604
Lexar SSD NM610 PRO 2TB,23300
Lexar SSD NM610 PRO 500GB,18434
Lexar SSD NM610PRO 1TB,21313
Lexar SSD NM610PRO 2TB,20838
Lexar SSD NM610PRO 500GB,17735
Lexar SSD NM620,13798
Lexar SSD NM620 1TB,20738
Lexar SSD NM620 2TB,20795
Lexar SSD NM620 256GB,15670
Lexar SSD NM620 512GB,18975
Lexar SSD NM710 1TB,32920
Lexar SSD NM710 2TB,33719
Lexar SSD NM710 500GB,27453
Lexar SSD NM760 1TB,24962
Lexar SSD NM760 2TB,26689
Lexar SSD NM760 512GB,24616
Lexar SSD NM790 1TB,44292
Lexar SSD NM790 2TB,46511
Lexar SSD NM790 4TB,45653
Lexar SSD NM790 8TB,39893
Lexar SSD NM790 512GB,32560
Lexar SSD NM800PRO 1TB,45602
Lexar SSD NM800PRO 512GB,38304
Lexar SSD NM990 1TB,52604
Lexar SSD NM990 2TB,74538
Lexar SSD NM1090 1TB,65478
Lexar SSD NM1090 2TB,65263
Lexar SSD NM1090 PRO 1TB,74880
Lexar SSD NM1090 PRO 2TB,77326
Lexar SSD NM1090 PRO 4TB,79620
Lexar SSD NQ6A1 512GB,20867
Lexar SSD NQ7A1 1TB,38098
Lexar SSD NQ7A1 2TB,41234
Lexar SSD NQ7A1 512GB,27668
Lexar SSD NQ100 240GB,3376
Lexar SSD NQ100 256GB,4121
Lexar SSD NQ100 480GB,3700
Lexar SSD NQ100 960GB,3690
Lexar SSD NQ100 1920GB,3572
Lexar SSD NQ700 1TB,24437
Lexar SSD NQ700 2TB,27281
Lexar SSD NQ710 1TB,30039
Lexar SSD NQ710 2TB,32843
Lexar SSD NQ710 500GB,18328
Lexar SSD NQ780 1TB,36574
Lexar SSD NQ780 2TB,45360
Lexar SSD NQ780 4TB,46787
Lexar SSD NQ780 512GB,27705
Lexar SSD NQ790 500GB,36485
Lexar SSD NS10LT 240GB,2264
Lexar SSD NS100 1TB,3777
Lexar SSD NS100 2TB,3618
Lexar SSD NS100 128GB,3215
Lexar SSD NS100 256GB,3593
Lexar SSD NS100 512GB,3738
Lexar SSD PLAY 1TB,31914
Lexar SSD PLAY 2TB,39980
Lexar SSD PLAY 4TB,46163
Lexar SSD THOR 2TB,29931
Lexar SSD THOR PRO 1TB,32750
Lexar SSD THOR PRO 2TB,38983
Lexar USB Flash Drive USB,578
Linkmore XE-300 Lite 256GB,12601
Lite-On 120GB SSD PH6-CE120,2879
Lite-On 240GB SSD PH6-CE240,3927
Lite-On 480GB SSD PH6-CE480,3413
LITEON CA1-8D128,6287
LITEON CA1-8D128-HP,6332
LITEON CA1-8D256,10902
LITEON CA1-8D256-HP,9360
LITEON CA1-8D512,11149
LITEON CA3-8D128-HP,5827
LITEON CA3-8D256,10278
LITEON CA3-8D256-HP,11689
LITEON CA3-8D512,14211
LITEON CA5-8D256,13221
LITEON CA5-8D512,15617
LITEON CB1-SD256,7216
LITEON CB1-SD512,5647
LITEON CL1-4D128,7903
LITEON CL1-4D256,10207
LITEON CL1-8D128-HP,7237
LITEON CL1-8D256,12707
LITEON CL1-8D256-HP,11729
LITEON CL1-8D512,11514
LITEON CL1-8D512-HP,13263
LITEON CS1-SP32,2128
LITEON CS1-SP32-11 M.2 2242 32GB,1660
LITEON CV1-8B64,2346
LITEON CV1-8B128,2983
LITEON CV1-8B128-HP,2984
LITEON CV1-8B256,3824
LITEON CV1-8B256-HP,3786
LITEON CV1-8B512,4116
LITEON CV1-8B512-HP,4258
LITEON CV1-CC128,2791
LITEON CV1-CC128-11 2.5 7mm 128GB,2695
LITEON CV1-CC256,3652
LITEON CV1-DB256,3828
LITEON CV1-MB256-11 MSATA 256GB,2898
LITEON CV1-SB128,2803
LITEON CV3-8D128,2943
LITEON CV3-8D128-11 128GB,3121
LITEON CV3-8D128-11 SAT,3529
LITEON CV3-8D128-HP,3204
LITEON CV3-8D256,3562
LITEON CV3-8D256-11 256GB,3523
LITEON CV3-8D256-41 256GB SED,3486
LITEON CV3-8D256-HP,3614
LITEON CV3-8D512,3843
LITEON CV3-8D512-11 512GB,3801
LITEON CV3-8D512-41 512GB SED,3668
LITEON CV3-CE128,2929
LITEON CV3-CE128-11 128GB,3110
LITEON CV3-CE128-HP,2567
LITEON CV3-CE256,3292
LITEON CV3-CE256-11 256GB,3490
LITEON CV3-CE256-HP,3632
LITEON CV3-CE512-11 512GB,3717
LITEON CV3-DE128,3238
LITEON CV3-DE256,3558
LITEON CV3-DE512,3569
LITEON CV3-SD256,4039
LITEON CV3-SD512,3524
LITEON CV4-8Q128-HP,2978
LITEON CV5-8Q256-HP,3528
LITEON CV5-CQ512-11 512GB,2955
LITEON CV6-8Q128,3144
LITEON CV6-8Q256,3376
LITEON CV6-CQ128,2949
LITEON CV8-8E128,3289
LITEON CV8-8E128-11 128GB,3160
LITEON CV8-8E128-HP,3207
LITEON CV8-8E256,3647
LITEON CV8-8E256-11 256GB,3673
LITEON CV8-8E256-HP,3475
LITEON CV8-8E512,3906
LITEON CV8-8E512-11 512GB,3921
LITEON CV8-CE128,3029
LITEON CV8-CE128-11 128GB,3231
LITEON CV8-CE256,3585
LITEON CV8-CE256-11 256GB,3688
LITEON CV8-CE256-HP,3992
LITEON CX1-GB512-D11 M.2 2280 512GB,4899
LITEON CX1-JB256-HP,4669
LITEON CX1-JB512-HP,5035
LITEON CX2-8B256,9895
LiteOn CX2-8B256-Q11 256GB NVMe,10093
LITEON CX2-8B512,10169
LiteOn CX2-8B512-Q11 512GB NVMe,11357
LITEON CX2-GB1024-Q11 NVMe 1TB,12913
LITEON ECE-240NAS,3218
LITEON EPX-KW960,10621
LITEON I T SCS-128L9S,3007
LITEON IT L8H-64V2G,2178
LITEON IT L8H-128V2G,2763
LITEON IT L8T-64L9G,2739
LITEON IT L8T-128L9G,3550
LITEON IT L8T-128L9G-HP,3266
LITEON IT L8T-256L9G,4130
LITEON IT L8T-256L9G-HP,4276
LITEON IT LCS-25,3990
LITEON IT LCS-128L9S,3255
LITEON IT LCS-128L9S-11 2.5 7mm 128GB,3420
LITEON IT LCS-128L9S-HH,3339
LITEON IT LCS-128L9S-HP,3500
LITEON IT LCS-256L9S,4057
LITEON IT LCS-256L9S-11,3531
LITEON IT LCS-256L9S-11 2.5 7mm 256GB,3992
LITEON IT LCS-256L9S-HP,3603
LITEON IT LCT-512L9S,3482
LITEON IT LCT-512L9S-11 2.5 7mm 512GB,3478
LITEON IT LDS-128L9S,2751
LITEON IT LDS-256L9S,3759
LITEON IT LMH-256V2M,3395
LITEON IT LMT-128L9M,3636
LITEON IT LMT-128L9M-11 MSATA 128GB,3038
LITEON IT LMT-256L9M,4014
LITEON IT LMT-256L9M-11 MSATA 256GB,3768
LITEON IT LMT-512L9M-11 MSATA 512GB,3562
LITEON IT LST-32S9G-HP,2394
LITEON IT N3-L2128,2856
LITEON IT SCS-128L9S,2961
LITEON IT SCS-256L9S,3036
LITEON J8-L1032-11 M.2 2260 32GB,822
LITEON L8H-128V2G,3020
LITEON L8H-128V2G-11 M.2 2280 128GB,2908
LITEON L8H-128V2G-HP,2824
LITEON L8H-256V2G,3551
LITEON L8H-256V2G-11 M.,3556
LITEON L8H-256V2G-11 M.2 2280 256GB,3586
LITEON L8H-256V2G-41 M.2 2280 256GB SED,3594
LITEON L8H-256V2G-HP,3452
LITEON L CH-256V2S-HP,3453
LITEON LCH-128V2S,2809
LITEON LCH-128V2S-11 2.5 7mm 128GB,2788
LITEON LCH-128V2S-11 22,2970
LITEON LCH-128V2S-HP,2707
LITEON LCH-256V2S,3644
LITEON LCH-256V2S-11 2.5,2652
LITEON LCH-256V2S-11 2.5 7mm 256GB,3551
LITEON LCH-256V2S-11 22,3465
LITEON LCH-256V2S-HP,3421
LITEON LCH-512V2S,4123
LITEON LCH-512V2S-11 2.,4415
LITEON LCH-512V2S-11 2.5 7mm 512GB,3900
LITEON LDH-256V2S,3222
LITEON LGH-512V2G,3603
LITEON LGH-512V2G-11 M.2 2280 512GB,3883
LITEON LJH-128V2G-11 M.2 2260 128GB,2852
LITEON LJH-256V2G-11 M.2 2260 256GB,3379
LITEON LMH-128V2M,3064
LITEON LMH-128V2M-11 MSATA 128GB,2914
LITEON LMH-256V2M,3323
LITEON LMH-256V2M-11 MM,3702
LITEON LMH-256V2M-11 MSATA 256GB,3502
LITEON LMH-512V2M-11 MSATA 512GB,3880
LITEON S980 256,11617
LITEON T9 256,3158
LITEON T10 240,11905
LITEON V2G pro 256,4038
LITEON V2S pro 128,2049
LITEONIT 80GB E200-080,1841
LITEONIT 128GB LAT-128M2S,2517
LITEONIT 128GB LCT-128M3S,2932
LITEONIT 128GB LMT-128M3M,3271
LITEONIT 128GB S100-128,3079
LITEONIT 160GB E200-160,2541
LITEONIT 256GB LAT-256M2S,2573
LITEONIT 256GB LAT-256M3S,3656
LITEONIT 256GB LCT-256M3S,3549
LITEONIT 256GB LMT-256M3M,3739
LITEONIT 512GB LCT-512M3S,3570
LITEONIT CMT-128L3M,3310
LITEONIT DMT-80M6M-11 mS,1860
LITEONIT DMT-80M6M-11 mSATA 80GB,2664
LITEONIT E200-080,2369
LITEONIT L8T-64L6G-HP,1978
LITEONIT L8T-128L6G-HP,3501
LITEONIT L8T-128L9G-11 M.2 2280 128GB,3621
LITEONIT L8T-256L9G-11 M.2 2280 256GB,4261
LITEONIT LAM-128M3S,2013
LITEONIT LAT-64M3S,2899
LITEONIT LAT-128M2S,1695
LITEONIT LAT-128M3S,2961
LITEONIT LAT-256M2S,2942
"LITEONIT LCM-128M3S 2.5"" 7mm 128GB",3041
LITEONIT LCM-256,3375
LITEONIT LCM-256M3S,3969
"LITEONIT LCM-256M3S 2.5"" 7mm 256GB",3519
LITEONIT LCS-128,3448
LITEONIT LCS-128L9S-11 2.5 7mm 128GB,3342
LITEONIT LCS-128L9S-11 22,3542
LITEONIT LCS-128M6S,3370
LITEONIT LCS-128M6S 2.5,3466
LITEONIT LCS-128M6S 2.5 7mm 128GB,3434
LITEONIT LCS-128M6S-HP,3465
LITEONIT LCS-180M6S-11 2.5 7mm 180GB,3595
LITEONIT LCS-256L9S-11 2,3710
LITEONIT LCS-256L9S-11 2.5 7mm 256GB,3950
LITEONIT LCS-256L9S-11 22,4052
LITEONIT LCS-256M6S,3798
LITEONIT LCS-256M6S 2.5,3855
LITEONIT LCS-256M6S 2.5 7mm 256GB,3942
LITEONIT LCS-512,3573
LITEONIT LCS-512M6S 2.5,3837
LITEONIT LCS-512M6S 2.5 7mm 512GB,3946
LITEONIT LCT-128,2958
LITEONIT LCT-128M3S,2836
LITEONIT LCT-128M3S 2.5,2900
LITEONIT LCT-128M3S 2.5 7mm 128GB,2954
LITEONIT LCT-256M3S,3536
LITEONIT LCT-256M3S 2.5,3653
LITEONIT LCT-256M3S 2.5 7mm 256GB,3528
LITEONIT LCT-256M3S-41 7mm 256GB FDE,3479
LITEONIT LCT-512,3899
LITEONIT LCT-512L9S-11 2.5 7mm 512GB,3832
LITEONIT LE-128M1S,554
LITEONIT LGT-128M6G,3396
LITEONIT LGT-256M6G,3807
LITEONIT LGT-512L9G-11 M.2 2280 512GB,4130
LITEONIT LITEONIT LCS-128,3752
LITEONIT LITEONIT LCS-512,4224
LITEONIT LJT-128L6G-11 M.2 2260 128GB,3762
LITEONIT LJT-256L6G-11 M.2 2260 256GB,3752
LITEONIT LMH-256V2M-41 MSATA 256GB SED,3732
LITEONIT LMM-64L3M mSATA 64GB,1791
LITEONIT LMT-19nmBGA-64G,2814
LITEONIT LMT-19nmBGA-64G-DS,2703
LITEONIT LMT-19nmBGA-128G,3739
LITEONIT LMT-19nmBGA-128G-DS,3659
LITEONIT LMT-19nmBGA-256G-DS,3710
LITEONIT LMT-32L3M mSATA 32GB,1850
LITEONIT LMT-32L3M-HP,1689
LITEONIT LMT-64M6M mSATA,2944
LITEONIT LMT-64M6M mSATA 64GB,2980
LITEONIT LMT-64M6M-HP,2531
LITEONIT LMT-128,3195
LITEONIT LMT-128L9M-11 MSATA 128GB,3753
LITEONIT LMT-128M3M,2736
LITEONIT LMT-128M3M mSATA 128GB,2881
LITEONIT LMT-128M6M,3341
LITEONIT LMT-128M6M mSAT,3266
LITEONIT LMT-128M6M mSATA 128GB,3326
LITEONIT LMT-128M6M-HP,3193
LITEONIT LMT-256,3914
LITEONIT LMT-256L9M-11 MM,3986
LITEONIT LMT-256L9M-11 MSATA 256GB,3730
LITEONIT LMT-256L9M-41 MSATA 256GB SED,4070
LITEONIT LMT-256M3M mSATA 256GB,4016
LITEONIT LMT-256M6M,3761
LITEONIT LMT-256M6M mSAT,3339
LITEONIT LMT-256M6M mSATA 256GB,3907
LITEONIT LMT-256M6M mSATT,3646
LITEONIT LMT-256M6M-41 mm,4007
LITEONIT LMT-256M6M-41 mSATA 256GB SED,3723
LITEONIT LMT-256M6M-HP,3246
LITEONIT LMT-512L9M-11 MM,4226
LITEONIT LMT-512L9M-11 MSATA 512GB,4028
LITEONIT LSS-32L6G-HP,1603
LITEONIT S100-064,2633
LITEONIT S200 256GB LCM-256M3S,3769
LK0480GFJSK,4542
LMD-MPB,19037
lntenso SSDIII,2372
LONDISK SSD 240GB,2798
LONDISK SSD 480GB,4497
Longline 240G,2815
Longline SSD,8956
LS 256GB M300,3634
LSI MR9341-8i,3718
Lsiwei 256GB,1630
LuminouT ek 512GB,4094
LuminouTek 1TB,2958
LuminouTek 128GB,2965
LuminouTek 256GB,3188
LuminouTek 512GB,3699
LuminouTek NVME 1TB,11534
LuminouTek NVME 512GB,12778
Lyte 1TB SSD,29880
Lyte 2TB SSD,38418
Lyte 512GB SSD,22499
LZT-256,2674
M2 Series NVMe SSD 1T,18845
M2 Series NVMe SSD 250G,16318
M2 Series NVMe SSD 500G,19074
M2PDD-8L 1TB,16552
M2SCQ-8LP 64GB,2476
M3 Series PLUS NVMe SSD 2T,33808
M4-CT032M4SSD3,1585
M4-CT064 M4-CT064M4SSD2,1847
M4-CT064 M4SSD2,1452
M4-CT064M4SSD1,1560
M4-CT064M4SSD2,1812
M4-CT064M4SSD3,1672
M4-CT128 M4-CT128M4SSD1,2484
M4-CT128 M4-CT128M4SSD2,2310
M4-CT128 M4SSD1,2042
M4-CT128M4SSD3,2429
M4-CT256 M4-CT256M4SSD2,2527
M4-CT256 M4SSD1,2434
M4-CT256 M4SSD2,2454
M4-CT256M4SSD1,2314
M4-CT256M4SSD2,2280
M4-CT256M4SSD3,2053
M4-CT512 M4-CT512M4SSD2,2816
M4-CT512 M4SSD1,2332
M4-CT512 M4SSD2,2543
M4-CT512M4SSD1,2561
M4-CT512M4SSD2,2547
M280CL4130-240-IGT,6178
M300-1TB,2241
M580 240GB,3316
M3512GV7PGT-E211,30412
M Series NVMe SSD 1T,17165
M Series NVMe SSD 128G,8524
M Series NVMe SSD 256G,10440
M Series NVMe SSD 500G,19857
M.2,3717
M.2 1TB,3930
M.2 256GB,3155
M.2 512G,3748
M.2 2280 256GB,3367
M.2 2280 256GB SSD,3624
M.2 2280 512GB,3081
M.2 2280 PCIe Gen3x4 512GB,17987
M.2 2280-256GB SSD,3792
M.2 (P42) 3TE6,7800
M.2 (P42) 4TE2,26446
M.2 (P80) 3TE4,14639
M.2 (P80) 3TE6,7126
M.2 (P80) 4TG2-P,24606
M.2 (S42) 3TE7,1899
M.2 (S80) 3TE7,2911
M.2 C100 128GB,2890
M.2 C100 480GB,2438
M.2 HEORIADY HX-001 D 512GB,3601
M.2 NVME 1TB,14578
M.2 NVMe SSD,21017
M.2 PCI NVME 2TB +DRAM InnovationIT,22532
M.2 PCIE G3x4 NVMe,16269
M.2 PCIE G3X4 NVMe,13712
m.2 Smartbuy PS5007-22110T 240GB,8997
m.2 Smartbuy PS5012-2280 256GB,9199
m.2 Smartbuy PS5012-2280 1024GB,18927
m.2 Smartbuy PS5013-2280T 128GB,8304
m.2 Smartbuy PS5013-2280T 256GB,11281
m.2 Smartbuy PS5013T-2280T 256GB,12698
m.2 Smartbuy S10-2280T 120GB,3282
m.2 Smartbuy S10-2280T 240GB,4119
m.2 Smartbuy S11-2280 128GB,4524
m.2 Smartbuy S11-2280T 128GB,4148
M.2 SSD,3475
M.2-256G,3327
MA M2SA-256GB,3527
MA M2SA-512GB,3585
mace 256GB nvme ssd,11294
Mach Xtreme Tech MXSSD3MDSTP-120G,2459
MACHENIKE MK751 512GB,23166
MACROVIP MV120GB,3564
MACROVIP MV240GB,2743
MACROVIP MV480GB,3503
MACROVIP MVGLD 128GB,5211
MACROVIP MVGLD 256GB,11352
MACROVIP MVGLD 512GB,11553
MACROVIP MVSAM2 512GB,2923
MAIGUANG V800 256GB,18959
MAM2 T1,18655
MANIX1000GB-G4SS,21409
MARKVISION,3049
MARSHAL MAL2250SA-T72,517
MARSHAL MAL2500SA-T54,556
MARSHAL MAL2750SA-T54,663
MAS 256GB,3404
MAS 512GB,3600
MasonSemi 1TB SSD,36683
MasonSemi 256GB SSD,13122
MasonSemi 512GB SSD,19717
MasonSemi RC600 256GB,3541
MasonSemi RC640 256GB,3169
MasonSemi RC3200 512GB,15607
MasonSemi RC5000 1TB,36717
MasonSemi RC5000 256GB,23940
MasonSemi RC5000 512GB,29865
MasonSemi RC7000 2TB,48195
MasonSemi SSD,51455
Matrix 1TB,7140
Matrix 256GB,3230
Matrix 512GB,4314
MAX 060621 163.9GB 720,360
MAX 070607 160.0GB 7200,406
MAX SPEED 256GB,2923
MAXIMUS-1TB,3192
Maximus-128GB,840
Maximus-480GB,3439
Maximus- 64GB,768
Maxsun 1TB SSD,32284
Maxsun 2TB SSD,38034
Maxsun 120GB SSD,2769
Maxsun 120GB X5,1952
Maxsun 128GB A6L,2646
Maxsun 240GB NM6-2280,11187
Maxsun 240GB NM6C-2280,10430
Maxsun 240GB X5,2181
Maxsun 256GB NM6-2280,8620
Maxsun 256GB X6,2756
Maxsun 512GB NM6C-2280,13154
Maxsun 512GB SSD,9894
Maxtor 2B020H1,216
Maxtor 2F020J0,174
Maxtor 2F030J0,210
Maxtor 2F030J1,158
Maxtor 2F040J0,233
Maxtor 2F040L0,251
Maxtor 4D040H2,197
Maxtor 4D060H3,192
Maxtor 4D080H4,203
Maxtor 4G120J6,232
MAXTOR 4K040H2,187
Maxtor 4R060J0,226
Maxtor 4R080J0,235
Maxtor 4R080L0,281
Maxtor 4R120L0,286
Maxtor 4R160L0,294
Maxtor 5A250J0,265
Maxtor 5A320J0,302
Maxtor 5T020H2,171
Maxtor 5T040H4,189
Maxtor 6 B250S0,406
Maxtor 6 G160E0,348
Maxtor 6 L080M0,352
Maxtor 6 L160M0,400
Maxtor 6 L200M0,359
Maxtor 6 L200S0,360
Maxtor 6 L300S0,390
Maxtor 6 V080E0,345
Maxtor 6 V160E0,376
Maxtor 6 V200E0,397
Maxtor 6 V250F0,422
Maxtor 6 V300F0,430
Maxtor 6 V320F0,404
Maxtor 6 Y080M0,331
Maxtor 6 Y120M0,330
Maxtor 6 Y160M0,287
Maxtor 6B120P0,325
Maxtor 6B160M0,286
Maxtor 6B160P0,313
Maxtor 6B200M0,379
Maxtor 6B200P0,351
Maxtor 6B200S0,304
Maxtor 6B250R0,352
Maxtor 6B250S0,386
Maxtor 6B300R0,344
Maxtor 6B300S0,371
Maxtor 6E020L0,239
Maxtor 6E030L0,289
Maxtor 6E040L0,323
Maxtor 6E040T0,332
Maxtor 6G160E0,390
Maxtor 6G160P0,358
Maxtor 6H400F0,391
Maxtor 6H500F0,411
Maxtor 6K040L0,297
MAXTOR 6L020J1,222
MAXTOR 6L040J2,218
MAXTOR 6L040L2,225
MAXTOR 6L060J3,214
MAXTOR 6L080J4,214
Maxtor 6L080L0,311
MAXTOR 6L080L4,222
Maxtor 6L080M0,306
Maxtor 6L080P0,324
Maxtor 6L100M0,352
Maxtor 6L100P0,353
Maxtor 6L120M0,317
Maxtor 6L120P0,316
Maxtor 6L160M0,379
Maxtor 6L160P0,357
Maxtor 6L200M0,375
Maxtor 6L200P0,340
Maxtor 6L200R0,300
Maxtor 6L200S0,317
Maxtor 6L250M0,378
Maxtor 6L250R0,348
Maxtor 6L250S0,363
Maxtor 6L300R0,345
Maxtor 6L300S0,411
Maxtor 6N040T0,333
Maxtor 6V080E0,451
Maxtor 6V160E0,389
Maxtor 6V200E0,406
Maxtor 6V250F0,413
Maxtor 6V300F0,418
Maxtor 6V320F0,413
Maxtor 6Y060L0,298
Maxtor 6Y060P0,286
Maxtor 6Y080L0,311
Maxtor 6Y080M0,327
Maxtor 6Y080P0,329
Maxtor 6Y120L0,318
Maxtor 6Y120M0,347
Maxtor 6Y120P0,322
Maxtor 6Y160L0,326
Maxtor 6Y160M0,356
Maxtor 6Y160P0,332
Maxtor 6Y200M0,371
Maxtor 6Y200P0,279
Maxtor 6Y250M0,339
Maxtor 6Y250P0,354
Maxtor 7 H500F0,366
Maxtor 7 L250S0,339
Maxtor 7B320S0,426
Maxtor 7H500F0,449
Maxtor 7L250R0,367
Maxtor 7L250S0,362
Maxtor 7L300S0,392
Maxtor 7L320S0,428
Maxtor 7V250F0,387
Maxtor 7V300F0,420
Maxtor 7Y250M0,348
Maxtor 7Y250P0,355
Maxtor 32049H2,170
MAXTOR STM380211AS,385
MAXTOR STM380215A,379
MAXTOR STM380215AS,386
MAXTOR STM380811AS,385
MAXTOR STM380815AS,439
MAXTOR STM3120814A,303
MAXTOR STM3160211AS,386
MAXTOR STM3160212A,399
MAXTOR STM3160215A,357
MAXTOR STM3160215AS,422
MAXTOR STM3160811AS,406
MAXTOR STM3160812A,386
MAXTOR STM3160812AS,411
MAXTOR STM3160813AS,586
MAXTOR STM3160815A,363
MAXTOR STM3160815AS,435
MAXTOR STM3200820A,377
MAXTOR STM3200820AS,415
MAXTOR STM3250310AS,574
MAXTOR STM3250620A,340
MAXTOR STM3250820A,397
MAXTOR STM3250820AS,451
MAXTOR STM3320613AS,625
MAXTOR STM3320620A,447
MAXTOR STM3320620AS,467
MAXTOR STM3320820A,398
MAXTOR STM3320820AS,391
MAXTOR STM3500320AS,626
MAXTOR STM3500630A,394
MAXTOR STM3500630AS,460
MAXTOR STM3750330AS,596
MAXTOR STM3802110A,351
MAXTOR STM31000333AS,637
MAXTOR STM31000340AS,551
Maxtor Z1 SSD 240GB,2111
Maxtor Z1 SSD 480GB,3492
Maxtor Z1 SSD 960GB,3341
MB0500EAMZD,678
MB0500EBNCR,797
MB0500EBZQA,839
MB0500GCEHE,835
MB1000CBZQE,717
MB1000EBNCF,818
MB1000EBZQB,825
MB1000GCEEK,874
MB1000GCWCV,1138
MB2000EAMZF,841
MB2000EBUCF,948
MB2000EBZQC,932
MB2000GCWDA,9196
MCR-ALTA3-256,10434
MCR-BM200-240,3853
MCR-BM240-OEM,3682
MCR-BM400-480,3692
MCR-RPR480-OEM,2885
MCR-RPRF480-OEM,2997
MCR-RPRF-240,2397
MCR-RPRF-480GB,2892
MCR-RPRPN-1TB,3350
MCR-RPRS-240,2704
MCR-RPRS-240GB,3054
MCR-RPRS-480,2764
MCR-RPRS-480V2,2967
MD1TBLSSHD,605
MD300,2611
MD01600-AVDW-RO,539
MD05000-ALDW-RO,657
MD05000-BQDW-RO,740
MD07500-BLDW-RO,680
MD07500-NSDW-RO,457
MD10000-ALDW-RO,525
MD10000-BLDW-RO,691
MD10000-NSDW-RO,507
MediaRange ProSeries SSD 128GB,1302
MEGA M2 256GB,17672
MEGA S3,15519
MEJEC 800 120GB,2333
MEMONESSD-180GB,1870
Memory Ghost PCIe 128GB,7558
Memory Ghost PCIe 256GB,9501
Memory Ghost PCIe 512GB,10791
Memory Ghost SSD 120GB,2848
Memory Ghost SSD 128GB,2982
Memory Ghost SSD 240GB,2190
MENGMI SSD 120GB,2360
MENGMI SSD 240GB,3993
Metabox Performance 1TB PCIe 4.0 NVMe,19864
Metabox Performance 2TB PCIe NVME SSD,25087
Metabox Performance 500GB PCIe NVME SSD,5792
Metabox Ultra 2TB SSD,49361
MFL-300 1TB,19325
MFL-300 512GB,15339
MG BG400M8 SSD 128GB,2122
MG BG400M8 SSD 256GB,2435
MG BGM.2 NGFF SSD 512GB,2881
MGS240GB,1758
MGS SSD 120GB,3313
MGTEC,2901
MGTEC SSD,1639
Mibrand CAIMAN 256GB SSD,3609
MicroFrom 1TB3 SSD,3227
MicroFrom 1TB M.2 NVMe SSD,12231
MicroFrom 128GB3 SSD,2824
MicroFrom 240GB3 SSD,3486
MicroFrom 256GB3 SSD,3388
MicroFrom 256GB M.2 NVMe SSD,12976
MicroFrom 512GB3 SSD,3295
MicroFrom 512GB M.2 NVMe SSD,13735
Micron 256GB,5124
Micron 1100,4177
Micron 1100 256GB,3742
Micron 1100 256GB SED,4128
Micron 1100 512GB,4046
Micron 1100 512GB SED,3814
Micron 1100 1024GB,4386
Micron 1100 MTFDDAK1T0TBN,4336
Micron 1100 MTFDDAK256TB,3210
Micron 1100 MTFDDAK256TBN,3833
Micron 1100 MTFDDAK256TBN5,3958
Micron 1100 MTFDDAK512TBN,4199
Micron 1100 MTFDDAV256TBN,3931
Micron 1300 256GB,3957
Micron 1300 512GB,4501
Micron 1300 1024GB,4650
Micron 1300 MTFDDAK1T0TDL,4491
Micron 1300 MTFDDAK256TDL,4210
Micron 1300 MTFDDAK512TDL,4617
Micron 1300 MTFDDAV512TDL,4867
Micron 2200 MTFDHBA1T0TCK,15961
Micron 2200 MTFDHBA256TCK,13837
Micron 2200 MTFDHBA512TCK,17027
Micron 2200 NVMe 256GB,11822
Micron 2200 NVMe 512GB,17206
Micron 2200 NVMe 1024GB,13069
Micron 2200S 256GB,13294
Micron 2200S NVMe 512GB,16032
Micron 2200S NVMe 1024GB,16016
Micron 2200V MTFDHBA256TCK,10097
Micron 2200V MTFDHBA512TCK,11169
Micron 2210 512GB SSD,10954
Micron 2210 MTFDHBA1T0QFD,13792
Micron 2210 NVMe 512GB,10224
Micron 2210S NVMe 512GB,10925
Micron 2300 1TB,22352
Micron 2300 256GB,16784
Micron 2300 512GB,21355
Micron 2400 1TB,25517
Micron 2400 2TB,28083
Micron 2400 512GB,19140
Micron 2400A 1TB,22767
Micron 2400A 2TB,26505
Micron 2400A 512GB,18184
Micron 2400E MTFDKBA1T0QFM,27234
Micron 2400E MTFDKBA512QFM,20273
Micron 2450 1TB,25275
Micron 2450 256GB,17645
Micron 2450 512GB,22178
Micron 2500 1TB SSD,44260
Micron 2500 2TB SSD,43562
Micron 2550 1TB SSD,32236
Micron 2550 256GB SSD,21927
Micron 2550 512GB SSD,26913
Micron 2650 1TB SSD,44145
Micron 2650 256GB SSD,21356
Micron 2650 512GB SSD,34884
Micron 3400 1TB SSD,37764
Micron 3400 MTFDKBA2T0TFH,40516
Micron 3400 NVMe 512GB,32947
Micron 3400 NVMe 1024GB,36326
Micron 3400 NVMe 2048GB,34782
Micron 3460 1TB SSD,18851
Micron 3460 512GB SSD,17468
Micron 3500 1TB,41062
Micron 3500 1TB SSD,43183
Micron 3500 2TB,43220
Micron 3500 2TB SSD,48232
Micron 3500 512GB,34321
Micron 3500 512GB SSD,36517
Micron 3500 MTFDKBA1T0TGD,52161
Micron 3500 MTFDKBA1T0TGD-1BK15ABYY,41616
Micron 3500 MTFDKBA2T0TGD-1BK1AABYY,42803
Micron 3500 MTFDKBA512TGD,34699
Micron 3500 MTFDKBA512TGD-1BK1AABYY,37934
Micron 3500 MTFDKBA512TGD-1BK15ABYY,33032
Micron 4600 MTFDLBA512THJ,29870
Micron 5100 MTFDDAK480TCB,3829
Micron 5100 MTFDDAV240TCB,3676
Micron 5200 MTFDDAK1T9TDC,4822
Micron 5200 MTFDDAK480TDN,4284
Micron 5300 MTFDDAK240TDS,3836
Micron 5300 MTFDDAK480TDS,4149
Micron 5300 MTFDDAK960TDS,4486
Micron 5400 MTFDDAK1T9TGA,4699
Micron 5400 MTFDDAK480TGA,4473
Micron 5400 MTFDDAK960TGA,4690
Micron 7300 MTFDHBA960TDF,9667
Micron 7300 MTFDHBG3T8TDF,16166
Micron 7450 MTFDKBA480TFR,15136
Micron 7450 MTFDKBA800TFS,20295
Micron 7450 MTFDKBA960TFR,23485
Micron 7450 MTFDKBG1T9TFR,29967
Micron 7450 MTFDKBG3T8TFR,29883
Micron 7450 MTFDKBG960TFR,19255
Micron 7450 MTFDKCC1T9TFR,32368
Micron 7450 MTFDKCC3T8TFR,36654
Micron 7450 MTFDKCC7T6TFR,34737
Micron 7450 MTFDKCC960TFR,27811
Micron C400 Real,2433
"Micron C400 RealSSD 2.5"" 7mm 128GB",2014
"Micron C400 RealSSD 2.5"" 7mm 256GB",2368
Micron C400 RealSSD mSATA 64GB,1499
Micron C400 RealSSD mSATA 256GB,2477
Micron CT1000X6SSD9,5752
Micron CT1000X8SSD9,5937
Micron M500 120GB MTFDDAK120MAV,2457
Micron M500 240GB MTFDDAK240MAV,3326
Micron M500 480GB MTFDDAK480MAV,3946
Micron M500 960GB MTFDDAK960MAV,3719
Micron M500 mSATA 120GB MTFDDAT120MAV,1961
Micron M500 mSATA 240GB MTFDDAT240MAV,2585
Micron M500DC 120GB MTFDDAK120MBB,2937
Micron M500DC 240GB MTFDDAK240MBB,2822
Micron M500DC 480GB MTFDDAK480MBB,3455
Micron M500DC 800GB MTFDDAK800MBB,3331
Micron M500IT EEFDDAK120MBD,2547
Micron M510 MTFDDAK128MAZ,2913
Micron M510 MTFDDAK256MAZ,2801
Micron M510 MTFDDAV128MAZ,2828
Micron M550 mSATA 512GB,4402
Micron M550 MTFDDAK128MAY,3147
Micron M550 SSD 1TB,3473
Micron M550 SSD 64GB,2441
Micron M550 SSD 128GB,3702
Micron M550 SSD 256GB,3875
Micron M550 SSD 512GB,4327
Micron M600 2.5 7MM 256GB,3604
Micron M600 256GB,4452
Micron M600 M.2 2280 128GB,3603
Micron M600 MTFD,3251
Micron M600 MTFDDAK1T0MBF,4088
Micron M600 MTFDDAK128MB,3293
Micron M600 MTFDDAK128MBF,2605
Micron M600 MTFDDAK128MBFZ,2586
Micron M600 MTFDDAK256MB,3756
Micron M600 MTFDDAK256MBF,4022
Micron M600 MTFDDAK512MBF,3655
Micron M600 MTFDDAT256MBF,3525
Micron M600 MTFDDAV128MBF,3238
Micron M600 MTFDDAV256MBF,4051
Micron M600 MTFDDAV512MBF,4599
Micron M600 MTFDDAY128MBF,3387
Micron M600 MTFDDAY256MBF,3929
Micron M600 MTFDDAY512MBF,4685
MICRON MT001TAYAX8U40,27301
MICRON MT128GASAO4U21,4590
MICRON MT128GAXAU2U227Y,4801
MICRON MT128GBCAV2U31,5411
MICRON MT128GBCAV2U31AI,7255
Micron MTFDDAK256TBN,3489
Micron MTFDDAK256TDL,4210
Micron MTFDHBA1T0TCK,16204
Micron MTFDHBA256TCK,12698
Micron MTFDHBA256TDV,16248
Micron MTFDHBA512TCK,16043
Micron MTFDHBA512TDV,21126
Micron MTFDKBA1T0QGN-1BN1AABLT,49189
Micron MTFDKBA1T0TFK,23190
Micron MTFDKBA1T0TGD-1BK1AABLA,44953
Micron MTFDKBA1T0TGD-2BK15ABLT,40813
Micron MTFDKBA1T0TGW-2BP15ABLT,46912
Micron MTFDKBA2T0TFH,38606
Micron MTFDKBA2T0TGD-2BK15ABLT,45350
Micron MTFDKBA256TFK,18504
Micron MTFDKBA512QGN-1BN1AABLT,37761
Micron MTFDKBA512TFK,23086
Micron MTFDKBA512TGD-2BK15ABLT,35625
Micron MTFDKCD1T0QFM,25016
Micron MTFDKCD1T0QGN-1BN1AABLA,40436
Micron MTFDKCD1T0TFK,22662
Micron MTFDKCD1T0TGE,32380
Micron MTFDKCD256TFK,17683
Micron MTFDKCD256TGE-1BL1AABLA,24594
Micron MTFDKCD512QFM,18515
Micron MTFDKCD512QGN-1BN1AABLA,31816
Micron MTFDKCD512TFK,21549
Micron MTFDKCD512TGE-1BK1AABLA,27116
Micron_1100_MTFDDAK256TBN5,4186
Micron_1100_MTFDDAK512TBN5,4109
Micron_1100_MTFDDAV256TBN5,3983
Micron_1100_MTFDDAV512TBN,4237
Micron_5100_MTFDDAK240TCB,3284
Micron_M500IT_MTFDDAK060MBD,1693
Micron_M510_2.5_7MM_128GB,2994
Micron_M510_2.5_7MM_256GB,3487
Micron_M510_MSATA_256GB,3741
Micron_M 600_MSATA_512GB,4638
Midas Force 120Gb,2998
Midas Force 120Gb Lite,1842
MidasForce SSD 1TB,11032
MidasForce SSD 2TB,3328
Midasforce SSD 120GB,2755
MidasForce SSD 128GB,3716
MidasForce SSD 240GB,2472
MidasForce SSD 256GB,5975
MidasForce SSD 512GB,5283
minisforum,14480
MIPHI MP300G3,21638
MIPHI MP500G4,39661
MIPHI MP700G4,51428
MiWhole CT300 1TGB,41705
MiWhole CT300 512GB,32863
MIXZA-512GB,7245
MK0100GCTYU,2980
MK0200GCTYV,3686
MK0400GCTZA,4031
MK000480GXAWF,4334
MK0800GCTZB,4123
MK0960GECQK,3552
MK000960GWCFA,4752
MK001920GWCFB,4354
MKNSSDAL8TB-D8,20247
MKNSSDAT240GB,2371
MKNSSDDE1TB-D8,13304
MKNSSDDE2TB-D8,20721
MKNSSDEC 480GB,2166
MKNSSDEL1TB,2872
MKNSSDEL240GB,2520
MKNSSDEL256GB,2919
MKNSSDEL512GB,3399
MKNSSDEV1TB-D8,14069
MKNSSDEV2TB-D8,17224
MKNSSDEV128GB-D8,6856
MKNSSDEV256GB-D8,11787
MKNSSDEV500GB-D8,14152
MKNSSDEV512GB-D8,12063
MKNSSDGA1TB-D8,21707
MKNSSDGA2TB-D8,42273
MKNSSDHL1TB-D8,13326
MKNSSDHL250GB-D8,10274
MKNSSDHL500GB-D8,11394
MKNSSDHT500GB-D8,9871
MKNSSDHT512GB-D8,10583
MKNSSDPE1TB-D8,19740
MKNSSDPE2TB-D8,19321
MKNSSDPE500GB-D8,15146
MKNSSDPL2TB-D8,21668
MKNSSDRW1TB,3702
MKNSSDRW500GB,3094
MKNSSDS21TB,3243
MKNSSDS2120GB,2963
MKNSSDS2128GB,3863
MKNSSDS2250GB-LT,1905
MKNSSDS2500GB,3092
MKNSSDS2512GB,3094
MKNSSDSE1TB,4470
MKNSSDSR1TB,2756
MKNSSDSR1TB-D8,3723
MKNSSDSR500GB-D8,2776
MKNSSDSR 500GB,2582
MKNSSDTS1TB-D8,20883
MKNSSDTS2TB-D8,20884
MKNSSDTS256GB-D8,12784
MKNSSDTS512GB-D8,17826
MKNSSDVL1TB-D8,27382
MKNSSDVL2TB-D8,28852
MKNSSDVL512GB-D8,17194
MKNSSDVT1TB-D8,37595
MKNSSDVT2TB-D8,47298
MKNSSDVT512GB-D8,30284
MLD22M600,30956
MLD22M800,56317
MLD M100 240GB,3983
MLD M200 120GB,3137
MLD M200 240GB,3430
MLD M200 480GB,2922
MLD M200 SSD,3497
MLD M300 NVMe SSD,15039
MLD M500 NVMe SSD,31670
MLD M600 NVMe SSD,43059
MLD M700 NVMe SSD,41000
MM1000GFJTE,715
MMSP350,11558
MN29B,12876
Monster Daytona S37-0240-CET,1585
Monster Digital SSD 120GB,2375
Monster Digital SSD 240GB,4282
Monster Digital SSD 400GB,1235
Monster Digital SSD 480GB,3581
Morebeck-N100 256GB,2811
Morebeck-S100 128GB,1806
Morebeck-S100 256GB,2466
Morebeck-V602 360GB,2474
Morebeck-V602 480GB,2160
MP69 1VNeMS MAUSGN1 20G4 B,18230
MP2280G41.47000-4TB,28655
MPCM2SATASSD 1TB,3354
MRMAD4B128GC9M2C00,3450
MRSAD4H120GZC25CEU,3100
MRSAJAD120GG325C00,2040
MRSAJAL240GZM25C00,2859
MS1PC2DD3ORA3.2T,20454
MS09,12925
MS100 - 1TB,15689
MS-1000ES2 32GB,677
MS1PC5ED3ORA3.2T,20852
MS200 - 2TB,17403
MS200- 2TB,20480
MS310 256GB,3246
MS310 512GB,3360
MS950G30PCIe3 2048G,20737
MS950G75PCIe4 2048G,43369
MSATA 32GB SSD,379
MSATA 256GB SSD,3175
mSata Sm artbuy 128GB,1549
mSata Smartbuy 64GB,1885
mSata Smartbuy 128GB,3684
MSFT NVMe Accelerator v1.0,4490
MSH-128,1711
MSH-256,3499
MSI M370 1TB,17950
MSI M370 2TB,19381
MSI M371 1TB,15355
MSI M371 2TB,14876
MSI M371 500GB,17801
MSI M372 512GB,17072
MSI M390 1TB,22484
MSI M390 2TB,23744
MSI M390 250GB,16046
MSI M390 500GB,20058
MSI M450 1TB,22863
MSI M450 1TB V1,21258
MSI M450 2TB,25238
MSI M450 500GB,21928
MSI M450 500GB V1,20536
MSI M460 1TB,31863
MSI M460 2TB,29900
MSI M461 1TB,24261
MSI M461 2TB,28616
MSI M461 4TB,27734
MSI M461 500GB,19187
MSI M470 1TB,29498
MSI M470 2TB,32130
MSI M470 PRO 1TB,35967
MSI M470 PRO 2TB,39381
MSI M480 1TB,37405
MSI M480 2TB,45687
MSI M480 PRO 1TB,44890
MSI M480 PRO 2TB,49596
MSI M480 PRO 4TB,51178
MSI M482 1TB,39295
MSI M482 2TB,47724
MSI M560 1TB,59194
MSI M560 2TB,66172
MSI M570 1TB,51389
MSI M570 2TB,65093
MSI M570 PRO 2TB,63661
MSI M580 2TB,64436
MSI M580 4TB,68860
MSI REFLEX RX-120,2131
MSI REFLEX RX-240,1714
MSI S270 120GB,2918
MSI S270 240GB,3366
MSI S270 480GB,3685
MSI S270 960GB,3495
MSS4F-M mSATA SSD 64GB,2433
MSSD-0093-CUK,14584
MT 1TB SSD,20607
MT-2TB,2707
MT-128,2491
MT-256,3159
MT-512,3603
MTase M800 64GB,2317
MTFDBAK128MAG-1G1,1709
MTFDBAK256MAG-1G1,1806
MTFDDAA240MBB-2AE1ZA 00AJ341 00AJ344IBM,3014
MTFDDAK1 28MAM-1J1,2164
MTFDDAK1 28MAY-1AH1ZABHA,3498
MTFDDAK1 MTFDDAK128MAM-1J,2393
MTFDDAK1T0MAY-1A,3009
MTFDDAK1T0MBF,3834
MTFDDAK1T0MBF-1A,4219
MTFDDAK1T0MBF-1AN1ZABHA,4059
MTFDDAK1T0TBN-1A,4134
MTFDDAK1T0TBN-1AR1ZABHA,4503
MTFDDAK1T0TDL,4051
MTFDDAK1T0TDL-1AW1ZABHA,4775
MTFDDAK2 56MAM-1K1,2212
MTFDDAK2 56MAM-1K12,2201
MTFDDAK2 56MAY-1AH1ZABHA,3202
MTFDDAK2 56MAY-1AH12ABHA,3792
MTFDDAK2 56MBF-1AN1ZABHA,3270
MTFDDAK2 56MBF-1AN15ABHA,3959
MTFDDAK2 MTFDDAK256MAM-1K,2396
MTFDDAK2T0TBN-1AR1ZABHA,3944
MTFDDAK2T0TDL-1AW1ZABHA,4561
MTFDDAK5 12MAY-1AE1ZABHA,3626
MTFDDAK5 12MBF-1AN1ZABHA,3965
MTFDDAK064MAR-1J1AA 49Y5840 49Y5843IBM,1801
MTFDDAK128MAM-1J1,2111
MTFDDAK128MAR-1J1AA 90Y8649 90Y8652IBM,1524
MTFDDAK128MAY-1A,3391
MTFDDAK128MAY-1AH1ZABHA,3325
MTFDDAK128MBF-1AN1ZABHA,3116
MTFDDAK240MBP 01EJ260 01EJ260IBM,3077
MTFDDAK256MAM-1K,2320
MTFDDAK256MAM-1K1,2202
MTFDDAK256MAM-1K12,2086
MTFDDAK256MBF-1A,3706
MTFDDAK256MBF-1AN1ZABHA,3871
MTFDDAK256MBF-1AN15ABHA,3782
MTFDDAK256TBN-1A,4206
MTFDDAK256TBN-1AR1ZABHA,3990
MTFDDAK256TBN-1AR15ABHA,4047
MTFDDAK256TDL,4635
MTFDDAK256TDL-1AW1ZABFA,3952
MTFDDAK256TDL-1AW1ZABHA,4015
MTFDDAK512MAM-1K1,2292
MTFDDAK512MAM-1K1AB,2481
MTFDDAK512MBF,3731
MTFDDAK512MBF-1A,3971
MTFDDAK512MBF-1AN1ZABHA,4267
MTFDDAK512MBF-1AN15ABHA,4697
MTFDDAK512TBN-1A,4117
MTFDDAK512TBN-1AR1ZABHA,5212
MTFDDAK512TBN-1AR15ABHA,4267
MTFDDAK512TDL,4837
MTFDDAK512TDL-1AW1ZABFA,4400
MTFDDAK512TDL-1AW1ZABHA,4583
MTFDDAK960TCB,4338
MTFDDAT1 MTFDDAT128MAM-1J,2058
MTFDDAT064MAM-1J2,1934
MTFDDAT128MAM-1J2,2158
MTFDDAT256MAM-1K2,2231
MTFDDAV2 56MBF-1AN15ABHA,3889
MTFDDAV240TCB,3308
MTFDDAV256MAZ-1AE1ZABHA,3105
MTFDDAV256MAZ-1AE12ABHA,3281
MTFDDAV256MBF-1AN15ABHA,4023
MTFDDAV256TBN,4139
MTFDDAV256TBN-1AR1ZABHA,4183
MTFDDAV256TBN-1AR15ABHA,4127
MTFDDAV256TDL-1AW1ZABFA,3799
MTFDDAV256TDL-1AW1ZABHA,4013
MTFDDAV256TDL-1AW15ABFA,4233
MTFDDAV256TDL-1AW15ABHA,4046
MTFDDAV512MBF-1AN15ABHA,4377
MTFDDAV512TBN,4352
MTFDDAV512TBN-1AR1ZABHA,4249
MTFDDAV512TBN-1AR15ABHA,4460
MTFDDAV512TBN-1AR15FCHA,3955
MTFDDAV512TDL-1AW15ABFA,4311
MTFDHBA1T0QFD-1AX1AABHA,13325
MTFDHBA1T0TCK-1AT1AABYY,9231
MTFDHBA2T0TDV-1AZ1AABHA,23357
MTFDHBA256TCK-1AS1AABHA,12660
MTFDHBA256TDV-1AY1AABHA,16222
MTFDHBA512QFD-1AX1AABHA,10998
MTFDHBA512TCK,12791
MTFDHBA512TDV-1AZ1AABHA,21617
MTFDHBK256TDP,7990
MTFDHBK512TDP,12555
MTFDHBL128TDP,4782
MTFDHBL256TDQ,7903
MTFDHBL512TDQ,9302
MTFDKBA1T0QFM-1BD1AABGB,26996
MTFDKBA1T0QFM-1BD1AABHA,25455
MTFDKBA1T0QGN-1BN1AABGA,45291
MTFDKBA1T0QGN-1BN1AABHA,42504
MTFDKBA1T0TFK-1BC1AABHA,25728
MTFDKBA1T0TGD-1BK1AABGA,43011
MTFDKBA1T0TGD-1BK1AABHA,42364
MTFDKBA1T0TGD-1BK1AABHB,44546
MTFDKBA1T0TGD-1BK15ABHA,47176
MTFDKBA2T0QFM-1BD1AABGB,27052
MTFDKBA2T0QGN-1BN1AABGA,48662
MTFDKBA2T0TFH-1BC1AABHA,38479
MTFDKBA2T0TGD-1BK1AABGA,50975
MTFDKBA2T0TGD-1BK1AABHA,44022
MTFDKBA256TFK-1BC1AABHA,18125
MTFDKBA256TGW-1BP1AABHA,29316
MTFDKBA512QFM-1BD1AABGB,19713
MTFDKBA512QFM-1BD1AABHA,19135
MTFDKBA512QGN-1BN1AABGA,33500
MTFDKBA512QGN-1BN1AABHA,33277
MTFDKBA512TFK-1BC1AABHA,22800
MTFDKBA512TGD-1BK1AABHA,36292
MTFDKBA512TGW-1BP1AABHA,37201
MTFDKBK1T0QFM-1BD1AABGB,27357
MTFDKBK1T0QGN-1BN1AABGA,48078
MTFDKBK512QFM-1BD1AABGB,21392
MTFDKCC1T9TGP-1BK1DABYY,38913
MTRON MSD-SATA3535,637
MTros MS820 2.5 256GB,3457
MTros SSD,10854
Mushkin Atlas 30GB MKNSSDAT30GB,998
Mushkin Atlas 120GB MKNSSDAT120GB,3348
Mushkin Atlas 240GB MKNSSDAT240GB,2669
Mushkin Atlas 480GB MKNSSDAT480GB,2872
Mushkin Atlas Deluxe 60GB MKNSSDAT60GB-DX,2287
Mushkin Atlas Deluxe 120GB MKNSSDAT120GB-DX,2911
Mushkin Atlas Deluxe 240GB MKNSSDAT240GB-DX,3184
Mushkin Atlas Value 60GB MKNSSDAT60GB-V,2421
Mushkin Atlas Value 120GB MKNSSDAT120GB-V,2100
Mushkin Atlas Vital 120GB MKNSSDAV120GB-D8,1971
Mushkin Atlas Vital 240GB MKNSSDAV240GB-D8,3222
Mushkin Atlas Vital 250GB MKNSSDAV250GB-D8,3104
Mushkin Atlas Vital 480GB MKNSSDAV480GB-D8,2960
Mushkin Callisto Deluxe 40GB MKNSSDCL40GB-DX,1206
Mushkin Callisto Deluxe 80GB MKNSSDCL80GB-DX,936
Mushkin Callisto Deluxe 240GB MKNSSDCL240GB-DX,1990
Mushkin Callisto Deluxe 480GB MKNSSDCL480GB-DX,1876
Mushkin Callisto Deluxe 960GB MKNSSDCL960GB-DX,1053
Mushkin Catalyst 100GB MKNSSDCT100GB,1749
Mushkin Chronos 45GB 7MM MKNSSDCR45GB-7,1263
Mushkin Chronos 60GB 7MM MKNSSDCR60GB-7,1457
Mushkin Chronos 60GB MKNSSDCR60GB,1928
Mushkin Chronos 90GB MKNSSDCR90GB,2090
Mushkin Chronos 120GB 7MM MKNSSDCR120GB-7,2711
Mushkin Chronos 120GB MKNSSDCR120GB,2506
Mushkin Chronos 180GB MKNSSDCR180GB,2741
Mushkin Chronos 240GB 7MM MKNSSDCR240GB-7,2957
Mushkin Chronos 240GB MKNSSDCR240GB,2608
Mushkin Chronos 250GB 7MM MKNSSDCR250GB-7,2939
Mushkin Chronos 480 7MM MKNSSDCR480GB-7,3003
Mushkin Chronos 480GB 7MM MKNSSDCR480-7,2218
Mushkin Chronos 480GB MKNSSDCR480GB,2653
Mushkin Chronos 500GB 7MM MKNSSDCR500GB-7,2816
Mushkin Chronos Deluxe 60GB 7MM MKNSSDCR60GB-DX7,2629
Mushkin Chronos Deluxe 240GB 7MM MKNSSDCR240GB-DX7,3575
Mushkin Chronos Deluxe 240GB MKNSSDCR240GB-DX,4151
Mushkin Chronos Deluxe 480GB 7MM MKNSSDCR480GB-DX7,3304
Mushkin Chronos Deluxe 480GB MKNSSDCR480GB-DX,3524
Mushkin Chronos Deluxe 500GB MKNSSDCR500GB-DX,3958
Mushkin Chronos Deluxe MX 120GB MKNSSDCR120GB-MX,3089
Mushkin Chronos G2 60GB MKNSSDCR60GB-G2,2273
Mushkin Chronos G2 240GB MKNSSDCR240GB-G2,3229
Mushkin Chronos G2 480GB MKNSSDCR480GB-G2,2861
Mushkin Chronos GO Deluxe 240GB MKNSSDCG240GB-DX,2076
Mushkin ECO2 1TB MKNSSDEC1TB,4189
Mushkin ECO2 120GB MKNSSDEC120GB,2461
Mushkin ECO2 240GB MKNSSDEC240GB,2919
Mushkin ECO2 480GB MKNSSDEC480GB,3249
Mushkin ECO2 512GB MKNSSDEC512GB,3145
Mushkin ECO3 120GB MKNSSDE3120GB,2846
Mushkin ECO3 240GB MKNSSDE3240GB,3626
Mushkin ECO3 480GB MKNSSDE3480GB,3825
Mushkin HS SSD 64GB,981
Mushkin HS SSD 128GB,1648
Mushkin MKNSSDE3 480GB,3091
Mushkin Pilot 1TB MKNSSDPL1TB-D8,17235
Mushkin Pilot 250GB MKNSSDPL250GB-D8,10291
Mushkin Pilot 500GB PCIe NVMe,13788
Mushkin Reactor 1TB MKNSSDRE1TB,4098
Mushkin Reactor 250GB MKNSSDRE250GB,2882
Mushkin Reactor 256GB MKNSSDRE256GB,3487
Mushkin Reactor 480GB MKNSSDRE480GB,3314
Mushkin Reactor 500GB MKNSSDRE500GB,3646
Mushkin Reactor 512GB MKNSSDRE512GB,4242
Mushkin Reactor Armor3D 240GB MKNSSDRE240GB-3D,2374
Mushkin Reactor LT 240GB MKNSSDRE240GB-LT,3130
Mushkin Reactor LT 250GB MKNSSDRE250GB-LT,3293
Mushkin Reactor LT 500GB MKNSSDRE500GB-LT,3712
Mushkin Reactor LT 512GB MKNSSDRE512GB-LT,3790
Mushkin Reactor TC 2TB MKNSSDRE2TB-TC,2787
Mushkin Scorpion Deluxe PCIe SSD 480GB,10412
Mushkin Scorpion Deluxe PCIe SSD 1920GB,11226
Mushkin Scorpion PCIe SSD,5437
Mushkin Source 120GB MKNSSDSR120GB,3516
Mushkin Source 250GB MKNSSDSR250GB,2565
Mushkin Source 500GB MKNSSDSR500GB,2805
Mushkin Source M.2 250GB MKNSSDSR250GB-D8,2627
Mushkin Striker 240GB MKNSSDST240GB,2900
Mushkin Striker 960GB MKNSSDST960GB,3852
Mushkin Triactor 3D 1TB MKNSSDTR1TB-3D,3853
Mushkin Triactor 3D 512GB MKNSSDTR512GB-3D,3718
Mushkin Triactor 3DL 120GB MKNSSDTR120GB-3DL,2223
Mushkin Triactor 3DL 128GB MKNSSDTR128GB-3DL,1929
Mushkin Triactor 3DL 250GB MKNSSDTR250GB-3DL,3082
Mushkin Triactor 3DL 500GB MKNSSDTR500GB-3DL,3228
Mushkin Triactor 3DX 120GB MKNSSDTR120GB-3DX,3957
Mushkin Triactor 120GB MKNSSDTR120GB,2675
Mushkin Triactor 240GB MKNSSDTR240GB,3565
Mushkin Triactor 250GB MKNSSDTR250GB,4207
Mushkin Triactor 480GB MKNSSDTR480GB,3732
Mushkin Triactor LT 240GB MKNSSDTR240GB-LT,3369
MV120GB,1985
MV128GB,2439
MV240GB,2769
MV256GB,3003
MV512GB,5220
MVGLD 512GB,16238
MVGLD/256GB,12857
MVGOLD 1TB,18946
MVGOLD 256GB,17082
MVGOLD 512GB,16545
MX NVMe SSD,32553
MXPG3D80-256G,3286
MXSSD2MSTP-16GB,717
MXSSD3MDSF-120G,2620
MXSSD3MDSFG-120G,1485
MXSSD3MDST-120G,3249
My 2.5 SSD,3599
MyDigitalSSD BP4,3248
MyDigitalSSD BP5 240GB,4261
MyDigitalSSD BP5 480GB,3825
MyDigitalSSD BP5 960GB,4578
MyDigitalSSD BP5 M.2 256GB,2925
MyDigitalSSD BPX 480GB,10102
MyDigitalSSD BPX Pro 480GB,11772
MyDigitalSSD BPX Pro 960GB,20755
Mystor SSD S910 256GB,16031
Mystor SSD S910 512GB,19557
MZ1LB1T9HBLS-000FB,18716
MZ7KM480HMHQ0D3,4762
MZ7LH1T9HMLT0D3,4664
MZ7LH480HBHQ0D3,4886
MZ7LM240HMHQ0D3,2786
MZ9L41T0HBLB-00BMV-SAMSUNG,24868
MZ9L81T0HDLB-00BMV-SAMSUNG,35702
MZ9L4128HCHQ-00BMV-SAMSUNG,14489
MZ9L4256HCJQ-00BMV-SAMSUNG,20701
MZ9L4512HBLU-00BMV-SAMSUNG,21914
MZ9L8256HDJD-00BMV-SAMSUNG,14954
MZ9L8512HDLU-00BMV-SAMSUNG,31406
MZ-5EA1000-0D3,1564
MZ-5S71000-0D3,1286
MZMPC032HBCD-00000,1720
MZMPC032HBCD-000D1,1433
MZMPC032HBCD-000H1,1820
MZMPC128HBFU-00000,2635
MZMPC128HBFU-000KN,2911
MZMTD128HAFV-000L3,2130
N5M-240GB,3107
N10C,3246
N100 pro 1TB,22132
N100 pro 256G,15644
N100 pro 512G,17918
N100pro M.2 PCIE 256GB,10979
N580 120GB,2621
N610 128GB,3238
N900-1T,3464
N900-256,3188
N900-512,3459
NB1.0KS2,695
NCSC51AD040M4,2115
NE-1TB 2242,13088
NE-1TB 2280,15487
NE-2TB 2280,19434
NE-128,7414
NE-128 2280,8539
NE-240,6362
NE-256,10222
NE-256 2280,14741
NE-480,9453
NE-512 2242,12431
NE-512 2280,11958
Neo Forza INS121SA356-H05S400,2219
Neo Forza NFP035PCI10-3400000,13213
Neo Forza NFP035PCI51-3400000,12158
Neo Forza NFP075PCI51-3400000,18176
Neo Forza NFP400 Series 2TB SSD,49307
Neo Forza NFP445PCI10-44H1000,29616
Neo Forza NFS011SA324-6007000,2914
Neo Forza NFS011SA348-6007000,2757
Neo Forza NFS011SA351-6007000,2190
Neo Forza NFS011SA356-6007000,2911
Neo Forza NSN025SA356-Y01Q2R0,3823
Neo Forza NSN135SA348-I01S400,2195
Neo Forza NSN155SA328-H06D1I0,2885
Neo Forza NSP045P3428-H05S200,9974
Neo Forza NSP045P3428-H06S200,10735
Neo Forza NSP045P3451-H03Q200,11084
Neo Forza NSP095P3451-H06Q2J0,20224
Neo Forza NSP095P3451-W04D2K0,16772
Neo Forza NSP475P4456-H06D2J0,20907
NEO-J51-SSD-256GB,12732
NEO-J51-SSD-512GB,14979
Neobihier 2TB,3767
Netac 4TB SSD,43131
Netac MobileDataStar,2497
Netac N5M-120GB,3476
Netac NV7000-t 2TB SSD,41245
Netac NVMe SSD 1TB,28332
Netac NVMe SSD 128GB,7808
Netac NVMe SSD 250GB,14664
Netac NVMe SSD 256GB,12219
Netac NVME SSD 480GB,10638
Netac NVMe SSD 500GB,18287
Netac NVMe SSD 512GB,19930
Netac S535N4/128GYN,2762
Netac S535N4/256GYN,2762
Netac S535N4/512GDN,4127
Netac S535N8/128GYN,2830
Netac S535N8/256GYN,3329
Netac S930E8/256GPN,13119
Netac SS D 120GB,3113
Netac SS D 128GB,2951
Netac SS D 256GB,2174
Netac SSD 1TB,3421
Netac SSD 2TB,3275
Netac SSD 60GB,1707
Netac SSD 120GB,2536
Netac SSD 128GB,2633
Netac SSD 240GB,2860
Netac SSD 250GB,2277
Netac SSD 256GB,2989
Netac SSD 360GB,3859
Netac SSD 480GB,3041
Netac SSD 500GB,3768
Netac SSD 512GB,2922
Netac SSD 720G,2851
Netac SSD 720GB,2643
Netac SSD 960GB,3030
NETAPP X411 HVIPC420A15,1288
NETNV512ME4,13141
Neutron NX500,14504
NEXDRIVE SSD 1TB,35029
NEXDRIVE SSD 2TB,46851
NEXDRIVE SSD 512GB,3251
Nextorage SSD NE1N1TB,41607
Nextorage SSD NE1N2TB,46428
Nextorage SSD NE1N4TB,41336
Nextorage SSD NEM-PA1TB,42971
Nextorage SSD NEM-PA2TB,49910
Nextorage SSD NEM-PA4TB,47031
Nextorage SSD NEM-PAB2TB,48642
Nextorage SSD NN4LE-1TB2CN,46643
Nextorage SSD NN4LE-2TB2CN,46523
NF830 256GB,3094
NFP035PCI51-3400000,12345
NFS011SA324-6007000,3221
NFS011SA348-6007000,2361
NFS011SA356-6007200,2929
NGFF 2242 128GB SSD,3438
NGFF 2242 256GB SSD,3316
NGFF 2242 512GB SSD,2899
NGFF 2280 1TB SSD,3070
NGFF 2280 120GB SSD,2815
NGFF 2280 128GB SSD,3353
NGFF 2280 256GB SSD,3664
NGFF 2280 512GB SSD,3394
NGFF SSD 512GB,3619
NINGMEI NS320M 256GB,3377
NINGMEI NS620M 256GB,10839
NINGMEI NS620M 512GB,20818
NINJA,11367
Ninx M.2 SSD 256G,3439
Ninx M.2 SSD 512G,3468
NMICRO EXTREME NVME ALPHA 1TB,24756
notespare 120GB,2095
NOVACHIPS 256GB SSD,1228
NOVASTAR SSD 120GB,3030
NOVASTAR SSD 240GB,3890
NS1T0BSSD530,17394
NS1T0BSSD530B,21086
NS128GSSD340,3269
NS256GSSD330,3598
NS256GSSD340,3600
NS256GSSD530,11268
NS512GSSD330,3618
NS512GSSD340,3666
NS512GSSD530,15965
NS512GSSD530B,13598
NSN025SA328-P01Q1R0,3432
NT-1TB,3731
NT-1TB 2242,3475
NT-1TB 2280,3793
NT-2TB 2242,3126
NT-2TB 2280,3593
NT-4TB 2280,4120
NT-128 2242,4060
NT-256,3241
NT-256 2242,4093
NT-256 2280,4175
NT-512,3327
NT-512 2242,3884
NT-512 2280,4033
NTech MX600 SSD,3713
NUTANIX VDISK,6132
NV900-1T,13903
NV900-256,9113
NV900-512,12201
NV33502TBY3G1,17803
NV33525GBY3G1-S,14011
NV47002TBY3G1,40929
NVME 4.0 1TB,37404
NVME 128GB,8392
NVME 256G,13474
Nvme 512GB,15024
NVME 512GB SSD,11603
NVMe A400 NVMe SanDis,7073
NVMe ABSNE191024GBMP,30902
NVMe ADATA SX6000NP,6292
NVMe ADATA SX6000PNP,15683
NVMe ADATA SX7000NP,9852
NVMe ADATA SX8200NP,18410
NVMe Amazon Elastic B,4341
NVMe Apacer AS2280P4U 256GB,16653
NVMe BC501 NVMe SK hy,10122
NVMe BC511 NVMe SK hynix 256GB,10293
NVMe BC901 NVMe SK hynix 256GB,21655
NVMe BC901 NVMe SK hynix 512GB,26171
NVMe BC901 NVMe SK hynix 1024GB,27108
NVMe BG6 KIOXIA 256GB,24746
NVMe BG6 KIOXIA 512GB,27634
NVMe BG6 KIOXIA 1024GB,35460
NVMe BIWIN AP423 CE480T5D101-256G,2676
NVMe BIWIN CE480T5D101-256G,15080
NVMe BIWIN X570 PRO 1TB,66520
NVMe BM9C1 Samsung 512GB,10983
NVMe BM9C1 Samsung 1024GB,18357
NVMe BPX,11168
NVMe CA5-8D256,15870
NVMe CA5-8D512,16324
NVMe CA5-8D1024,15268
NVMe CA6-8D512-Q11 NVMe SSSTC 512GB,32183
NVMe CA6-8D1024-Q11 NVMe SSSTC 1024GB,26087
NVMe CL1-3D256-Q11 NVMe SSSTC 256GB,11458
NVMe CL1-4D128,7193
NVMe CL1-8D128,8386
NVMe CL1-8D256,12791
NVMe CL1-8D512,12248
NVMe CL1-8D1024,12643
NVMe CL4-3D256-Q11 NVMe SSSTC 256GB,14236
NVMe CL4-3D512-Q11 NVMe SSSTC 512GB,14274
NVMe CL4-3D1024-Q11 NVMe SSSTC 1024GB,17752
NVMe CL4-8D256,17434
NVMe CL4-8D512,18159
NVMe CL4-8D1024,19779
NVMe CLR-8W512,11167
NVMe CSSD-M2L1KSFT6KE 1024GB,44004
NVMe CT500P1SSD8,9495
NVMe CT500P2SSD8,13782
NVMe CT500P5PSSD8,37492
NVMe CT1000P1SSD8,11635
NVMe CT1000P3PSSD8,28061
NVMe CT1000P5PSSD8,37924
NVMe CT1000P5SSD8,21557
NVMe CT1000T500SSD8,36770
NVMe CT4000T705SSD3,69791
NVMe CX2-8B256-Q11 NV,10012
NVMe CX2-8B512-Q11 NV,13866
NVMe Dahua C900 PLUS M.2 2280 NVMe 512GB SSD,21499
NVMe Dextor SSD1TB,17831
NVMe E15-1TB-PHISON-SSD-B47R,26427
NVMe EG6 KIOXIA 512GB,25451
NVMe EG6 KIOXIA 1024GB,30105
NVMe FIKWOT FN960 1TB,34398
NVMe Force MP300,6848
NVMe Force MP510,20601
NVMe Force MP600,33382
NVMe FORESEE XP2000F128G,10915
NVMe H10 HBRPEKNX0203A NVMe INTEL 1TB,10939
NVMe H20 HBRPEKNL0203A NVMe INTEL 1024GB,12028
NVMe HFM001TD3JX013N,23215
NVMe HFM001TD3JX016N,19336
NVMe HFM128GD3JX016N,8903
NVMe HFM128GDJTNG-831,6148
NVMe HFM256GD3JX016N,20274
NVMe HFM256GDJTNG-831,10614
NVMe HFM256GDJTNI-82A0A,9663
NVMe HFM512GD3JX016N,23753
NVMe HFM512GDJTNI-82A0A,11572
NVMe HFS001TEJ9X108N,31418
NVMe HFS001TEJ9X110N,30803
NVMe HFS001TFM9X186N,78846
NVMe HFS002TEJ9X125N,33623
NVMe HFS256GD9TNG-62A,8384
NVMe HFS256GEJ9X108N,23143
NVMe HFS256GEJ9X110N,26774
NVMe HFS512GEJ9X108N,30852
NVMe HFS512GEJ9X110N,28183
NVMe HP SSD EX900 250,9875
NVMe HP SSD EX920 512,14335
NVMe HP SSD EX950 1TB,17672
NVMe HP SSD EX950 2TB,16976
NVMe IM2P33F3A NVMe ADATA 256GB,12242
NVMe IM2P33F3A NVMe ADATA 512GB,12837
NVMe IM2P33F4 256GB,11116
NVMe INTEL HBRPEKNX0202AC,11546
NVMe INTEL SSDPED1D280GA,21380
NVMe INTEL SSDPEKKF256G7L,7984
NVMe INTEL SSDPEKKF256G8L,12378
NVMe INTEL SSDPEKKF512G8L,16816
NVMe KBG30ZMV256G TOS,7287
NVMe KBG40ZNS1T02 NVMe KIOXIA 1024GB,16506
NVMe KBG40ZNS256G NVM,11249
NVMe KBG40ZNS256G NVMe KIOXIA 256GB,13924
NVMe KBG40ZNS512G NVMe KIOXIA 512GB,13250
NVMe KBG40ZNV1T02 KIOXIA,15138
NVMe KBG40ZNV256G KIOXIA,12623
NVMe KBG40ZNV512G KIOXIA,13256
NVMe KBG50ZNS1T02 KIOXIA,23468
NVMe KBG50ZNS1T02 NVMe KIOXIA 1024GB,24051
NVMe KBG50ZNS256G NVMe KIOXIA 256GB,18094
NVMe KBG50ZNS512G KIOXIA,21713
NVMe KBG50ZNS512G NVMe KIOXIA 512GB,20503
NVMe KBG50ZNT256G LS KIOXIA,21320
NVMe KBG50ZNT512G LS KIOXIA,21573
NVMe KBG50ZNV256G KIOXIA,16002
NVMe KBG50ZNV512G KIOXIA,20575
NVMe KBG60ZNS1T02 KIOXIA,38500
NVMe KINGSTON OM8SBP3512K-AH,11300
NVMe KINGSTON RBUSNS8,10360
NVMe KINGSTON SA1000M,15554
NVMe KINGSTON SA2000M,14129
NVMe KINGSTON SKC1000,10035
NVMe KXG6AZNV1T02 NVMe SED KIOXIA 1024GB,21472
NVMe KXG60ZNV1T02 KIOXIA,19518
NVMe KXG60ZNV1T02 NVM,18349
NVMe KXG60ZNV256G KIOXIA,15595
NVMe KXG60ZNV512G KIOXIA,20824
NVMe KXG60ZNV512G NVM,20058
NVMe KXG60ZNV512G NVMe KIOXIA 512GB,19004
NVMe KXG70PN84T09 NVMe KIOXIA 4096GB,36497
NVMe KXG70PNV2T04 NVMe KIOXIA 2048GB,36400
NVMe KXG70ZNV512G NVMe KIOXIA 512GB,31063
NVMe KXG80ZNV1T02 KIOXIA,38197
NVMe KXG80ZNV512G KIOXIA,40439
NVMe LENSE30512GMSP34,18319
NVMe LENSN20256GMSP34,10372
NVMe LENSN20512GMSP34,20449
NVMe Lexar SSD NM620 1TB,19392
NVMe Lexar SSD NM620 2TB,20614
NVMe Lexar SSD NM620 512GB,19974
NVMe Lexar SSD NM710 1TB,37820
NVMe Lexar SSD NM710 2TB,32368
NVMe Lexar SSD NQ700 2TB,19111
NVMe M.2 SSD 128GB,7995
NVMe Micron 2210S NVMe 512GB,11988
NVMe Micron 2400E MTFDKBA1T0QFM,27803
NVMe Micron 2400E MTFDKBA512QFM,20677
NVMe Micron 3400 MTFDKBA2T0TFH,42110
NVMe Micron 3400 NVMe 512GB,32326
NVMe Micron 3400 NVMe 1024GB,37426
NVMe Micron 3400 NVMe 2048GB,37172
NVMe MiWhole CT300-2TB,40138
NVMe MTFDHBA512QFD-1AX1AABHA,11485
NVMe MTFDKBA1T0QFM-1BD1AABGB,26731
NVMe MTFDKBA2T0QFM-1BD1AABGB,29042
NVMe MTFDKBA512QFM-1BD1AABGB,21131
NVMe MTFDKBK512QFM-1BD1AABGB,20048
NVMe Netac NVMe SSD 512GB,23308
NVMe NVME SSD 128GB,5690
NVMe NVMe SSD 1202 512GB,16244
NVMe ORICO,40001
NVMe P41PL NVMe SOLIDIGM 512GB,16100
NVMe P41PL NVMe SOLIDIGM 1024GB,21003
NVMe Patriot Hellfire,10808
NVMe Patriot M.2 P300 1024GB,19791
NVMe PC300 NVMe SK hy,12689
NVMe PC601 NVMe SK hy,19746
NVMe PC611 NVMe SK hynix 1TB,21276
NVMe PC711 NVMe SK hynix 1TB,23998
NVMe PC711 NVMe SK hynix 512GB,23361
NVMe PC811 SED SK hynix 512GB,47007
NVMe PC811 SED SK hynix 1024GB,47195
NVMe PC SN730 NVMe WDC 512GB,19919
NVMe PC SN730 NVMe WDC 1024GB,23684
NVMe PC SN740 NVMe WD 1TB,32676
NVMe PC SN740 NVMe WD 256GB,20800
NVMe PC SN740 WD 512GB,26675
NVMe PC SN5000S SanDisk 512GB,29098
NVMe PC SN5000S SanDisk 1024GB,37816
NVMe PC SN7100S SanDisk 256GB,20613
NVMe PC SN7100S SanDisk 512GB,40271
NVMe PC SN8000S SED SanDisk 512GB,48925
NVMe PC SN8000S SED SanDisk 1024GB,51522
NVMe PC SN8000S SED SanDisk 2048GB,55726
NVMe PC SN8000S SED SanDisk 4096GB,54975
NVMe PCB01 SED SK hynix 1024GB,78841
NVMe PCB01 SED SK hynix 2048GB,85229
NVMe PLEXTOR PX-1TM8P,10952
NVMe PLEXTOR PX-1TM9P,18974
NVMe PLEXTOR PX-128M8,6253
NVMe PLEXTOR PX-256M8,9871
NVMe PLEXTOR PX-512M8,12016
NVMe PM9A1 NVMe SED Samsung 512GB,15041
NVMe PM9B1 NVMe Samsung 512GB,19844
NVMe PM9B1 NVMe Samsung 1024GB,22843
NVMe PM9B1 Samsung 256GB,19238
NVMe PM9C1a Samsung 256GB,21945
NVMe PM9C1a Samsung 512GB,25827
NVMe PM9C1a Samsung 1024GB,31083
NVMe PM9C1b Samsung 1024GB,43530
NVMe PM9F1 SED Samsung 512GB,54110
NVMe PM9F1 SED Samsung 1024GB,50170
NVMe PM9F1 SED Samsung 2048GB,55704
NVMe PM951 NVMe SAMSU,8927
NVMe PNY CS2030 240GB,12152
NVMe PNY CS2030 480GB,12757
NVMe PNY CS3030 1TB S,23552
NVMe PNY CS3030 250GB,13323
NVMe RPITJ256MEE1OWX,10233
NVMe S990 256,13423
NVMe SAMSUNG MZALQ256HBJD-00BL2,11512
NVMe SAMSUNG MZALQ512HALU-000L2,10969
NVMe SAMSUNG MZALQ512HBLU-00BL2,15923
NVMe SAMSUNG MZVL22T0HBLB-00B00,32821
NVMe SAMSUNG MZVL22T0HBLB-00B07,33227
NVMe SAMSUNG MZVL22T0HBLB-00BL2,36817
NVMe SAMSUNG MZVL41T0HBLB-00BH1,25551
NVMe SAMSUNG MZVL41T0HBLB-00BL7,27225
NVMe SAMSUNG MZVL41T0HBLB-00BTW,25901
NVMe SAMSUNG MZVL81T0HELB-00BH1,28558
NVMe SAMSUNG MZVL81T0HELB-00BTW,27463
NVMe SAMSUNG MZVL81T0HFLB-00BTW,41857
NVMe SAMSUNG MZVL2512HCJQ-00BL7,40153
NVMe SAMSUNG MZVL2512HCJQ-00BT7,29134
NVMe SAMSUNG MZVL2512HCJQ-00BTW,31947
NVMe SAMSUNG MZVL2512HDJD-00BLL,40449
NVMe SAMSUNG MZVL4256HBJD-00BH1,16786
NVMe SAMSUNG MZVL4256HBJD-00BL7,16704
NVMe SAMSUNG MZVL4256HBJD-00BTW,15797
NVMe SAMSUNG MZVL4512HBLU-00BH1,21865
NVMe SAMSUNG MZVL4512HBLU-00BL7,21440
NVMe SAMSUNG MZVL4512HBLU-00BTW,29523
NVMe SAMSUNG MZVL8512HELU-00BTW,23127
NVMe SAMSUNG MZVLB1T0,22361
NVMe SAMSUNG MZVLB1T0HBLR-000L7,23058
NVMe SAMSUNG MZVLB256,16460
NVMe SAMSUNG MZVLQ1T0HBLB-00BH1,9669
NVMe SAMSUNG MZVLQ1T0HBLB-00BTW,12796
NVMe SAMSUNG MZVLQ256,5299
NVMe SAMSUNG MZVLQ256HBJD-00BH1,7901
NVMe SAMSUNG MZVLQ512HBLU-00BH1,10694
NVMe SAMSUNG MZVLQ512HBLU-00BTW,13622
NVMe SAMSUNG MZVLW128,12915
NVMe SAMSUNG MZVMA1T0HCLD-00BTW,30517
NVMe Samsung SSD 950,13340
NVMe Samsung SSD 960,18814
NVMe SCY SMM88HG51200D 512GB,31029
NVMe SHGP31-500GM,18909
NVMe SHGP31-2000GM,25617
NVMe SHPP41-1000GM,41570
NVMe SK hynix BC511 HFM256GDJTNI-82A0A,9434
NVMe SK hynix BC511 HFM512GDJTNI-82A0A,11547
NVMe SK hynix BC711 HFM128GD3JX013N,10318
NVMe SK hynix BC901 HFS001TEJ9X108N,30904
NVMe SK hynix BC901 HFS512GEJ9X108N,25727
NVMe SKHynix HFS256GD,13583
NVMe SKHynix HFS512GEJ4X112N,19376
NVMe SM2P32A8-256GC,16835
NVMe SM2P32A8-512GC,21285
NVMe SM2P41C3 NVMe ADATA 256GB,19912
NVMe SM2P41C3 NVMe ADATA 512GB,23825
NVMe SM2P41C3Q ADATA 512GB,19241
NVMe SM2P41C8-256GC1,24524
NVMe SM2P41C8-256GC5,26957
NVMe SM2P41C8-512GC1,29286
NVMe SM2P41C8-512GC5,28511
NVMe SM951 NVMe SAMSU,13135
NVMe SOLIDIGM SSDPFKNU010TZ,22206
NVMe SOLIDIGM SSDPFKNU020TZ,22797
NVMe SOLIDIGM SSDPFKNU512GZ,17009
NVMe SOLIDIGM SSDPFKNU512GZH,16696
NVMe SOLIDIGM SSDPFKNU512GZL,16371
NVMe SP128GIMEA3K5EV0,4969
NVMe SP-5 PRO 256GB,11095
NVMe SPCC M.2 PCIe SS,23731
NVME SSD,27247
NVMe SSD 1202 512GB,16302
NVMe SSD 2242 1TB,11901
NVMe SSDPEMKF512G8 NVMe INTEL 512GB,15399
NVMe SSSTC CA6-8D512,31840
NVMe SSSTC CA6-8D1024,40047
NVMe TEAM TM8FFD001T,44585
NVMe TEAM TM8FP4002T,25500
NVMe TEAM TM8FP4004T,23849
NVMe TEAM TM8FP6002T,20029
NVMe TEAM TM8FPD512G,19339
NVMe THNSF5256GPUK TO,7998
NVMe THNSN5128GPU7 TO,9779
NVMe THNSN5128GPUK TO,6391
NVMe TIMETEC PCIe 3.0 2TB,21594
NVMe UMIS RPJTJ256MEE1OWX,10068
NVMe UMIS RPJTJ256MGE1QDY,17937
NVMe UMIS RPJTJ512MGE1QDY,17707
NVMe Viper VP4300L 2TB,43675
NVMe WD BLACK SN770 1TB,39792
NVMe WD BLACK SN770 2TB,38906
NVMe WD BLACK SN770 500GB,33508
NVMe WD BLACK SN770M 1TB,37791
NVMe WD BLACK SN770M 2TB,33654
NVMe WD BLACK SN7100 1TB,53668
NVMe WD BLACK SN7100 2TB,55818
NVMe WD BLACK SN8100 2000GB,52011
NVMe WD Blue SN570 1TB,25716
NVMe WD Blue SN570 2TB,28439
NVMe WD Blue SN5000 1TB,33869
NVMe WD Blue SN5000 4TB,38680
NVMe WD Green SN350 1TB 2G0C,17020
NVMe WD Green SN3000 1TB,30187
NVMe WD Green SN3000 2TB,39834
NVMe WD PC SN560 SDDPNQE-1T00-1002,31576
NVMe WD PC SN560 SDDPNQE-1T00-1006,32119
NVMe WD PC SN560 SDDPNQE-1T00-1032,31616
NVMe WD PC SN560 SDDPNQE-1T00-1102,30346
NVMe WD PC SN560 SDDPNQE-1T00-1202,31043
NVMe WD PC SN740 SDDPMQD-512G-1101,29027
NVMe WD PC SN740 SDDPNQD-256G-1006,20862
NVMe WD PC SN740 SDDPNQD-512G-1002,39477
NVMe WD PC SN740 SDDPNQD-512G-1006,26641
NVMe WD PC SN740 SDDPNQD-512G-1102,32932
NVMe WD PC SN740 SDDPNQD-512G-2006,32221
NVMe WD PC SN740 SDDPNQE-2T00-1002,38633
NVMe WD PC SN740 SDDPNQE-2T00-1102,36625
NVMe WD PC SN740 SDDPNQE-2T00-1202,38274
NVMe WD PC SN740 SDDPTQD-1T00-1002,35499
NVMe WD PC SN740 SDDPTQD-512G-1002,35085
NVMe WD PC SN740 SDDPTQD-512G-1102,30048
NVMe WD PC SN740 SDDPTQE-2T00,37497
NVMe WD PC SN740 SDDQNQD-1T00-1014,39066
NVMe WD PC SN740 SDDQNQD-256G-1014,21259
NVMe WD PC SN740 SDDQNQD-512G-1001,31698
NVMe WD PC SN740 SDDQNQD-512G-1014,31990
NVMe WD PC SN5000S SDEPNSJ-512G-1032,38316
NVMe WD PC SN5000S SDEQNSJ-2T00-1002,42841
NVMe WD PC SN8000S SDEQNRG-2T00-1002,53570
NVMe WDBRPG5000ANC-WR,20881
NVMe WDC PC SN520 SDA,15254
NVMe WDC PC SN720 SDA,22003
NVMe WDC PC SN730 SDBQNTY-512G-1001,21169
NVMe WDC WD BLACK SDBPNTY-512G-1106,20245
NVMe WDC WD BLACK SDBPNTZ-2T00-1106,24484
NVMe WDC WDS100T2B0C-00PXH0,17093
NVMe WDC WDS500G1B0C-,13571
NVMe WDC WDS500G2B0C-00PXH0,15089
NVMe WDC WDS512G1X0C-,7070
NVMe WDS100T2X0C-00L350,26962
NVMe WDS200T1XHE-00AFY0,33569
NVMe WDS200T3X0C-00SJG0,27653
NVMe WDS250G2X0C-00L3,16069
NVMe WDS250G3X0C-00SJ,16101
NVMe WDS500G3X0C-00SJG0,21358
NVMe XG10d SED KIOXIA 4096GB,58070
NVMe XG7000-4TB 2280,45896
NVMe XPG GAMMIX S11 P,16489
NVMe XPG GAMMIX S41,24321
NVMe XPG GAMMIX S50 Lite,19690
NVMe XPG SPECTRIX S40,17977
NVMe XPG SPECTRIX S40G,21077
NX-1TB,20996
NX-1TB 2280,20752
NX-2TB,20397
NX-2TB 2280,20825
NX-128,10402
NX-128 2280,6231
NX-256,15757
NX-256 2230,17406
NX-256 2280,14850
NX-512,17376
NX-512 2280,17562
NX-512 2280 B51,18630
NXM-1TB,22391
NXM-1TB 2242,15580
NXM-128 2242,7453
NXM-256 2242,13154
NXM-512 2242,19009
OCPC MBL-400 1TB,36129
OCPC MBL-400 512GB,21168
OCPC MFL-300 1TB,19382
OCPC MFL-300 256GB,15323
OCPC MFL-300 512GB,17283
OCPC XTL-200 256GB,3016
OCZ 120GB SSD D2CSTK251A20-0120,1772
OCZ 240GB SSD D2CSTK251A20-0240,2824
OCZ 480GB SSD D2CSTK251A20-0480,2856
OCZ AGILITY 2 40GB,1112
OCZ AGILITY 2 50GB,1425
OCZ AGILITY 2 60GB,1523
OCZ AGILITY 2 90GB,1289
OCZ AGILITY 2 100GB,1466
OCZ AGILITY 2 120GB,1666
OCZ AGILITY 2 160GB,1466
OCZ AGILITY 2 180GB,2079
OCZ AGILITY 2 240GB,1816
OCZ AGILITY 3 60GB,1730
OCZ AGILITY 3 90GB,1861
OCZ AGILITY 3 120GB,2240
OCZ AGILITY 3 128GB,2715
OCZ AGILITY 3 180GB,2217
OCZ AGILITY 3 240GB,4144
OCZ AGILITY 3 256GB,2515
OCZ AGILITY 3 360GB,2535
OCZ AGILITY 3 480GB,2719
OCZ AGILITY 3 512GB,2573
OCZ AGILITY 3 960GB,3493
OCZ AGILITY 4 64GB,1273
OCZ AGILITY 4 128GB,2128
OCZ AGILITY 4 256GB,2150
OCZ AGILITY 32GB,926
OCZ AGILITY 64GB,987
OCZ AGILITY EX 64GB,591
OCZ COLOSSUS-LT,1946
OCZ CORE SSD,654
OCZ CORE SSD 60GB,432
OCZ CORE SSD 120GB,419
OCZ Deneva 2 480GB D2CSTK251M11-0480,3808
OCZ INTREPID 3700,3855
OCZ REVODRIVE3,5604
OCZ REVODRIVE3 MI,8119
OCZ REVODRIVE3 MI X2,8097
OCZ REVODRIVE3 X2,7956
OCZ REVODRIVE350,10694
OCZ RevoDrive 3,3342
OCZ RevoDrive 3 X2,7784
OCZ RevoDrive 3 X2 Max IOPS,9496
OCZ RevoDrive 350 PCI-E,9299
OCZ SOLID SSD,638
OCZ SOLID SSD 32GB,572
OCZ SOLID SSD 64GB,698
OCZ SUMMIT,1005
OCZ Vector 150,4235
OCZ Vector Series 256GB SSD,4851
OCZ VERT EX PLUS,1102
OCZ Vertex 2 1.8 80GB,1530
"OCZ Vertex 2 3.5"" 120GB",1609
OCZ Vertex 2 40GB,1323
OCZ Vertex 2 50GB,1270
OCZ Vertex 2 60GB,1527
OCZ Vertex 2 80GB,1260
OCZ Vertex 2 100GB,1710
OCZ Vertex 2 120GB,1903
OCZ Vertex 2 160GB,1618
OCZ Vertex 2 200GB,1528
OCZ Vertex 2 240GB,1832
OCZ Vertex 2 320GB,1258
OCZ Vertex 2 480GB,1591
OCZ Vertex 3 60GB,2414
OCZ Vertex 3 64GB,1430
OCZ Vertex 3 90GB,2737
OCZ Vertex 3 120GB,993
OCZ Vertex 3 128GB,3412
OCZ Vertex 3 240GB,3887
OCZ Vertex 3 256GB,3416
OCZ Vertex 3 LP 60GB,1897
OCZ Vertex 3 LP 240GB,3853
OCZ Vertex 3 Max IOPS 120GB,3624
OCZ Vertex 3 Max IOPS 240GB,3805
OCZ Vertex 4 64GB,2316
OCZ Vertex 4 128GB,3842
OCZ Vertex 4 256GB,4027
OCZ Vertex 4 512GB,3989
OCZ Vertex 64GB,977
OCZ Vertex 450 128GB,2978
OCZ Vertex 450 256GB,4582
OCZ Vertex 450 512GB,4525
OCZ Vertex 460 120GB,3603
OCZ Vertex 460 240GB,4251
OCZ Vertex 460 480GB,3921
OCZ Vertex 460A 240GB,4730
OCZ Vertex 460A 480GB,4361
OCZ VERTEX PLUS,1279
OCZ Vertex Plus,1072
OCZ Vertex Plus R2 60GB,763
OCZ Vertex Plus R2 120GB,1085
OCZ Vertex v1275,655
OCZ VERTEX-LE,1838
OCZ VERTEX-PLUS,1074
OCZ VERTEX-TURBO,1242
OCZ Z-Drive 6000 800GB,14584
OCZ Z-DRIVE R4 CM84,8891
OCZ-AGIL ITY2,1767
OCZ-AGIL ITY3,2544
OCZ-AGIL ITY4,1837
OCZ-ARC1 00,3759
OCZ-ARC1 OCZ-ARC100,3507
OCZ-ARC100,3838
OCZ-CACHE-SYNAPSE,2706
OCZ-COLOSSUS,1311
OCZ-NOCTI,1348
OCZ-OCTANE,1828
OCZ-OCTANE S2,1443
OCZ-ONYX,744
OCZ-PETR OL,1030
OCZ-PETROL,1641
OCZ-REVODRIV,7613
OCZ-REVODRIVE3,6063
OCZ-REVODRIVE3 M,8471
OCZ-REVODRIVE3 X,10000
OCZ-SABER1000,4389
OCZ-SOLI D3,2719
OCZ-SOLID2,895
OCZ-SOLID3,2373
OCZ-TRIO N100,3887
OCZ-TRIO N150,4027
OCZ-TRION100,4237
OCZ-TRION150,3750
OCZ-VECT OCZ-VECTOR150,4326
OCZ-VECT OR,3795
OCZ-VECT OR150,4173
OCZ-VECT OR180,4045
OCZ-VECTOR,3897
OCZ-VECTOR150,4556
OCZ-VECTOR180,4272
OCZ-VERT EX,968
OCZ-VERT EX2,1875
OCZ-VERT EX2 3.5,1334
OCZ-VERT EX3,4031
OCZ-VERT EX3 MI,3821
OCZ-VERT EX4,3729
OCZ-VERT EX450,3158
OCZ-VERT EX460,3407
OCZ-VERT EX460A,3721
OCZ-VERTEX,1195
OCZ-VERTEX PLUS,1238
OCZ-VERTEX TURBO,746
odopo SMI 128GB,3145
OEM Genuine 1TB,4455
OEM Genuine 500GB,6530
OEMSSD120GB,3089
OLEANE,3281
OM3PDP3-AD NVMe KDI 256GB,12282
OM3PDP3-AD NVMe KDI 512GB,13090
OM3PGP4-AD NVMe KDI 256GB,19851
OM3PGP4-AD NVMe KDI 512GB,23722
ONDA S-12 32GB,945
ONDA-M2N-256GT PLUS,22324
ONDA-M2N-512GT,16101
ONE XPLAYER Q1,20999
ONE XPLAYER Q3,47820
One-Netbook PCI-E 01TB SSD,17667
One-Netbook PCI-E 512G SSD,14011
ONEOXOEN-256GB,3354
ONEXPLAYER Q3,39738
ONEXPLAYER Q5 1TB,39412
ONEXPLAYER Q5 2TB,46866
OOS500G,789
OOS1000G,1003
OOS2000G,1043
Optane H10 with SSD 1TB,13660
Optane H10 with SSD 256GB,6161
Optane H10 with SSD 512GB,11728
Optane H20 with SSD 1TB,15756
Optane H20 with SSD 512GB,13643
Optane+1.8TBHDD,1797
Optane+1.8TBSSD,6397
Optane+2.7TBHDD,4924
Optane+3.6TBHDD,2978
Optane+7.2TBHDD,2142
Optane+112GBSSD,4459
Optane+119GBSSD,4198
Optane+224GBSSD,3693
Optane+233GBSSD,5707
Optane+238GBSSD,6173
Optane+447GBSSD,4303
Optane+466GBHDD,2945
Optane+466GBSSD,4727
Optane+477GBSSD,11665
Optane+894GBSSD,5597
Optane+931GBHDD,1170
Optane+932GBHDD,1625
Optane+932GBSSD,5191
Optane+954GBSSD,13701
OptimX,16812
Optos 120GB,1840
ORACLE BlockVolume,1066
ORCL-VBOX-NVME-VER12,16564
ORICO,42163
ORICO M200 512GB,2578
ORICO V500 1TB,10124
ORICO V500 256GB,9447
ORICO-1TB,42834
ORICO-2TB,41762
ORICO-256,10068
ORICO-512GB,24676
ORICO-J10,15687
ORICO-J20,16961
Origin Inception TLC800 SSD,2955
ORIGIN Inception TLC830 2.5in 1TB,2871
ORIGIN Inception TLC830 Pro 2.5in 256GB,3272
ORIGIN Inception TLC830 Pro 2.5in 512GB,3313
ORIGIN Inception TLC830 Pro NVMe 1TB,19966
ORIGIN Inception TLC830 Pro NVMe 256GB,15162
ORIGIN Inception TLC830 Pro NVMe 512GB,16023
Origin Inception TLC830 Pro Series 256GB,2975
Origin Inception TLC830 Pro Series 512GB,3043
ORIGIN Inception TLC830 Series 1TB,3991
ORTIAL SSD,6202
OSC M.2 120GB,3040
OSC M.2 128GB,2693
OSC M.2 256GB,3134
OSC M.2 512GB,3361
OSC mSATA 128GB,2743
OSC PCIe 2TB,51356
OSC PCIE 128GB,7726
OSC PCIE 256GB,11988
OSC PCIe 512GB,14662
OSC SSD 60GB,1210
OSC SSD 120GB,2793
OSC SSD 128GB,2519
OSC SSD 240GB,3095
OSC SSD 256GB,2882
OSC SSD 512GB,2635
OSCOO PCIe 1TB SSD,18520
OSILIDMGS DSFPKK0W027X,15871
OSSD128GBTSS2,3015
OSSD256GBTSS2,2792
OSSD512GBQSS2,2277
OSSD512GBTSS2,3018
OUTTON MK-500 LITE 512G,3425
OUTTON MK-500 LITE mSATA 256G,3208
OUTTON MK-500 LITE NVMe 512G,13356
OUTTON MK-500 LITE NVMe 512GB QLC,15752
OV NVME SSD512GGB P300,17772
OV NVME SSD 512GB P300,19793
OV SSD 256GB S600,2367
OV SSD 512GB S600,3045
OVA Breeze 120GB,3905
OVA Tornado 256GB,1430
OVATION,6317
OVATION 980 256GB,18102
OVATION 980 512GB,16218
"OVATION SSD 2.5\""3 256GB",3661
OWC Merc ury Extreme Pro,2236
OWC Mercury Accelsior PCIe SSD,6110
OWC Mercury Electra 3G SSD,2174
OWC Mercury Electra 6G SSD,3436
OWC Mercury EXTREME Pro 6G SSD,3595
OWC Mercury Extreme Pro 6G SSD,2787
OWC Mercury Extreme Pro SSD,2922
Oxillo SSD 120GB,3875
OXY M2 NVME SSD 256GB,9127
OxyBr,2635
Oyen Digital PCIe SSD,47480
P3-2TB,3706
P3-64,2046
P3-120,3461
P3-128,2640
P3-512,3387
P4-120,2727
P4-240,2843
P4-480,3114
P4-960,3310
P41PL NVMe SOLIDIGM 512GB,15810
P41PL NVMe SOLIDIGM 1024GB,20303
P0221 NVMe Phison 512GB,15588
P0221 NVMe Phison 1024GB,20116
P300-1TB 2280,8680
P300-MTFDDAC050SAL,3772
P300-MTFDDAC100SAL,3257
P0327 Phison 512GB,26881
P0327 Phison 1024GB,33327
P0527 Phison 512GB,41600
P0527 Phison 1024GB,46277
PALIT PH120 SSD,3422
PALIT PSP120 SSD,2763
PALIT PSP240 SSD,2532
Palit UVS 240GB,3405
Palit UVS 480GB,3516
Palit UVSE 120GB,2476
Patriot Blast 120GB,2838
Patriot Blast 240GB,3543
Patriot Blast 480GB,3303
Patriot Blaze,3068
Patriot Blaze SSD,2652
Patriot Burst,3867
Patriot Burst EIite 480GB,2922
Patriot Burst Elite 120GB,2620
Patriot Burst Elite 240GB,3010
Patriot Burst Elite 480GB,3170
Patriot Burst Elite 960GB,3403
Patriot Burst Elite 1920GB,3216
Patriot Flare,3492
Patriot Hellfire M2,10566
Patriot Ignite,4007
Patriot Ignite M2,3875
Patriot Inferno 60GB,1107
Patriot Inferno 100GB SS,1678
Patriot Inferno 100GB SSD,1605
Patriot Inferno 120GB SS,1727
Patriot Inferno 120GB SSD,1620
Patriot Inferno 200GB SSD,2033
Patriot Inferno 240GB SS,1919
Patriot Inferno 240GB SSD,1789
Patriot M.2 P300,14650
Patriot M.2 P300 128GB,9290
Patriot M.2 P300 256GB,13662
Patriot M.2 P300 512GB,14651
Patriot M.2 P300 1024GB,17228
Patriot M.2 P300 2048GB,20416
Patriot M.2 P310 240GB,14690
Patriot M.2 P310 480GB,16911
Patriot M.2 P310 960GB,17041
Patriot M.2 P310 1920GB,18210
Patriot M.2 P320 128GB,9053
Patriot M.2 P320 256GB,14778
Patriot M.2 P320 512GB,19012
Patriot M.2 P320 1024GB,21356
Patriot M.2 P320 2048GB,24494
Patriot M.2 P400 512GB,25576
Patriot M.2 P400 1024GB,35045
Patriot M.2 P400 2048GB,35389
Patriot Mac Series XT 240GB,4019
PATRIOT MEMORY 32GB,581
PATRIOT MEMORY 32GB SSD,559
PATRIOT MEMORY 64GB SSD,518
PATRIOT MEMORY 128GB SSD,507
Patriot Memory USB,943
Patriot P200,2703
Patriot P200 1TB,3074
Patriot P200 256GB,2862
Patriot P200 512GB,2646
Patriot P210 1TB,2676
Patriot P210 128GB,2664
Patriot P210 256GB,2986
Patriot P210 512GB,3030
Patriot P210 1024GB,3201
Patriot P210 2048GB,3470
Patriot P220 128GB,2633
Patriot P220 256GB,3442
Patriot P220 512GB,3451
Patriot P220 1024GB,5058
Patriot P220 2048GB,3235
Patriot P300 1TB,12216
Patriot P300 128GB,8728
Patriot P300 256GB,10064
Patriot P300 512GB,11209
Patriot P400L 250GB,18586
Patriot P400L 500GB,24303
Patriot P400L 1000GB,26540
Patriot P400L 2000GB,34371
Patriot P400L 4000GB,37104
Patriot P400V 1TB,38972
Patriot P400V 2TB,39212
Patriot P410 1TB,29431
Patriot P410 2TB,35136
Patriot P410 500GB,27859
Patriot PS-100 32GB SSD,954
Patriot PS-100 64GB SSD,786
Patriot PS-100 128GB SSD,432
Patriot Pyro 60GB SSD,1703
Patriot Pyro 120GB SSD,2419
Patriot Pyro 240GB SSD,3449
Patriot Pyro M3 120GB SSD,2436
Patriot Pyro M3 240GB SSD,2556
Patriot Pyro SE 120GB SSD,3062
Patriot Pyro SE 240GB SSD,4101
Patriot Scorch M2,8918
Patriot Spark,4135
Patriot Torch,1454
Patriot Torch II,3999
Patriot Torch LE,4229
Patriot Torch SE,2787
Patriot Torch SSD,3510
Patriot Torqx 2 64GB SSD,858
Patriot Torqx 2 128GB SS,1203
Patriot Torqx 2 128GB SSD,1153
Patriot Torqx 2 256GB SS,986
Patriot Torqx 64GB SSD,629
Patriot Torqx TRB 32GB SSD,681
Patriot Torqx TRB 64GB S,1158
Patriot Torqx TRB 64GB SSD,1084
PATRIOT USB,935
Patriot Warp V2 32GB,596
Patriot Warp V2 32GB SSD,513
Patriot Warp V2 64GB,680
Patriot Warp V2 128GB SSD,620
Patriot Wildfire,3427
Patriot Zephyr 64GB SSD,873
Patriot Zephyr 128GB SSD,1161
Patriot Zephyr 256GB SSD,1000
PC400 NVMe SK hynix 512GB,14021
PC601 NVMe SK hynix 1TB,21527
PC601 NVMe SK hynix 256GB,13824
PC601 NVMe SK hynix 512GB,19321
PC601 SED NVMe SK hynix 1TB,21228
PC601 SED NVMe SK hynix 256GB,14039
PC601 SED NVMe SK hynix 512GB,20955
PC601A NVMe SK hynix 1TB,22791
PC601A NVMe SK hynix 512GB,21317
PC611 NVMe SK hynix 1TB,20534
PC611 NVMe SK hynix 256GB,13538
PC611 NVMe SK hynix 512GB,19645
PC711 NVMe SK hynix 1TB,24311
PC711 NVMe SK hynix 256GB,18437
PC711 NVMe SK hynix 512GB,22953
PC811 SED SK hynix 512GB,44227
PC811 SED SK hynix 1024GB,45803
PC SN520 NVMe WDC 512GB,11939
PC SN720 NVMe WDC 512GB,19748
PC SN720 NVMe WDC 1024GB,23671
PC SN730 NVMe WDC 256GB,14534
PC SN730 NVMe WDC 512GB,19427
PC SN730 NVMe WDC 1024GB,21758
PC SN740 NVMe WD 1TB,30434
PC SN740 NVMe WD 256GB,18914
PC SN5000S SanDisk 512GB,30895
PC SN5000S SanDisk 1024GB,35555
PC SN5000S SanDisk 2048GB,37228
PC SN5000S SDEPNSJ-1T00-1006,39920
PC SN5000S SDEPNSJ-2T00-1006,47022
PC SN5000S SDEPNSJ-512G-1006,32128
PC SN5000S WD 2048GB,40287
PC SN7100S SanDisk 256GB,25591
PC SN7100S SanDisk 512GB,36477
PC SN7100S SanDisk 1024GB,52215
PC SN7100S SDFPNSK-256G-1006,21799
PC SN8000S SanDisk 512GB,46207
PC SN8000S SanDisk 1024GB,44977
PC SN8000S SanDisk 2048GB,47470
PC SN8000S SDEPNRG-2T00-1006,47699
PC SN8000S SDEPNRK-1T00-1006,47559
PC SN8000S SDEPNRK-512G-1006,42411
PC SN8000S SED SanDisk 512GB,46532
PC SN8000S SED SanDisk 1024GB,49395
PC SN8000S SED SanDisk 2048GB,53274
PC SN8000S SED SanDisk 4096GB,51475
PC SN8000S SED WD 512GB,44177
PC SN8000S SED WD 2048GB,48765
PCB01 SED SK hynix 1024GB,62941
PCB01 SED SK hynix 2048GB,78434
PCCOOLER P200 128G,2446
PCH-ADNA1-2TB,30415
PCH-ALDLP-1TB,38509
PCH-ALDPRO-1TB,34548
PCH-ALDPRO-512,18791
PCH-KPLL-1TB,17220
PCH-KPLL-512GB,14488
PCH-KPLSATAS1-1TB,3493
PCH-KPLZ-512,11107
PCH-RVR-512,20716
PCH-RVRP-512,11717
PCH-RVRS-512GB,12482
PCH-RVRZ-512,15288
PCIE 3.0 2TB,17157
PCIe 3.0 256GB,13877
PCIE NVME 256G,10430
PCIE SSD 256GB,10014
PCIe SSD Gen5 Pro,67397
PCIe-4 SSD 256GB,11434
PCIe-8 SSD 1TB,19055
PCIe-8 SSD 256GB,14686
PCIe-411-1TB-B,42591
PCIe-411-512GB-B,43542
PCPS512G3T,16371
PCS M.2 NVME SSD 1TB,11809
PCS M.2 NVME SSD 256GB,13142
PCSPECIALIST PCS3480 1TB,19321
PCSPECIALIST PCS3480 2TB,19464
PCSPECIALIST PCS3480 256GB,16830
PCSPECIALIST PCS3480 512GB,17921
Pcwinmax 512GB,2100
PD350 1TB M2(nvme),21317
PELADN,37472
PELADN 1TB,18600
PELADN 256GB,3696
PELADN 512GB,4484
PELADN 512GB M.2-NVMe,3149
PELAND,45117
PH2-CJ120,1123
PH3-CE120,2554
PH3-CE240,3290
PH4-CE120,2231
PH4-CE240,2729
PH5-CE120,2082
PH6-CE240,3467
PHD-ISM2G4-1T,46623
PHD-ISM2G4-512G,38913
PHILIPS FM60SS051N/93 2280/NVME 512G,13126
Philips SSD,6220
PHINOCOM SSD,2924
Phinocom SSD,1833
Phison,41220
Phison 1TB ESR01TBTCCZ-27J-2MS,35491
Phison 1TB ESR01TBTLCZ-27J-2MS,45005
Phison 1TB ESR01TBYCCA4-EDJ-2MS,45237
Phison 1TB SM2801T24GKBB4S-E162,24745
Phison 2TB ESR02TBTLCA3-E1J-2MS,54705
Phison 2TB SSD,45643
Phison 128GB EM280128GYTCJGS-E13T2MS,8524
Phison 128GB ESR128GTLCW-E3C-2MS,6186
PHISON 128GB SSD,3849
Phison 256GB EM280256GYTCTAS-E13T2MS,12331
Phison 256GB ESR256GTLCW-E9C-2MS,15590
Phison 512GB ESO512GHLCA1-21C-2MS,31366
Phison 512GB ESP512GHLCA1-21F-1MS,27968
Phison 512GB ESR512GTCCZ-27J-2MS,28823
Phison 512GB SM280512GKBB4S-E162,22188
Phison 2000GB ESO2K0GMLCA0-EP8-420MS,69594
PHISON B27B 2TB SSD,21948
PHISON BICS4 2TB SSD,24474
PHISON BICS5 2TB SSD,49686
PHISON BICS6 2TB SSD,50434
Phison CFESR512GMTCT-E9C-2,21918
Phison E80T 1TB SSD,41512
PHISON EM280001TMN48-PE21T1AS,26986
PHISON EM280256GTTCB5-E19TAS,16324
PHISON EM280256GTTCB5-PE19TAS,15431
PHISON EM280512GMN48-E21T1AS,21466
PHISON EM280512GMN48-PE21T1AS,20092
Phison ESMP128GKB5G2-E13TI,6576
Phison ESMP256GKB4C3-E13TS,14219
Phison ESMP256GKB5C2-E19T,20728
Phison ESMP256GMB47C2-E19T,18924
Phison ESMP256GMB47C3-E13TS,14636
Phison ESMP512GKB4C3-E13TS,13900
Phison ESMP512GKB5C2-E19T,23925
Phison ESO01TBHLCA1-E9C,26100
Phison ESO512GHLCA1-E9C,19978
Phison ESO512GMLCT-E9C,23283
PHISON ESR01TBHLCA1 1TB,20390
PHISON ESR01TBYLCU,20754
PHISON ESR02TBTLCZ,50190
PHISON ESR02TBYCCA4-EDJ-2,49443
PHISON ESR512GHLCA1 512GB,22763
PHISON ESR512GYLCU,19190
PHISON eUFS2.1 128,3604
PHISON eUFS3.1 128,9191
Phison M8512GV7ECS-E152,21704
Phison NGFF 2280 128GB,4124
Phison NVMe PM80256GPYTASBACIA-E132,10306
Phison NVMe PM80512GPYTASBACIA-E132,14833
Phison Pcie4.0 E19-512GB,22965
Phison Pcie4.0 E21-1TB,36088
Phison Pcie4.0 E21-512G,32653
PHISON PCIE 512GB SSD,32655
Phison PM8256GPMCB47ECS-E13T2,13896
PHISON PS5012-E12S-1T,20390
PHISON PS5012-E12S-256G,13271
PHISON PS5012-E12S-512G,17857
Phison SM8256GPKTCB4BECS-S11L2,3521
Phison SM280512GPMC15B-S10C4,4375
Phison SSB128GPTC0-S81,3159
Phison SSBP064GTMC0-S91,1168
Phison SSBP128GKB5C0-S11,3503
Phison SSBP128GTB4C0-S11,2805
Phison SSD,4263
PHISON SSD 128GB,2177
Phison SSMP064GTB3C0-S11,3170
Phison SSMP128GKB5C0-S11,3131
Phison SSMP128GKB5C2-S11,3416
PHISON USB DISK 3.0 USB,735
PHIXERO,8764
PHIXERO 2TB SSD,40180
PHIXERO 4TB SSD,40673
PHIXERO 512GB SSD,12114
PHIXERO P500 1TB,22752
PHPCM256GFNTH-BCA0,8845
PHPML512GEPTK-TB-PM0001,24338
Pichau Gaming PG256X,2969
Pichau Gaming PG512X,3681
Pioneer 2TB M.2 2280 Gen 3x4,24147
Pioneer APS-SE20-256,13333
Pioneer APS-SE20-512,18121
PIONEER APS-SL2 Series,2563
PIONEER APS-SL2 Serise,2355
Platinet SSD 240GB,2747
PLATINUM 160GB,403
Plextor M2P 256GB PX-256M2P,3722
Plextor M2S 64GB PX-64M2S,1668
Plextor M2S 128GB PX-128M2S,1879
Plextor M2S 256GB PX-256M2S,1453
Plextor M3 64GB PX-64M3,2595
Plextor M3 128GB PX-128M3,2951
Plextor M3 256GB PX-256M3,3811
Plextor M3 512GB PX-512M3,3922
Plextor M3 Pro 128GB PX-128M3P,4038
Plextor M3 Pro 256GB PX-256M3P,2903
Plextor M5 128GB PX-128M5S,2943
Plextor M5 256GB PX-256M5S,2829
Plextor M5 512GB PX-512M5,3834
Plextor M5 Pro 256GB PX-256M5P,3542
Plextor M5 Pro 512 GB PX-512M5P,4363
Plextor M8Pe 512GB NVMe,11986
PLEXTOR PX-1TM8PeG,12375
PLEXTOR PX-1TM8PeGN,12985
PLEXTOR PX-1TM8PeY,11309
PLEXTOR PX-1TM8SeY,11520
PLEXTOR PX-1TM9P,18457
PLEXTOR PX-1TM9PeG,15765
PLEXTOR PX-1TM9PeGN,17493
PLEXTOR PX-1TM9PeY,17259
PLEXTOR PX-1TM9PGN +,18816
PLEXTOR PX-1TM10PGN,42497
PLEXTOR PX-2TM10PGN,40671
PLEXTOR PX-64M2S,1777
PLEXTOR PX-64M5M,2622
PLEXTOR PX-64M5S,1886
PLEXTOR PX-64M6M,2862
PLEXTOR PX-128M,2709
PLEXTOR PX-128M2P,3074
PLEXTOR PX-128M2S,1987
PLEXTOR PX-128M3,2435
PLEXTOR PX-128M3P,3005
PLEXTOR PX-128M5M,3514
PLEXTOR PX-128M5S,2897
PLEXTOR PX-128M6G+,3887
PLEXTOR PX-128M6G-2242,3040
PLEXTOR PX-128M6G-2280,3220
PLEXTOR PX-128M6M,4477
PLEXTOR PX-128M6Pro,3386
PLEXTOR PX-128M6S,3501
PLEXTOR PX-128M6V,2739
PLEXTOR PX-128M7VC,2976
PLEXTOR PX-128M7VG,3380
PLEXTOR PX-128M8PeG,6726
PLEXTOR PX-128M8PeGN,6904
PLEXTOR PX-128M8PeY,6534
PLEXTOR PX-128M8SeG,7896
PLEXTOR PX-128M8VC,3144
PLEXTOR PX-128M8VG,3403
PLEXTOR PX-128S1C,2664
PLEXTOR PX-128S1G,3594
PLEXTOR PX-128S2C,3268
PLEXTOR PX-128S2G,3389
PLEXTOR PX-128S3C,2842
PLEXTOR PX-128S3G,3117
PLEXTOR PX-256G7Ne,3921
PLEXTOR PX-256M2S,2076
PLEXTOR PX-256M3P,3486
PLEXTOR PX-256M5M,3851
PLEXTOR PX-256M5P,3107
PLEXTOR PX-256M5S,3643
PLEXTOR PX-256M6,3730
PLEXTOR PX-256M6eA-BK,4885
PLEXTOR PX-256M6G-2280,3987
PLEXTOR PX-256M6M,3961
PLEXTOR PX-256M6MV,3031
PLEXTOR PX-256M6Pro,6408
PLEXTOR PX-256M6S,6990
PLEXTOR PX-256M6S+,3721
PLEXTOR PX-256M6V,3368
PLEXTOR PX-256M7VC,3430
PLEXTOR PX-256M7VG,3717
PLEXTOR PX-256M8PeG,10187
PLEXTOR PX-256M8PeGN,10642
PLEXTOR PX-256M8PeY,10504
PLEXTOR PX-256M8SeGN,11111
PLEXTOR PX-256M8VC,3449
PLEXTOR PX-256M8VC USB,399
PLEXTOR PX-256M8VG,3900
PLEXTOR PX-256M9PeG,11342
PLEXTOR PX-256M9PeGN,11287
PLEXTOR PX-256M9PeY,10484
PLEXTOR PX-256M9PGN +,13394
PLEXTOR PX-256S2C,3829
PLEXTOR PX-256S2G,3824
PLEXTOR PX-256S3C,3016
PLEXTOR PX-256S3G,3263
PLEXTOR PX-512M5Pro,4287
PLEXTOR PX-512M6M,3185
PLEXTOR PX-512M6Pro,3850
PLEXTOR PX-512M6S,3947
PLEXTOR PX-512M6V,3908
PLEXTOR PX-512M7VC,3452
PLEXTOR PX-512M7VG,3726
PLEXTOR PX-512M8PeG,12572
PLEXTOR PX-512M8PeY,14179
PLEXTOR PX-512M8SeG,11927
PLEXTOR PX-512M8SeY,9854
PLEXTOR PX-512M8VC,4455
PLEXTOR PX-512M9PeG,15141
PLEXTOR PX-512M9PeGN,14350
PLEXTOR PX-512M9PeY,14237
PLEXTOR PX-512M9PG +,15713
PLEXTOR PX-512M9PGN +,16950
PLEXTOR PX-512M9PY +,12390
PLEXTOR PX-512M10PG,42485
PLEXTOR PX-512M10PGN,37464
PLEXTOR PX-512S2C,3381
PLEXTOR PX-512S2G,3195
PLEXTOR PX-AG128M6e,4357
PLEXTOR PX-AG256M6e,5615
PLEXTOR PX-AG512M6e,5530
PLEXTOR PX-G128M6e,4413
PLEXTOR PX-G256M6e,5313
PLEXTOR PX-G256M6eA,8214
PLEXTOR PX-G512M6e,6508
PLEXTOR PX-G512M6eA,4818
PM9B1 NVMe Samsung 512GB,18702
PM9B1 NVMe Samsung 1024GB,21141
PM9B1 Samsung 256GB,19412
PM9C1a Samsung 256GB,21962
PM9C1a Samsung 512GB,26947
PM9C1a Samsung 1024GB,28875
PM9C1b Samsung 256GB,25056
PM9C1b Samsung 512GB,35264
PM9C1b Samsung 1024GB,40685
PM9E1 SED Samsung 1024GB,69779
PM9E1 SED Samsung 2048GB,80004
PM9F1 SED Samsung 512GB,44466
PM9F1 SED Samsung 1024GB,48324
PM9F1 SED Samsung 2048GB,51484
PM801TGPKTCB4BACE-E162,21289
PM951 NVMe SAMSUNG 1024GB,9408
PM961 NVMe SAMSU,7429
PM8256GPTCB4B8TF-E13T2A,14948
PM8512GPTCB4B8TF-E13T4,15816
PM81024GPKTCB5BTF-E192A,20198
PMSSD240,3346
PN CS900 240GB SSD,3095
PN CS1211 240GB SSD,2525
PN CS2211 960GB SSD,3308
PNY 1TB SSD,3251
PNY 2TB SSD,3675
PNY 64GB SSD,1123
PNY 120GB SSD,3000
PNY 128GB SSD,1139
PNY 240GB SSD,3262
PNY 250GB SSD,3159
PNY 480GB SSD,3281
PNY 500GB SSD,3156
PNY 512GB SSD,3096
PNY CM3031 1TB SSD,21216
PNY CM3031 500GB SSD,20755
PNY CS12 11 120GB SSD 754,1501
PNY CS12 11 240GB SSD,1409
PNY CS12 11 240GB SSD 754,2356
PNY CS13 11 240GB SSD,3240
PNY CS13 11 480GB SSD,3970
PNY CS13 11 960GB SSD,3495
PNY CS22 11 240GB SSD,3089
PNY CS22 11 480GB SSD,3854
PNY CS90 0 240GB SSD,2952
PNY CS800 120GB SSD,1900
PNY CS900 1TB SS,2897
PNY CS900 1TB SSD,3668
PNY CS900 2TB SSD,4676
PNY CS900 120GB SSD,2780
PNY CS900 240 SSD,2069
PNY CS900 240GB SSD,3163
PNY CS900 250GB SSD,3671
PNY CS900 480GB SSD,3342
PNY CS900 500GB SSD,3474
PNY CS900 960GB SSD,3775
PNY CS900 M.2 250GB SSD,2813
PNY CS900 M.2 500GB SSD,4158
PNY CS1030 1TB SSD,17010
PNY CS1030 2TB SSD,16256
PNY CS1030 250GB SSD,14465
PNY CS1030 256GB SSD,13812
PNY CS1030 500GB SSD,14845
PNY CS1030 512GB SSD,17360
PNY CS1031 1TB SSD,13296
PNY CS1031 2TB SSD,13115
PNY CS1031 256GB SSD,11438
PNY CS1031 500GB SSD,13120
PNY CS1031 512GB SSD,13117
PNY CS1111 960GB SSD 770D117-515,2478
PNY CS1211 120GB SSD 754,1938
PNY CS1211 120GB SSD 754D117-483,1974
PNY CS1211 240GB SSD,2530
PNY CS1211 240GB SSD 754,2326
PNY CS1211 240GB SSD 754D117-489,2756
PNY CS1211 240GB SSD 754D117-820,2543
PNY CS1211 480GB SSD,2583
PNY CS1211 480GB SSD 754,2465
PNY CS1211 480GB SSD 754D117-514,2810
PNY CS1211 480GB SSD 754D117-533,2851
PNY CS1311,4457
PNY CS1311 120GB SSD,2770
PNY CS1311 240GB SSD,4339
PNY CS1311 480GB SSD,4274
PNY CS1311 960GB SSD,4230
PNY CS1311b 256GB SSD,2435
PNY CS2030 240GB SSD,10024
PNY CS2030 480GB SSD,11554
PNY CS2040 256GB SSD,3718
PNY CS2130 1TB SSD,16093
PNY CS2130 2TB SSD,19975
PNY CS2130 4TB SSD,16771
PNY CS2130 500GB SSD,7672
PNY CS2140 1TB SSD,21055
PNY CS2140 2TB SSD,22110
PNY CS2140 500GB SSD,20888
PNY CS2150 1TB SSD,55971
PNY CS2150 2TB SSD,63354
PNY CS2211 240GB,1260
PNY CS2211 240GB SSD,3525
PNY CS2211 480GB SSD,3853
PNY CS2230 1TB SSD,22134
PNY CS2230 2TB SSD,36261
PNY CS2230 500GB SSD,19314
PNY CS2241 1TB SSD,26616
PNY CS2241 2TB SSD,32283
PNY CS2241 4TB SSD,29920
PNY CS2241 500GB SSD,23708
PNY CS2311 1TB SSD,4116
PNY CS2311 500GB SSD,4336
PNY CS2340 1TB SSD,44112
PNY CS2340 2TB SSD,47120
PNY CS3030 1TB SSD,21288
PNY CS3030 2TB SSD,22854
PNY CS3030 250GB SSD,12044
PNY CS3030 500GB SSD,16866
PNY CS3030 1000GB SSD,17684
PNY CS3030 2000GB SSD,23147
PNY CS3040 1TB SSD,31342
PNY CS3040 2TB SSD,30528
PNY CS3040 4TB SSD,23058
PNY CS3040 500GB SSD,24729
PNY CS3140 1TB S,33930
PNY CS3140 1TB SSD,40492
PNY CS3140 2TB SSD,46485
PNY CS3140 4TB SSD,48503
PNY CS3140 8TB SSD,54770
PNY CS3150 1TB SSD,58489
PNY CS3150 2TB SSD,54956
PNY CS3250 1TB SSD,94016
PNY CS900120GB SSD,3235
PNY EP7011 240GB,4085
PNY EU S SD CS1311 240GB,4215
PNY EU SSD CS1311 120GB,2656
PNY SSD2SC12 0GC2DH08T-T,3480
PNY SSD2SC12 0GE2DA08B-T,3608
PNY SSD2SC120G3LA726B087,1951
PNY SSD2SC120G3LC726B104,2199
PNY SSD2SC120G709A104,3364
PNY SSD2SC120G726A104,2469
PNY SSD2SC120GB1DA16T-T,2437
PNY SSD2SC120GC1DA16T-T,2900
PNY SSD2SC120GC1DH16T2-T,2819
PNY SSD2SC120GC1DH16T-T,2939
PNY SSD2SC120GC2DF08T2-T,2444
PNY SSD2SC120GC2DH08T-T,2493
PNY SSD2SC120GE2DA08B-T,2331
PNY SSD2SC120GN1DA16T-T,2231
PNY SSD2SC240G1LC709B121,2366
PNY SSD2SC240G3LC726B104,3073
PNY SSD2SC240G726A104,2711
PNY SSD2SC240GC2DA16T-T,2992
PNY SSD2SC240GC2DH16T-T,3406
PNY SSD2SC240GD2DH16T-T,2685
PNY SSD2SC240GD4DH08B-T,3758
PNY SSD2SC240GE2DA16B-T,3471
PNY USB 3.0 FD USB,637
PNY USB 3.2.1 FD USB,374
POLION 120GB,3438
POLION 240GB,2680
POWER X MS1000,3465
POWER X NE1000,14359
POWER X SS1000,3500
POWER X SS1000-256GB,2809
Powerd SSD 128GB,1521
PowerX G3 256GB SSD,3474
PowerX G3 512GB SSD,3730
PP5-8D512-L1,17819
PP3480-R 512GB,12593
PP-7 PRO 256GB,3382
PPSS30 256GB,4607
PQI MLC 32GB SSD,661
Predator GM7000 512GB,33347
Predator GM7000 Heatsink 1TB,44436
Predator GM7000 Heatsink 512GB,37710
Predator SSD GM6 1TB,41024
Predator SSD GM6 2TB,46953
Predator SSD GM6 4TB,49054
Predator SSD GM7,32895
Predator SSD GM7 1TB,37110
Predator SSD GM7 2TB,42147
Predator SSD GM7 4TB,46995
Predator SSD GM7 512GB,32879
Predator SSD GM7 M.2 1TB,44310
Predator SSD GM7 M.2 2TB,44854
Predator SSD GM7 M.2 4TB,47278
Predator SSD GM9 1TB,66503
Predator SSD GM9 2TB,76022
Predator SSD GM3500 1TB,17235
Predator SSD GM3500 512GB,15321
Predator SSD GM7000 1TB,43056
Predator SSD GM7000 2TB,47539
Predator SSD GM7000 4TB,48424
Predator SSD GM7000HS 2TB,50294
Predator SSD GM7000HS 4TB,54749
Predator SSD GM9000 1TB,71595
PRETEC-P4000-SSD-256GB,2179
PRO-X-1TB-G2R,12553
PRO-X-512GB-G2R,11819
PRO-X-2000GB-G2R,13955
ProDisk SSD 256GB,13481
ProDrive 240GB,2891
Prologix-PCIE-256,9899
PS5018-E18-2T BiCS5 2p,50691
PS5027-E27T-500G BiCS6,32107
PS5027-E27T-500G V7,24051
PS5027-E27T-1000G BiCS6,38414
PS5027-E27T-2000G BiCS6,40989
PSEIB001TABBMC0,37423
PSEIN004TA87MC0,44593
PSEJN256GA87EC0,14801
PSEJN512GA87EC0,19935
PSELN128GA87MC0,8866
PSEMN01TA87NC0,54441
PSEMN01TP87NC0,35112
PSEMN02TA87NC0,61333
PSENN001TA87QC0,35659
PSENN256GA87FC0,20436
PSENN512GA87FC0,31224
PSENN512GA87QC0,24063
PSM-256GBSATA3SSD2.5,3056
PSSBN032GA27MC0,3194
PSSDS273T2506,2593
Pumeitou PMT-NE512,11934
pumetiou 512GB,3345
PUSKILL 1TB,12295
PUSKILL 240GB,2299
PUSKILL 256GB,10639
PUSKILL 512GB,11408
PUSKILL SSD 1TB,9265
PUSKILL SSD 240GB,3135
PUSKILL SSD 256GB,8230
PUSKILL SSD 512GB,7465
PVC10 SED SK hynix 256GB,32423
PWXM2S-G3 M.2 2280 256GB,4283
PX04PMB080,23402
PX-1TB 2280,20819
PX-512GB 2280,10691
Q3DT-240GSCY,3639
Q3DT-256GSCY,3171
Q200 EX,4422
Q200 EX.,4093
Q7000MN 1TB,42601
Q-90,1987
Q-180,2663
Q-360,2281
Q-720,2572
QEMU HARDDISK,10684
QEMU NVMe Ctrl,15229
QEMU QEMU HARDDISK,25947
Qichen NV890 512GB,18191
QNIX 128GB,2378
QNIX 256GB,2723
QNIX 512GB,3521
QSSD128,2944
QSSD256,3767
QSSD512,3324
QSSDS25120G,2998
QSSDS25240G,3100
Quanji N300 512GB,3194
Quanji P300 512GB,16058
QUANTUM FIREBALLlct15 20,106
QUANTUM FIREBALLlct15 30,116
QUANTUM FIREBALLlct20 20,121
QUANTUM FIREBALLlct20 30,131
QUANTUM FIREBALLlct20 40,124
QUANXING N200 256G,11934
QUMO SSD,2987
Qunion P20A 256G,3452
Qunion SSD 128G,3401
QXSSD-2280-1TB,16034
QXSSD-2280-256GB,19243
QXSSD-2280-512GB,17840
R5MP120G8,8106
R5MP240G8,10257
R5MP480G8,12542
R5SL120G,2398
R5SL240G,2560
R5SL480G,1764
R7SL240G,3822
R580 240GB,2708
Radeon R3 SSD R3SL120G,3619
Radeon R3 SSD R3SL240G,4006
Radeon R3 SSD R3SL480G,4438
Ramaxel 64GB,379
RAMOS 2.5 inch 128GB SSD,3225
RAMOS 2.5 inch 256GB SSD,3266
Ramsta R900 M.2 NVMe SSD 1TB,13062
Ramsta R900 M.2 NVMe SSD 256GB,11739
Ramsta R900 M.2 NVMe SSD 512GB,13674
Ramsta SSD R600 M.2 2280 128GB,3076
Ramsta SSD R600 M.2 2280 256GB,3304
Ramsta SSD R600 mSATA 128GB,1728
Ramsta SSD R800 120GB,1850
Ramsta SSD S800 1TB,3290
Ramsta SSD S800 120GB,2403
Ramsta SSD S800 128GB,2925
Ramsta SSD S800 240GB,2522
Ramsta SSD S800 256GB,2830
Ramsta SSD S800 480GB,2841
Ramsta SSD S800 512GB,2759
RANSOR Starlink 1TB SSD,4120
RANSOR Starlink 250GB,1633
RANSOR Starlink 500GB,5735
RATDER GAMING NVME M400-512GB,8631
RBU-SNS8350DES3128GP,2979
RD-S350MCN-N2563,2877
REALSSD C300 2.5,1572
Realtek nvme1T,8300
Realtek RTL9210 NVME USB,2408
Realtek RTL9210B-CG USB,590
Red Hat VirtIO,30448
Redragon RM520 2TB,49248
REECHO A520 512GB,3388
REECHO V3000 1TB,19628
Reeinno FG128GB S2S1,3593
Reeinno FR120GB R2S3,4102
Reeinno Mace-2000 PRO 512GB,9298
Reeinno MC20 120GB S6N8,7439
Reeinno MC20 240GB S6N8,9659
Reeinno MC20 256GB S6N8,12036
Reletch P400 M.2 SSD 512GB,14682
Reletech M.2 SSD 256GB,13173
Reletech M.2 SSD 512GB,18177
Reletech M.2 SSD 1024GB,17771
Reletech P400 EVO 1TB,26801
Reletech P400 EVO Pcie 4.0 1TB,36464
Reletech P400 M.2 Pro Q1000GB,13924
Reletech P400 M.2 Pro Q2000GB,25382
Reletech P400 M.2 SSD 1024GB,21542
Reletech P400 PRO Q M.2 SSD 1000GB,16961
Reletech P400 SSD 256GB,11655
Reletech P400 SSD 512GB,19978
Reletech P400 SSD 1024GB,20325
Reletech P400 SSD 2048GB,20440
Reletech P600 M.2 PCIE3.0 1TB,17928
Reletech P600 M.2 PCIE3.0 2TB,20139
Reletech P600 M.2 PCIE3.0 256GB,12556
Reletech P600 M.2 PCIE3.0 512GB,20430
Reletech P600 M.2 Pcie 3.0,25579
Reletech P600 M.2 Pcle 3.0 2TB,19168
Reletech P600 M.2 SSD 500GB,20765
Reletech-P400 EVO M.2 2280 1000G,33155
Reletech-P600 M.2 2280 1000G,17569
RESCUE05RM22AR120SDK 120GB,3020
RevuAhn 256GB,3873
RevuAhn 850X1 TU 256GB,4539
RevuAhn 900G 120GB,2655
RevuAhn 900G 256GB,4004
RevuAhn 900G BIue 240GB,3574
RevuAhn 900G BIZ 256GB,2661
RevuAhn 900G Blue 120GB,3009
RevuAhn 900T Pro 512GB,4165
RevuAhn M880K256GB,3751
RevuAhn M900T Pro 512GB,4281
RevuAhn NX1200 1TB,12027
RevuAhn NX1200 512GB,14583
RevuAhn NX2200 1TB,27077
RevuAhn NX2200A 1TB,27800
RevuAhn NX2300 512GB,12193
RevuAhn NX5000PRO 2TB,29629
RevuAhn_850X1_128GB,3094
RevuAhn_850X1_256GB,3618
RevuAhn_850X1_512GB,3917
RevuAhn_850X1M128GB,3185
RevuAhn_850X1TU256GB,3547
RevuAhn_850X2M128GB,2949
RevuAhn_880K512GB,3527
RevuAhn_ 850X1S128GB,2601
RevuAhn_ 850X1SP256GB,3580
RevuAhn_M950X,3563
RFSD-S240GB,2771
RHDM2DDHP3A1-N3A8,2469
RHDM2FDKU3A1-N3A8,3507
RM-SSD-1TB-M2,19646
RM-SSD-120,2829
RM-SSD-128,4680
RM-SSD-240GB,3090
ROG ESD-S1C,6606
ROG Strix Arion S500,12098
ROG Strix NSD-S1F10,45475
"Rogueware 2.5"" NX100S 1TB",2931
"Rogueware 2.5"" NX100S 128GB",3043
"Rogueware 2.5"" NX100S 256GB",2529
"Rogueware 2.5"" NX100S 512GB",2947
Rogueware 2.5'' NX100S 512GB,2631
Rogueware 2.5\'\' NX100S 256GB,3558
Rogueware M.2 PCIe NX200M 1TB,12212
Rogueware M.2 PCIe NX200M 256GB,11599
Rogueware M.2 PCIe NX200M 512GB,16656
RONGSHU RP3500 1TB,20682
RONGSHU RP3500 512GB,16119
RONGSHU RP7000 2TB,44699
RONGSHU RS550 256GB,3522
RPETJ256MKP1MDX,16749
RPETJ512MMW1MDA,33031
RPEYJ1T24MML1AWX,43978
RPFMH128MCD1MWPL,5884
RPFTJ128PDD2EWX,5574
RPFTJ256PDD2MWX,6980
RPITJ256MEE1OWX,10403
RPITJ256VFD2MWX,10695
RS1D0TSSD510,22688
RS1D0TSSD710,26980
RS256GSSD310,3358
RS256GSSD510,12965
RS512GSSD310,3736
RS512GSSD510,17854
RS512GSSD710,25161
RTHMB128VBM4EWDL,2389
RTHMB256VBM4MWDL,2982
RTITF128PCA1MADL,3075
RTMMA128JHV4MWX,2193
RTNMB256VBM8EWXL,2726
RTNRB256RFM4KWDL,3238
RTNTE256PCA8EADL,3441
RTOTJ128VGD2EYX,2515
RTOTJ256VGD2MYX,3260
RUIJIE POS VirtualDisk,6551
RunCore 32G-C SSD,400
RunCore 64G-C SSD,504
RUNDISK 2.5 inch 256GB SSD,3273
RUNENG 240GB SSD,3834
RX7 2.5 120GB,2242
RX7 2.5 128GB,2665
RX7 2.5 240GB,2375
RX7 2.5 256GB,2725
RX7 2.5 512GB,3374
RX7 128GB,3170
RX7 M.2 2242 128GB,4262
RX7 MSATA 128GB,2581
RX7 NVME 1TB,11418
RX7 NVME 128GB,6987
RX7 NVME 256GB,12830
RX7 NVME 512GB,11565
RX7 NVME 2280 256GB,7916
RX7-128GB,7501
RX550 480GB,2636
RZX-19SSD6G/120GB,2368
RZX-19SSD6G/240GB,2535
S3+,4151
S3+ 240GB SSD,3619
S3SSDA240,3319
S3SSDC120,3035
S3SSDC128,3068
S3SSDC240,3186
S3SSDC256,1890
S3SSDC480,2620
S3SSDC480XEU,2906
S3SSDC512,3184
S3SSDC960XEU,4762
S3SSDD480,15252
S3SSDD960,11062
S10D,4178
S11-128G-PHISON-SSD,2299
S11-128G-PHISON-SSD-B3,3509
S11-128G-PHISON-SSD-B4,3407
S11-128G-PHISON-SSD-B16,3240
S11-256G-PHISON-DVS-B27,3921
S11-256G-PHISON-SSD,1869
S11-256G-PHISON-SSD-B3,3278
S11-256G-PHISON-SSD-B27,4091
S11-256G-PHISON-SSD-B47,3938
S11-512G-PHISON-DVS-B27,4679
S11-512G-PHISON-SSD-B3,3198
S11-512G-PHISON-SSD-B27,3972
S41CF256G,3090
S41CF512G,3497
S256T3V,2490
S256T3V 256GB,3429
S400-240,1408
S500,3139
"S530 2.5"" SSD",2137
S900-1T,3336
S900-240,3092
"S930P PRO 2.5"" 128GB",2639
"S930P PRO 2.5"" 256GB",2877
"S930P PRO 2.5"" 512GB",3611
"S930P PRO 2.5"" 1024GB",3494
S970P PRO NVMe 512GB,9774
S1200LXT0-T0M2512G-C0,17063
S2000,13399
S3000 Pro,17757
SA2000M8/1TB,13619
SA2000M8/250G,10524
SA2000M8/500G,11261
Sabrent 128GB USB,362
Sabrent Rocket 1TB SSD,27209
Sabrent Rocket 2TB SSD,30891
Sabrent Rocket 4 1TB SSD,28121
Sabrent Rocket 4 2TB SSD,29947
Sabrent Rocket 4 500GB SSD,22292
Sabrent Rocket 4 Plus 1TB SSD,34478
Sabrent Rocket 4 Plus 2TB SSD,43620
Sabrent Rocket 4 Plus 4TB SSD,43890
Sabrent Rocket 4 Plus 8TB SSD,37808
Sabrent Rocket 4 Plus 500GB SSD,32240
Sabrent Rocket 4 Plus Gaming 1TB SSD,48129
Sabrent Rocket 4 Plus Gaming 2TB SSD,51230
Sabrent Rocket 4 Plus Gaming 4TB SSD,51949
Sabrent Rocket 5 1TB SSD,62299
Sabrent Rocket 5 2TB SSD,74784
Sabrent Rocket 5 4TB SSD,70299
Sabrent Rocket 2130 512GB SSD,23880
Sabrent Rocket 2142 1TB SSD,28338
Sabrent Rocket Nano 1TB NVMe SSD,17064
Sabrent Rocket Nano 1TB USB,17618
Sabrent Rocket Nano 2TB USB,17645
Sabrent Rocket Nano 512GB SSD,17390
Sabrent Rocket Nano 512GB USB,12651
Sabrent Rocket Q4 1TB SSD,15530
Sabrent Rocket Q4 2TB SSD,22823
Sabrent Rocket Q4 4TB SSD,24006
Sabrent Rocket Q 1TB SSD,14387
Sabrent Rocket Q 2TB SSD,19149
Sabrent Rocket Q 4TB SSD,23540
Sabrent Rocket Q 500GB SSD,7143
Sabrent Rocket XTRM-Q 500GB External SSD,11070
Sabrent SSD,19310
SaiChi D500 2280 1TB,2880
Saichi D500 2280 256GB,3946
Saichi G800 NVME 512GB,16817
SAM SUNG SSD PM851 120GB,2604
SAMSUNG 24GB MZMPA024HMCD,1102
SAMSUNG 32GB MZMPA032HMCD,1128
SAMSUNG 64GB MZ7PC064HADR,2303
SAMSUNG 64GB MZMPA064HMDR,1490
SAMSUNG 128GB MZ7PA128HMCD,1740
SAMSUNG 128GB MZMPC128HBFU,3099
SAMSUNG 256GB MZ7PA256HMDR,1548
SAMSUNG 256GB MZ7PC256HAFU,3981
SAMSUNG 256GB MZMPC256HBGJ,2882
SAMSUNG 470 Series SSD,1735
SAMSUNG 512GB MZ7PC512HAGH,3474
Samsung 970 EVO 2TB SSD,20126
Samsung 970 EVO Plus 2TB SSD,24323
Samsung 980 PRO with Heatsink 1TB,39199
Samsung 980 PRO with Heatsink 2TB,40677
Samsung 990 Pro PM9F1 1TB SSD,48276
Samsung 990 Pro PM9F1 2TB SSD,49466
Samsung 990 Pro PM9F1 4TB SSD,50871
Samsung 990 Pro PM9F1 512GB SSD,42396
Samsung 990 PRO PM9F1 with Heatsink 1TB SSD,48038
Samsung 990 PRO PM9F1 with Heatsink 2TB SSD,47113
Samsung 990 PRO PM9F1 with Heatsink 4TB SSD,49356
Samsung 9100 PRO 1TB SSD,81015
Samsung 9100 PRO 2TB SSD,85382
Samsung 9100 PRO 4TB SSD,86744
Samsung BGND3R,916
Samsung BJNB4R,932
Samsung BJTD4R,856
Samsung BWBD3R,603
Samsung CGND3R 64GB eMMC,921
Samsung CJNB4R,1073
Samsung CJTD4R,1197
Samsung CKTA42,1353
Samsung CKTM4R,1203
Samsung CUTB42,1363
Samsung CWBC3R,627
Samsung CWBD3R,623
Samsung DJNB4R,955
Samsung DURM4R,977
Samsung DUTA42,1169
Samsung DWBD3R,609
Samsung Flash Drive FIT USB,1303
Samsung Flash Drive USB,1063
SAMSUNG HD040GJ,306
SAMSUNG HD080HJ,337
SAMSUNG HD080HJ/P,373
SAMSUNG HD081GJ,468
SAMSUNG HD082GJ,446
SAMSUNG HD083GJ,567
SAMSUNG HD102UJ,623
SAMSUNG HD103SI,671
SAMSUNG HD103SJ,851
SAMSUNG HD103SM,900
SAMSUNG HD103UI,523
SAMSUNG HD103UJ,658
SAMSUNG HD105SI,593
SAMSUNG HD120IJ,382
SAMSUNG HD153WI,693
SAMSUNG HD154UI,647
SAMSUNG HD155UI,735
SAMSUNG HD160HJ,468
SAMSUNG HD160JJ,366
SAMSUNG HD160JJ/P,368
SAMSUNG HD161GJ,645
SAMSUNG HD161HJ,450
SAMSUNG HD161HJ 41R0186LEN,455
SAMSUNG HD161JJ,380
SAMSUNG HD162GJ,679
SAMSUNG HD163GJ,774
SAMSUNG HD200HJ,515
SAMSUNG HD203WI,630
SAMSUNG HD204UI,779
SAMSUNG HD250HJ,575
SAMSUNG HD251HJ,554
SAMSUNG HD251KJ,456
SAMSUNG HD252HJ,576
SAMSUNG HD252KJ,435
SAMSUNG HD253GI,534
SAMSUNG HD253GJ,865
SAMSUNG HD254GJ,862
SAMSUNG HD256GJ,861
SAMSUNG HD300LD,299
SAMSUNG HD300LJ,358
SAMSUNG HD320KJ,428
SAMSUNG HD321HJ,663
SAMSUNG HD321KJ,502
SAMSUNG HD322GJ,712
SAMSUNG HD322GM,820
SAMSUNG HD322HJ,803
SAMSUNG HD322IJ,622
SAMSUNG HD323HJ,843
SAMSUNG HD400LD,409
SAMSUNG HD400LJ,413
SAMSUNG HD401LJ,428
SAMSUNG HD403LJ,376
SAMSUNG HD500LJ,469
SAMSUNG HD501LJ,480
SAMSUNG HD502HI,629
SAMSUNG HD502HJ,924
SAMSUNG HD502HM,918
SAMSUNG HD502IJ,598
SAMSUNG HD503HI,645
SAMSUNG HD642JJ,660
SAMSUNG HD752LJ,682
SAMSUNG HD753LJ,606
SAMSUNG HD754JJ,818
SAMSUNG HE103SJ,863
SAMSUNG HE103UJ,677
SAMSUNG HE160HJ,496
SAMSUNG HE253GJ,858
SAMSUNG HE502IJ,583
SAMSUNG HE642JJ,611
SAMSUNG HE753LJ,549
SAMSUNG HM16HJI,253
SAMSUNG HM020GI,169
SAMSUNG HM040GI,257
SAMSUNG HM040HI,200
SAMSUNG HM060HI,215
SAMSUNG HM060II,191
SAMSUNG HM080HC,223
SAMSUNG HM080HI,257
SAMSUNG HM080II,182
SAMSUNG HM080JI,196
SAMSUNG HM100JC,182
SAMSUNG HM100JI,179
SAMSUNG HM100UI,559
SAMSUNG HM120JC,217
SAMSUNG HM120JI,211
SAMSUNG HM121HC,342
SAMSUNG HM121HI,325
SAMSUNG HM121HJ,404
SAMSUNG HM160HC,344
SAMSUNG HM160HI,363
SAMSUNG HM160JC,230
SAMSUNG HM160JI,228
SAMSUNG HM161GI,514
SAMSUNG HM161HI,471
SAMSUNG HM250HI,444
SAMSUNG HM250HJ,642
SAMSUNG HM250JI,312
SAMSUNG HM251HI,512
SAMSUNG HM251JI,338
SAMSUNG HM251JJ,471
SAMSUNG HM320HJ,685
SAMSUNG HM320II,454
SAMSUNG HM320JI,371
SAMSUNG HM321HI,492
SAMSUNG HM321HX,482
SAMSUNG HM400JI,506
SAMSUNG HM400LI,366
SAMSUNG HM500JI,463
SAMSUNG HM500JJ,625
SAMSUNG HM500LI,323
SAMSUNG HM501II,531
SAMSUNG HM640JJ,648
SAMSUNG HM641JI,541
SAMSUNG HN-M101MBB,618
SAMSUNG HN-M250MBB,617
SAMSUNG HN-M320MBB,374
SAMSUNG HN-M500M,639
SAMSUNG HN-M500MBB,609
SAMSUNG HN-M640MBB,619
SAMSUNG HN-M750MBB,547
SAMSUNG HS06THB,176
SAMSUNG HS08XJC,195
SAMSUNG HS082HB,209
SAMSUNG HS122JC,181
SAMSUNG KLFGGAR4AA-K0T0,13235
SAMSUNG KLUDG4U1EA-B0C1,3496
SAMSUNG KLUDG4UHGC-B0E1,5612
SAMSUNG KLUEG8U1EA-B0C1,4493
SAMSUNG KLUEG8UHDB-C2D1,7371
SAMSUNG KLUEG8UHDC-B0E1,7459
SAMSUNG KLUFG8RHDA-B2D1,6338
SAMSUNG KLUGGARHHD-B0G1,18936
SAMSUNG KM5L9001DM-B424,3350
SAMSUNG KM5V8001DM-B622,2765
SAMSUNG KMJS9001RM-BG01,8242
Samsung MBG4GC,746
Samsung MCBQE64GBMPP,209
SAMSUNG MCCOE64G8MPP-0VA,500
Samsung MCG8GC,700
Samsung MDGAGC,706
SAMSUNG MMCQE28G8MUP-0VA,466
SAMSUNG MMCRE28G8MXP-0VB,806
SAMSUNG MMCRE28G8MXP-0VBL1,867
SAMSUNG MMCRE64G,973
SAMSUNG MMCRE64G5MPP-0VA,503
SAMSUNG MMCRE64G8MPP-0VA,424
SAMSUNG MMCRE64G8MXP-0VB,1069
SAMSUNG MP0402H,183
SAMSUNG MP0603H,193
SAMSUNG MP0804H,193
SAMSUNG MZ1KW480HMHQ-000MV,10070
SAMSUNG MZ1L21T9HCLS-00A07,28573
SAMSUNG MZ1L23T8HBLA-00A07,30409
SAMSUNG MZ1L2960HCJR-00A07,25441
SAMSUNG MZ1LB1T9HALS-00007,20411
SAMSUNG MZ1LB3T8HMLA-00007,18506
SAMSUNG MZ1LB960HAJQ-000MV,11273
SAMSUNG MZ1LB960HAJQ-00007,16920
SAMSUNG MZ1LV960HCJH-000MU,8096
SAMSUNG MZ1LV960HCJH-00003,8449
SAMSUNG MZ1LW1T9HMLS-00003,13293
SAMSUNG MZ1LW960HMJP-000MV,12248
SAMSUNG MZ1WV480HCGL-00003,10205
SAMSUNG MZ5PA064HMCD-01000,1231
SAMSUNG MZ5PA128HMCD-010DA,1721
SAMSUNG MZ5PA128HMCD-01000,1334
SAMSUNG MZ7GE480HMHP-00005,3490
SAMSUNG MZ7GE960HMHP-00003,4352
SAMSUNG MZ7KH1T9HAJR-00005,5023
SAMSUNG MZ7KH480HAHQ-00005,4574
SAMSUNG MZ7KM240HAGR-00005,4804
SAMSUNG MZ7KM240HMHQ-00005,3777
SAMSUNG MZ7KM480HAHP-00005,3922
SAMSUNG MZ7KM480HMHQ-00005,4802
SAMSUNG MZ7KM960HAHP-00005,5282
SAMSUNG MZ7KM960HMJP-00005,4791
SAMSUNG MZ7L31T9HBLT-00A07,4873
SAMSUNG MZ7L33T8HBLT-00A07,4240
SAMSUNG MZ7L3240HCHQ-00A07,4383
SAMSUNG MZ7L3480HCHQ-00A07,4977
SAMSUNG MZ7L3960HCJR-00A07,4924
SAMSUNG MZ7LF120HCHP-000,2488
SAMSUNG MZ7LF120HCHP-000L1,2239
SAMSUNG MZ7LF120HCHP-000L3,2306
Samsung MZ7LF128HCHP-000,2495
SAMSUNG MZ7LF128HCHP-00000,2081
SAMSUNG MZ7LF128HCHP-000L1,2409
SAMSUNG MZ7LF128HCHP-00004,2026
SAMSUNG MZ7LF192HCGS-000,2411
SAMSUNG MZ7LF192HCGS-000L1,3793
SAMSUNG MZ7LH1T9HMLT-00005,4878
SAMSUNG MZ7LH3T8HMLT-00005,4934
SAMSUNG MZ7LH240HAHQ-00005,4250
SAMSUNG MZ7LH256HAJD-00000,3200
SAMSUNG MZ7LH256HAJD-000H1,3628
SAMSUNG MZ7LH256HAJD-000L7,3988
SAMSUNG MZ7LH480HAHQ-00005,4937
SAMSUNG MZ7LH512HALU-000H1,4525
SAMSUNG MZ7LH960HAJR-00005,4739
SAMSUNG MZ7LM1T9HMJP-00005,4436
SAMSUNG MZ7LM3T8HMLP-00003,4575
SAMSUNG MZ7LM3T8HMLP-00005,21590
SAMSUNG MZ7LM240HCGR-0E003,3364
SAMSUNG MZ7LM240HCGR-00003,3552
SAMSUNG MZ7LM240HMHQ-00005,2832
SAMSUNG MZ7LM480HCHP-00003,4242
SAMSUNG MZ7LM480HMHQ-00005,4226
SAMSUNG MZ7LM960HCHP-0E003,4420
SAMSUNG MZ7LM960HMJP-00005,2489
SAMSUNG MZ7LN1T0HMJP-000L1,4327
SAMSUNG MZ7LN128HAHQ-00000,2708
SAMSUNG MZ7LN128HAHQ-000H1,2813
SAMSUNG MZ7LN128HAHQ-000L1,2804
SAMSUNG MZ7LN128HAHQ-000L2,2971
SAMSUNG MZ7LN128HCHP-000,2843
SAMSUNG MZ7LN128HCHP-00000,2630
SAMSUNG MZ7LN128HCHP-000H1,2712
SAMSUNG MZ7LN128HCHP-000L1,2643
SAMSUNG MZ7LN128HCHP-00007,2756
SAMSUNG MZ7LN256,3165
SAMSUNG MZ7LN256HAJQ-00000,3583
SAMSUNG MZ7LN256HAJQ-000H1,3682
SAMSUNG MZ7LN256HAJQ-000H7,3587
SAMSUNG MZ7LN256HAJQ-000L2,3453
SAMSUNG MZ7LN256HAJQ-000L7,3638
SAMSUNG MZ7LN256HAJQ-00007,3600
SAMSUNG MZ7LN256HCHP-000,3605
SAMSUNG MZ7LN256HCHP-00000,3461
SAMSUNG MZ7LN256HCHP-000F0,3722
SAMSUNG MZ7LN256HCHP-000H1,4651
SAMSUNG MZ7LN256HCHP-000L1,3314
SAMSUNG MZ7LN256HCHP-000L7,3484
SAMSUNG MZ7LN256HCHP-00007,3612
SAMSUNG MZ7LN256HMJP-000,4291
SAMSUNG MZ7LN256HMJP-00000,4011
SAMSUNG MZ7LN256HMJP-000H1,3774
SAMSUNG MZ7LN256HMJP-000H7,3723
SAMSUNG MZ7LN256HMJP-000L2,3966
SAMSUNG MZ7LN256HMJP-000L7,3665
SAMSUNG MZ7LN512HAJQ-00000,4346
SAMSUNG MZ7LN512HAJQ-000H1,4249
SAMSUNG MZ7LN512HAJQ-000H7,4150
SAMSUNG MZ7LN512HAJQ-000L7,4362
SAMSUNG MZ7LN512HCHP-000,4363
SAMSUNG MZ7LN512HCHP-00000,3760
SAMSUNG MZ7LN512HCHP-000H1,4101
SAMSUNG MZ7LN512HCHP-000L1,4179
SAMSUNG MZ7LN512HCHP-00007,4114
SAMSUNG MZ7LN512HMJP-000,4708
SAMSUNG MZ7LN512HMJP-00000,4432
SAMSUNG MZ7LN512HMJP-000H1,4401
SAMSUNG MZ7LN512HMJP-000L1,4302
SAMSUNG MZ7LN512HMJP-000L7,4203
SAMSUNG MZ7PA128,1735
SAMSUNG MZ7PA256HMDR-010H1,1478
SAMSUNG MZ7PC128,3076
SAMSUNG MZ7PC128HAFU-000H1,3028
SAMSUNG MZ7PC128HAFU-000L5,2810
SAMSUNG MZ7PC256,3172
SAMSUNG MZ7PC256HAFU-000,3347
SAMSUNG MZ7PC256HAFU-000DA,3530
SAMSUNG MZ7PD128HAFV-000,3749
SAMSUNG MZ7PD128HAFV-000H7,3472
SAMSUNG MZ7PD128HCFV-000,3481
SAMSUNG MZ7PD128HCFV-000H1,3530
SAMSUNG MZ7PD128HCFV-000H7,3602
SAMSUNG MZ7PD256,3377
SAMSUNG MZ7PD256HAFV-000,3660
SAMSUNG MZ7PD256HAFV-000H7,3821
SAMSUNG MZ7PD256HCGM-000,4137
SAMSUNG MZ7PD256HCGM-000H7,3827
SAMSUNG MZ7PD480HAGM-000D3,3265
SAMSUNG MZ7TD128,2464
SAMSUNG MZ7TD128HAFV-000,2251
SAMSUNG MZ7TD128HAFV-00000,2180
SAMSUNG MZ7TD128HAFV-000L1,2188
SAMSUNG MZ7TD256,2001
SAMSUNG MZ7TD256HAFV-000,2666
SAMSUNG MZ7TD256HAFV-00000,2498
SAMSUNG MZ7TD256HAFV-000L7,2677
SAMSUNG MZ7TD256HAFV-000L9,2853
SAMSUNG MZ7TD512HAGM-000,3268
SAMSUNG MZ7TD512HAGM-000L1,2919
SAMSUNG MZ7TE128,2003
SAMSUNG MZ7TE128HMGR-000,2324
SAMSUNG MZ7TE128HMGR-00000,2128
SAMSUNG MZ7TE128HMGR-000H1,2307
SAMSUNG MZ7TE128HMGR-000L1,2354
SAMSUNG MZ7TE128HMGR-000L2,2171
SAMSUNG MZ7TE128HMGR-00004,2362
SAMSUNG MZ7TE256,2421
SAMSUNG MZ7TE256HMHP-000,2932
SAMSUNG MZ7TE256HMHP-00000,2676
SAMSUNG MZ7TE256HMHP-000FH,3132
SAMSUNG MZ7TE256HMHP-000H1,2783
SAMSUNG MZ7TE256HMHP-000L1,2768
SAMSUNG MZ7TE256HMHP-000L2,2808
SAMSUNG MZ7TE256HMHP-000L7,2769
SAMSUNG MZ7TE256HMHP-00004,2790
SAMSUNG MZ7TE512HMHP-000,3320
SAMSUNG MZ7TE512HMHP-00000,3100
SAMSUNG MZ7TE512HMHP-000L1,3104
SAMSUNG MZ7TE512HMHP-000L2,3114
SAMSUNG MZ7TE512HMHP-00004,3107
SAMSUNG MZ7TN512HDHP-00000,3718
SAMSUNG MZ7TN512HDHP-00007,2945
SAMSUNG MZ7TY128HDHP-000,3844
SAMSUNG MZ7TY128HDHP-00000,3006
SAMSUNG MZ7TY128HDHP-000H1,3068
SAMSUNG MZ7TY128HDHP-000L1,2791
Samsung MZ7TY256HDHP-000,4588
SAMSUNG MZ7TY256HDHP-00000,3134
SAMSUNG MZ7TY256HDHP-000H1,3190
SAMSUNG MZ7TY256HDHP-000L1,2847
SAMSUNG MZ7TY256HDHP-000L7,3100
SAMSUNG MZ7TY256HDHP-00007,3025
SAMSUNG MZ7WD120HAFV-00003,2889
SAMSUNG MZ7WD120HCFV-00003,3730
SAMSUNG MZ7WD240,3357
SAMSUNG MZ7WD240HAFV-000,2818
SAMSUNG MZ7WD240HAFV-00003,3220
SAMSUNG MZ7WD240HCFV-000H2,4120
SAMSUNG MZ7WD240HCFV-00003,2971
SAMSUNG MZ7WD480,3753
SAMSUNG MZ7WD480HAGM-000,2969
SAMSUNG MZ7WD480HAGM-000D3,3953
SAMSUNG MZ7WD480HAGM-00003,4030
SAMSUNG MZ7WD480HCGM-000H2,4287
SAMSUNG MZ7WD480HCGM-00003,3806
SAMSUNG MZ7WD960HMHP-00003,4629
SAMSUNG MZ8PA256HMDR-010,1723
SAMSUNG MZ9L41T0HBLB-00AVL,25190
SAMSUNG MZ9L4128HCHQ-00BH1,12605
SAMSUNG MZ9L4256HCJQ-00BH1,15253
SAMSUNG MZ9LQ1T0HALB-00000,13692
SAMSUNG MZ9LQ1T0HBLB-00B,13694
SAMSUNG MZ9LQ1T0HBLB-00B00,12151
SAMSUNG MZ9LQ128HBHQ-00000,10495
SAMSUNG MZ9LQ256HBJD-00B,10459
SAMSUNG MZ9LQ256HBJD-00BVL,10638
SAMSUNG MZ9LQ256HBJQ-00000,11856
SAMSUNG MZ9LQ512HALU-00000,13231
SAMSUNG MZ9LQ512HBLU-00B,13342
SAMSUNG MZ9LQ512HBLU-00B00,10692
SAMSUNG MZ9LQ512HBLU-00BVL,11560
SAMSUNG MZ-5S71000/003,1204
SAMSUNG MZAL41T0HBLB-00BL2,23446
SAMSUNG MZAL81T0HDLB-00BL2,30059
SAMSUNG MZAL81T0HDLB-00BLL,29491
SAMSUNG MZAL81T0HFLB-00BL2,39474
SAMSUNG MZAL81T0HFLB-00BLL,40663
SAMSUNG MZAL4256HBJD-00BL1,15606
SAMSUNG MZAL4256HBJD-00BL2,14241
SAMSUNG MZAL4256HBJD-00BLL,16519
SAMSUNG MZAL4512HBLU-00BL1,19670
SAMSUNG MZAL4512HBLU-00BL2,20593
SAMSUNG MZAL4512HBLU-00BLL,22429
SAMSUNG MZAL8256HDJD-00BL2,19678
SAMSUNG MZAL8256HDJD-00BLL,25058
SAMSUNG MZAL8256HFJD-00BL2,28569
SAMSUNG MZAL8256HFJD-00BLL,31197
SAMSUNG MZAL8512HDLU-00BL2,26257
SAMSUNG MZAL8512HDLU-00BLL,28869
SAMSUNG MZAL8512HFLU-00BL2,35802
SAMSUNG MZAL8512HFLU-00BLL,37454
SAMSUNG MZALQ1T0HALB-000L2,13213
SAMSUNG MZALQ128HBHQ-000L1,9334
SAMSUNG MZALQ128HBHQ-000L2,7368
SAMSUNG MZALQ128HCHQ-00BL1,13316
SAMSUNG MZALQ128HCHQ-00BL2,12093
SAMSUNG MZALQ256HAJD-000L1,8911
SAMSUNG MZALQ256HAJD-000L2,7752
SAMSUNG MZALQ256HBJD-00BL1,12601
SAMSUNG MZALQ256HBJD-00BL2,12134
SAMSUNG MZALQ512HALU-000L1,11079
SAMSUNG MZALQ512HALU-000L2,11146
SAMSUNG MZALQ512HBLU-00BL1,16887
SAMSUNG MZALQ512HBLU-00BL2,15246
SAMSUNG MZAMX1T0HCLD-00BL2,27426
SAMSUNG MZAMX512HCLV-00BL2,19747
SAMSUNG MZFLV128HCGR-000MV,3602
SAMSUNG MZFLV256HCHP-000MV,6670
Samsung MZFLW1T0 1TB NVMe,10379
SAMSUNG MZFLW128HEGR-000MV,6488
SAMSUNG MZFLW512HMJP 512GB,8133
SAMSUNG MZHPU128HCGM-000H1,5169
SAMSUNG MZHPU128HCGM-00004,6085
SAMSUNG MZMLN128HCGR-000,2843
SAMSUNG MZMLN256HCHP-000,3312
SAMSUNG MZMPA032HMCD-000L1,1247
SAMSUNG MZMPA128,1365
SAMSUNG MZMPC032HBCD-000,1632
SAMSUNG MZMPC032HBCD-00000,1750
SAMSUNG MZMPC032HBCD-000H1,1546
SAMSUNG MZMPC064HBDR-000,2467
SAMSUNG MZMPC128HBFU-000MV,3263
SAMSUNG MZMPC256,2699
SAMSUNG MZMPC256HAFU-000,3906
SAMSUNG MZMPC256HAFU-000L9,3499
SAMSUNG MZMPC256HBGJ-000H1,3225
SAMSUNG MZMPD256HAGM-000H1,3335
SAMSUNG MZMTD128HAFV-000,2273
SAMSUNG MZMTD128HAFV-00000,2136
SAMSUNG MZMTD128HAFV-000H1,2284
SAMSUNG MZMTD128HAFV-000L1,2062
SAMSUNG MZMTD128HAFV-000MV,2406
SAMSUNG MZMTD128HAFV-00004,2189
SAMSUNG MZMTD256HAGM-000,2499
SAMSUNG MZMTD256HAGM-00000,2452
SAMSUNG MZMTD256HAGM-000L1,2673
SAMSUNG MZMTD256HAGM-000MV,2605
SAMSUNG MZMTD256HAGM-00004,2316
SAMSUNG MZMTD256HAGM-00007,2362
SAMSUNG MZMTD512HAGL-000,2606
SAMSUNG MZMTD512HAGL-00000,2758
SAMSUNG MZMTD512HAGL-000L1,3004
SAMSUNG MZMTD512HAGL-000MV,3041
SAMSUNG MZMTD512HAGL-00004,3139
SAMSUNG MZMTE128HMGR-000,2206
SAMSUNG MZMTE128HMGR-00000,2323
SAMSUNG MZMTE128HMGR-000H1,2255
SAMSUNG MZMTE128HMGR-000L1,2045
SAMSUNG MZMTE128HMGR-000MV,2310
SAMSUNG MZMTE128HMGR-00005,2333
SAMSUNG MZMTE128HMGR-00007,2604
SAMSUNG MZMTE256HMHP-000,2992
SAMSUNG MZMTE256HMHP-00000,3127
SAMSUNG MZMTE256HMHP-000L1,2591
SAMSUNG MZMTE256HMHP-000MV,2919
SAMSUNG MZMTE256HMHP-00005,2925
SAMSUNG MZMTE512HMHP-00000,3163
SAMSUNG MZMTE512HMHP-000L1,2890
SAMSUNG MZMTE512HMHP-000MV,3081
SAMSUNG MZNLF128HCHP-00000,2271
SAMSUNG MZNLF128HCHP-000AU,2357
SAMSUNG MZNLF128HCHP-000H1,2339
SAMSUNG MZNLF128HCHP-000L1,2155
SAMSUNG MZNLF128HCHP-00004,2294
SAMSUNG MZNLF192HCGS-000L1,2289
SAMSUNG MZNLH256HAJD-00A07,3757
SAMSUNG MZNLN1T0HMLH-000,5051
SAMSUNG MZNLN128HAHQ-000,3093
SAMSUNG MZNLN128HAHQ-00000,2949
SAMSUNG MZNLN128HAHQ-000H1,2933
SAMSUNG MZNLN128HAHQ-000L1,2918
SAMSUNG MZNLN128HAHQ-000L2,2883
SAMSUNG MZNLN128HAHQ-00007,2939
SAMSUNG MZNLN128HCGR-000,3136
SAMSUNG MZNLN128HCGR-00000,2980
SAMSUNG MZNLN128HCGR-000H1,2800
SAMSUNG MZNLN128HCGR-000L1,2872
SAMSUNG MZNLN128HCGR-000L2,2929
SAMSUNG MZNLN128HCGR-00007,2871
SAMSUNG MZNLN256HAJQ-000,3849
SAMSUNG MZNLN256HAJQ-00000,3588
SAMSUNG MZNLN256HAJQ-000H1,3579
SAMSUNG MZNLN256HAJQ-000H7,3646
SAMSUNG MZNLN256HAJQ-000L2,3654
SAMSUNG MZNLN256HAJQ-000L7,3672
SAMSUNG MZNLN256HAJQ-00007,3665
SAMSUNG MZNLN256HCHP-000,3516
SAMSUNG MZNLN256HCHP-00000,3570
SAMSUNG MZNLN256HCHP-000H1,3607
SAMSUNG MZNLN256HCHP-000HW,3519
SAMSUNG MZNLN256HCHP-000L2,3523
SAMSUNG MZNLN256HCHP-000L7,3504
SAMSUNG MZNLN256HMHQ-000,3961
SAMSUNG MZNLN256HMHQ-00000,3738
SAMSUNG MZNLN256HMHQ-000B1,4493
SAMSUNG MZNLN256HMHQ-000H1,3776
SAMSUNG MZNLN256HMHQ-000H7,3943
SAMSUNG MZNLN256HMHQ-000L7,3476
SAMSUNG MZNLN256HMHQ-00007,3904
SAMSUNG MZNLN512HAJQ-000,4246
SAMSUNG MZNLN512HAJQ-00000,4182
SAMSUNG MZNLN512HAJQ-000H1,4973
SAMSUNG MZNLN512HAJQ-000L7,4328
SAMSUNG MZNLN512HAJQ-00007,4199
SAMSUNG MZNLN512HMJP 512GB,4339
SAMSUNG MZNTD128HAGM-000,2291
SAMSUNG MZNTD128HAGM-00000,2316
SAMSUNG MZNTD128HAGM-000KN,3702
SAMSUNG MZNTD128HAGM-000L1,2514
SAMSUNG MZNTD256HAGL-000,2754
SAMSUNG MZNTD256HAGL-00000,2595
SAMSUNG MZNTD256HAGL-000L1,2493
SAMSUNG MZNTD256HAGL-000L9,2702
SAMSUNG MZNTD512HAGL-00000,2611
SAMSUNG MZNTD512HAGL-000L1,2970
SAMSUNG MZNTE128HMGR-000,2671
SAMSUNG MZNTE128HMGR-00000,2216
SAMSUNG MZNTE128HMGR-000H1,2421
SAMSUNG MZNTE128HMGR-000L1,2457
SAMSUNG MZNTE128HMGR-000L2,1975
SAMSUNG MZNTE128HMGR-000SO,2224
SAMSUNG MZNTE256HMHP-000,2924
SAMSUNG MZNTE256HMHP-00000,2918
SAMSUNG MZNTE256HMHP-000H1,2760
SAMSUNG MZNTE256HMHP-000L1,2734
SAMSUNG MZNTE256HMHP-000L2,2907
SAMSUNG MZNTE256HMHP-000L7,2881
SAMSUNG MZNTE256HMHP-000SO,2369
SAMSUNG MZNTE512HMJH-000,2997
SAMSUNG MZNTE512HMJH-00000,3098
SAMSUNG MZNTE512HMJH-000H1,2944
SAMSUNG MZNTE512HMJH-000L1,3038
SAMSUNG MZNTE512HMJH-000L2,2869
SAMSUNG MZNTN512HDJH-00000,3948
SAMSUNG MZNTN512HDJH-000L2,3730
SAMSUNG MZNTN512HDJH-00007,4059
SAMSUNG MZNTY128HDHP-000,2904
SAMSUNG MZNTY128HDHP-00000,2770
SAMSUNG MZNTY128HDHP-000H1,2881
SAMSUNG MZNTY128HDHP-000L1,3017
SAMSUNG MZNTY128HDHP-000L2,3144
SAMSUNG MZNTY128HDHP-00007,2784
Samsung MZNTY256HDHP-000,3468
SAMSUNG MZNTY256HDHP-00000,3256
SAMSUNG MZNTY256HDHP-000B1,4071
SAMSUNG MZNTY256HDHP-000H1,3011
SAMSUNG MZNTY256HDHP-000L2,3012
SAMSUNG MZNTY256HDHP-000L7,3236
SAMSUNG MZNTY256HDHP-00007,3042
SAMSUNG MZPJB480HMGC-0BW07,21742
SAMSUNG MZPLJ3T2HBJR-00007,28569
SAMSUNG MZQL21T9HCJR-00A07,37074
SAMSUNG MZQL23T8HCLS-00A07,38044
SAMSUNG MZQL27T6HBLA-00A07,41203
SAMSUNG MZQL2960HCJR-00A07,32596
SAMSUNG MZQLB1T9HAJR-00007,21547
SAMSUNG MZQLB3T8HALS-00007,26083
SAMSUNG MZQLB960HAJR-00007,18365
SAMSUNG MZVKW512HMJP-00007,18629
SAMSUNG MZVL21T0,38938
SAMSUNG MZVL22T0HBLB-00B07,33124
SAMSUNG MZVL22T0HBLB-00BH1,40403
SAMSUNG MZVL22T0HBLB-00BH7,38049
SAMSUNG MZVL22T0HBLB-00BTW,40392
SAMSUNG MZVL41T0HBLB-00B,25138
SAMSUNG MZVL41T0HBLB-00B07,24529
SAMSUNG MZVL41T0HBLB-00BH1,24989
SAMSUNG MZVL41T0HBLB-00BH2,24473
SAMSUNG MZVL41T0HBLB-00BL7,24622
SAMSUNG MZVL41T0HBLB-00BLL,25073
SAMSUNG MZVL41T0HBLB-00BTW,25307
SAMSUNG MZVL81T0HDLB-00BLL,31374
SAMSUNG MZVL81T0HELB-00B07,30613
SAMSUNG MZVL81T0HELB-00BH1,26807
SAMSUNG MZVL81T0HELB-00BKS,30369
SAMSUNG MZVL81T0HELB-00BTW,26590
SAMSUNG MZVL81T0HFLB-00B,43990
SAMSUNG MZVL81T0HFLB-00B07,42765
SAMSUNG MZVL81T0HFLB-00BH1,40062
SAMSUNG MZVL81T0HFLB-00BLL,42547
SAMSUNG MZVL81T0HFLB-00BTW,40110
SAMSUNG MZVL82T0HBL1-00BH1,43307
SAMSUNG MZVL2256HCHQ-00B07,22596
SAMSUNG MZVL2256HCHQ-00BH7,22272
SAMSUNG MZVL2256HCHQ-00BL7,26093
SAMSUNG MZVL2512,35293
SAMSUNG MZVL2512HCJQ-00A00,33465
SAMSUNG MZVL2512HCJQ-00BH7,30800
SAMSUNG MZVL2512HCJQ-00BT7,26848
SAMSUNG MZVL2512HCJQ-00BTW,28672
SAMSUNG MZVL2512HDJD-00B07,41911
SAMSUNG MZVL2512HDJD-00BH1,37888
SAMSUNG MZVL2512HDJD-00BH7,36723
SAMSUNG MZVL2512HDJD-00BL2,38643
SAMSUNG MZVL2512HDJD-00BL7,42928
SAMSUNG MZVL2512HDJD-00BLL,34165
SAMSUNG MZVL2512HDJD-00BT7,41458
SAMSUNG MZVL4256HBJD-00B,16346
SAMSUNG MZVL4256HBJD-00B07,14659
SAMSUNG MZVL4256HBJD-00BH1,15620
SAMSUNG MZVL4256HBJD-00BL7,15781
SAMSUNG MZVL4256HBJD-00BLL,15544
SAMSUNG MZVL4256HBJD-00BTW,15009
SAMSUNG MZVL4512HBLU-00B,22382
SAMSUNG MZVL4512HBLU-00B07,22121
SAMSUNG MZVL4512HBLU-00BH1,22216
SAMSUNG MZVL4512HBLU-00BL7,22702
SAMSUNG MZVL4512HBLU-00BLL,22907
SAMSUNG MZVL4512HBLU-00BTW,21497
SAMSUNG MZVL8256HDJD-00BLL,24536
SAMSUNG MZVL8256HEJD-00B07,18468
SAMSUNG MZVL8256HEJD-00BH1,15667
SAMSUNG MZVL8256HEJD-00BKS,18811
SAMSUNG MZVL8256HFJD-00BH1,21984
SAMSUNG MZVL8256HFJD-00BLL,29455
SAMSUNG MZVL8512HDLU-00BLL,29374
SAMSUNG MZVL8512HELU-00B07,25409
SAMSUNG MZVL8512HELU-00BH1,22539
SAMSUNG MZVL8512HELU-00BKS,26043
SAMSUNG MZVL8512HELU-00BTW,22424
SAMSUNG MZVL8512HFLU-00B07,37442
SAMSUNG MZVL8512HFLU-00BH1,32139
SAMSUNG MZVL8512HFLU-00BLL,38054
SAMSUNG MZVL8512HFLU-00BTW,32769
SAMSUNG MZVLB1T0HBLR-000H7,23213
SAMSUNG MZVLB2T0HALB-000H1,21463
SAMSUNG MZVLB2T0HALB-000H7,21192
SAMSUNG MZVLB2T0HALB-000L2,22561
SAMSUNG MZVLB2T0HALB-000L7,20262
SAMSUNG MZVLB256,15221
SAMSUNG MZVLB512,22137
SAMSUNG MZVLC1T0HFLU-00B07,74192
SAMSUNG MZVLC1T0HFLU-00BH1,55688
SAMSUNG MZVLC1T0HFLU-00BL2,64736
SAMSUNG MZVLC1T0HFLU-00BLL,55409
SAMSUNG MZVLC2T0HBLD-00BL2,73321
SAMSUNG MZVLC2T0HBLD-00BLL,57553
SAMSUNG MZVLC2T0HBLD-00BT7,69544
SAMSUNG MZVLC4T0HBL1-00BLL,51389
SAMSUNG MZVLC512HFJD-00B07,44276
SAMSUNG MZVLC512HFJD-00BLL,43751
SAMSUNG MZVLQ1T0HBLB-00B07,14463
SAMSUNG MZVLQ1T0HBLB-00BH1,13272
SAMSUNG MZVLQ1T0HBLB-00BTW,14106
SAMSUNG MZVLQ128HBHQ-00007,10927
SAMSUNG MZVLQ128HCHQ-00B,11052
SAMSUNG MZVLQ128HCHQ-00B00,13066
SAMSUNG MZVLQ128HCHQ-00B07,11739
SAMSUNG MZVLQ128HCHQ-00BH1,7834
SAMSUNG MZVLQ128HCHQ-00BTW,10450
SAMSUNG MZVLQ256HBJD-00B,11084
SAMSUNG MZVLQ256HBJD-00B00,12550
SAMSUNG MZVLQ256HBJD-00B07,12960
SAMSUNG MZVLQ256HBJD-00BTW,12874
SAMSUNG MZVLQ512HBLU-00B07,14300
SAMSUNG MZVLQ512HBLU-00BH1,11932
SAMSUNG MZVLQ512HBLU-00BTW,12678
SAMSUNG MZVLV128HCGR-00000,3727
SAMSUNG MZVLV128HCGR-000L1,3662
SAMSUNG MZVLV256,6621
SAMSUNG MZVMA1T0HCLD-00BTW,28105
SAMSUNG MZVMA512HCLV-00BTW,18750
SAMSUNG MZVMX1T0HCLD-00BH1,23597
SAMSUNG MZVMX512HCLV-00B00,16789
SAMSUNG MZVPV128HDGM-000L2,10008
SAMSUNG MZYLF128HCHP-000,2305
SAMSUNG MZYLF128HCHP-000L2,2172
SAMSUNG MZYLN256HCHP-000L2,3293
SAMSUNG MZYTE128HMGR-000L2,2464
SAMSUNG MZYTE256HMHP-000L2,2953
SAMSUNG MZYTN512HDJH-000L2,4355
SAMSUNG MZYTY128HDHP-000L2,2693
SAMSUNG MZYTY256HDHP-000L2,3001
Samsung PM9A1 1TB SSD,37927
Samsung PM9A1 2TB SSD,40167
Samsung PM9A1 256GB SSD,21344
Samsung PM9A1 512GB SSD,32295
Samsung PM863 960GB,4587
SAMSUNG PM871 512GB,4044
Samsung PM951 1TB NVMe,10035
Samsung PM951 128GB NVMe,4191
Samsung PM951 256GB NVMe,6631
Samsung PM951 512GB NVMe,8456
Samsung PM961 1TB NVMe,16363
Samsung PM961 128GB NVMe,10750
Samsung PM961 256GB NVMe,13886
Samsung PM961 512GB NVMe,16064
SAMSUNG PM971 SSD 128GB,7245
SAMSUNG PM971 SSD 256GB,7987
SAMSUNG PM971 SSD 512GB,9769
Samsung PM981 1TB NVMe,19586
Samsung PM981 1TB NVMe SED,18823
Samsung PM981 2TB NVMe,19929
Samsung PM981 256GB NVMe,14503
Samsung PM981 256GB NVMe SED,16178
Samsung PM981 512GB NVMe,17637
Samsung PM981 512GB NVMe SED,18476
Samsung PM981a 512GB NVMe SED,27759
Samsung PM981a NVMe 256GB,16981
SAMSUNG PM-951 SSD 256GB,9586
Samsung Portable SSD T1 1TB,5058
Samsung Portable SSD T3,2067
Samsung Portable SSD T5,3980
Samsung Portable SSD T5 1TB,4058
Samsung Portable SSD T5 500GB,4407
Samsung PSSD T7,6143
Samsung PSSD T7 Shield,5559
Samsung SM951 128GB NVMe,9925
Samsung SM951 256GB NVMe,12684
Samsung SM951 512GB NVMe,13644
Samsung SM951 M.2 128GB AHCI,9110
Samsung SM951 M.2 256GB AHCI,12879
Samsung SM951 M.2 512GB AHCI,12915
Samsung SM951a 512GB NVMe,14256
Samsung SM961 1TB NVMe,18623
Samsung SM961 128GB NVMe,14397
Samsung SM961 256GB NVMe,16544
Samsung SM961 512GB NVMe,17973
SAMSUNG SP40A2H,256
SAMSUNG SP0401N,296
SAMSUNG SP0411C,307
SAMSUNG SP0411N,312
SAMSUNG SP0612N,268
SAMSUNG SP0802N,324
SAMSUNG SP0812C,336
SAMSUNG SP0812N,331
SAMSUNG SP0822N,308
SAMSUNG SP0842N,337
SAMSUNG SP1203N,326
SAMSUNG SP1213C,343
SAMSUNG SP1213N,319
SAMSUNG SP1603C,356
SAMSUNG SP1604N,354
SAMSUNG SP1613N,349
SAMSUNG SP1614C,356
SAMSUNG SP1614N,306
SAMSUNG SP1624N,369
SAMSUNG SP1644N,316
SAMSUNG SP1654N,350
SAMSUNG SP2004C,354
SAMSUNG SP2014N,339
SAMSUNG SP2504C,442
SAMSUNG SP2514N,417
SAMSUNG SP4002H,219
SAMSUNG SP6003H,227
SAMSUNG SP8004H,229
SAMSUNG SSD 2.5 7MM 256GB,2114
SAMSUNG SSD 64GB MCCOE64G5MPP,543
SAMSUNG SSD 128GB MMCRE28G5MXP,1063
SAMSUNG SSD 128GB MZMPA128HMFU,1550
SAMSUNG SSD 256GB MMDOE56G5MXP,1054
Samsung SSD 650 120GB,2560
Samsung SSD 750,3866
Samsung SSD 750 EVO 120G,3148
Samsung SSD 750 EVO 120GB,3136
Samsung SSD 750 EVO 250GB,2907
Samsung SSD 750 EVO 500G,4059
Samsung SSD 750 EVO 500GB,3862
SAMSUNG SSD 830,3588
SAMSUNG SSD 830 Seri,1551
SAMSUNG SSD 830 Series,3569
Samsung SSD 840,4292
Samsung SSD 840 EVO,1857
Samsung SSD 840 EVO 1TB,4364
Samsung SSD 840 EVO 1TB mSATA,4662
Samsung SSD 840 EVO 120GB,2703
Samsung SSD 840 EVO 120GB mSATA,2675
Samsung SSD 840 EVO 250GB,2987
Samsung SSD 840 EVO 250GB mSATA,2969
Samsung SSD 840 EVO 500GB,3856
Samsung SSD 840 EVO 500GB mSATA,3970
Samsung SSD 840 EVO 750GB,4222
Samsung SSD 840 PRO,1160
Samsung SSD 840 PRO Seri,3656
Samsung SSD 840 PRO Series,4017
Samsung SSD 840 Seri,1469
Samsung SSD 840 Series,3059
Samsung SSD 845DC EVO 240GB,2980
Samsung SSD 845DC EVO 960GB,3209
Samsung SSD 850,4677
Samsung SSD 850 120GB,3541
Samsung SSD 850 EVO,1633
Samsung SSD 850 EVO 1TB,4612
Samsung SSD 850 EVO 2TB,5684
Samsung SSD 850 EVO 4TB,5360
Samsung SSD 850 EVO 120GB,3762
Samsung SSD 850 EVO 250GB,3931
Samsung SSD 850 EVO 500GB,4353
Samsung SSD 850 EVO M.2,4821
Samsung SSD 850 EVO M.2 1TB,4695
Samsung SSD 850 EVO M.2 120GB,4227
Samsung SSD 850 EVO M.2 250GB,4480
Samsung SSD 850 EVO M.2 500GB,4476
Samsung SSD 850 EVO mSAT,3881
Samsung SSD 850 EVO mSATA 1TB,4658
Samsung SSD 850 EVO mSATA 120GB,3669
Samsung SSD 850 EVO mSATA 250GB,3835
Samsung SSD 850 EVO mSATA 500GB,4127
Samsung SSD 850 PRO,1330
Samsung SSD 850 PRO 128GB,4062
SAMSUNG128GB MZ7PC128HAFU,2964
Samsung SSD 850 PRO 1TB,4594
Samsung SSD 850 PRO 2TB,4971
Samsung SSD 850 PRO 256GB,4346
Samsung SSD 850 PRO 512GB,4394
Samsung SSD 860,4171
Samsung SSD 860 DCT 960GB,5058
Samsung SSD 860 EVO,1664
Samsung SSD 860 EVO 1TB,4644
Samsung SSD 860 EVO 2TB,4929
Samsung SSD 860 EVO 4TB,5010
Samsung SSD 860 EVO 250G,3042
Samsung SSD 860 EVO 250GB,3960
Samsung SSD 860 EVO 500G,3650
Samsung SSD 860 EVO 500GB,4187
Samsung SSD 860 EVO M.2 1TB,4711
Samsung SSD 860 EVO M.2 2TB,4746
Samsung SSD 860 EVO M.2 250GB,4229
Samsung SSD 860 EVO M.2 500GB,4348
Samsung SSD 860 EVO mSAT,3877
Samsung SSD 860 EVO mSATA 1TB,4532
Samsung SSD 860 EVO mSATA 250GB,4068
Samsung SSD 860 EVO mSATA 500GB,4023
Samsung SSD 860 PRO 1TB,4891
Samsung SSD 860 PRO 2TB,4929
Samsung SSD 860 PRO 4TB,4808
Samsung SSD 860 PRO 256G,3485
Samsung SSD 860 PRO 256GB,4774
Samsung SSD 860 PRO 512G,4248
Samsung SSD 860 PRO 512GB,5007
Samsung SSD 860 QVO 1TB,3337
Samsung SSD 860 QVO 2TB,5693
Samsung SSD 860 QVO 4TB,3744
Samsung SSD 870,3477
Samsung SSD 870 EV0 250GB,2421
Samsung SSD 870 EVO 1TB,4722
Samsung SSD 870 EVO 2TB,4828
Samsung SSD 870 EVO 4TB,7407
Samsung SSD 870 EVO 250G,2853
Samsung SSD 870 EVO 250GB,4096
Samsung SSD 870 EVO 500G,3643
Samsung SSD 870 EVO 500GB,4215
Samsung SSD 870 QVO 1TB,3459
Samsung SSD 870 QVO 2TB,4095
Samsung SSD 870 QVO 4TB,4855
Samsung SSD 870 QVO 8TB,6011
Samsung SSD 870EVO-500GB,1968
Samsung SSD 883 DCT 240GB,4272
Samsung SSD 950 Pro 256GB NVMe,11343
Samsung SSD 950 Pro 512GB NVMe,14120
Samsung SSD 960,16706
Samsung SSD 960 EVO 1TB,17726
Samsung SSD 960 EVO 250GB,14895
Samsung SSD 960 EVO 500GB,16427
Samsung SSD 960 PRO 1TB,18636
Samsung SSD 960 PRO 2TB,17993
Samsung SSD 960 PRO 512GB,18596
Samsung SSD 970,22124
Samsung SSD 970 EVO 1TB,20664
Samsung SSD 970 EVO 250GB,15374
Samsung SSD 970 EVO 500GB,18516
Samsung SSD 970 EVO Plus 1TB,22949
Samsung SSD 970 EVO Plus 250GB,18053
Samsung SSD 970 EVO Plus 500GB,20343
Samsung SSD 970 EVO Puls 250GB,19313
Samsung SSD 970 PRO 1TB,23273
Samsung SSD 970 PRO 512GB,22059
Samsung SSD 980,36423
Samsung SSD 980 NVMe 1TB,20886
Samsung SSD 980 NVMe 250GB,13608
Samsung SSD 980 NVMe 500GB,18620
Samsung SSD 980 PRO 1TB,39145
Samsung SSD 980 PRO 2TB,41391
Samsung SSD 980 PRO 250GB,24658
Samsung SSD 980 PRO 500GB,35026
Samsung SSD 983 DCT M.2 960GB,16020
Samsung SSD 990,48712
Samsung SSD 990 EVO 1TB,28170
Samsung SSD 990 EVO 2TB,28494
Samsung SSD 990 EVO Plus 1TB,39281
Samsung SSD 990 EVO Plus 2TB,41354
Samsung SSD 990 EVO Plus 4TB,43269
Samsung SSD 990 EVO Plus SE 2TB,45355
Samsung SSD 9100,84470
Samsung SSD 9100 PRO 8TB,87975
Samsung SSD 9100 PRO with Heatsink 1TB,77059
Samsung SSD 9100 PRO with Heatsink 2TB,79785
Samsung SSD 9100 PRO with Heatsink 4TB,82268
Samsung SSD 9100 PRO with Heatsink 8TB,81195
SAMSUNG SSD CM87,4194
SAMSUNG SSD CM871 2.5 7mm 128GB,2158
SAMSUNG SSD CM871 M.2 2280 128GB,2234
SAMSUNG SSD CM871a 2.5 7mm 128GB,2128
SAMSUNG SSD CM871a 2.5 7mm 256GB,3718
SAMSUNG SSD CM871a M.2 2280 256GB,3027
SAMSUNG SSD PB22,844
SAMSUNG SSD PB22-CS3 FDE TM 256GB,4340
SAMSUNG SSD PB22-CS3 TM 256GB,877
SAMSUNG SSD PB22-JS3 2.5,961
"SAMSUNG SSD PB22-JS3 2.5"" 128GB",949
SAMSUNG SSD PB22-JS3 FDE,946
SAMSUNG SSD PB22-JS3 TH 64GB,867
SAMSUNG SSD PB22-JS3 TM 128GB,959
SAMSUNG SSD PM80,954
SAMSUNG SSD PM81,1512
SAMSUNG SSD PM83,3758
SAMSUNG SSD PM84,2748
SAMSUNG SSD PM85,3756
"SAMSUNG SSD PM800 2.5"" 128GB",1067
"SAMSUNG SSD PM800 2.5"" 256GB",1093
SAMSUNG SSD PM800 m 64GB,794
SAMSUNG SSD PM800 mSATA 64GB,797
SAMSUNG SSD PM800 Series,954
"SAMSUNG SSD PM800 Series 2.5"" 256GB",854
SAMSUNG SSD PM800 TH 64G,942
SAMSUNG SSD PM800 TH 64GB,937
SAMSUNG SSD PM800 TM 64G,1003
SAMSUNG SSD PM800 TM 64GB,839
SAMSUNG SSD PM800 TM 128,881
SAMSUNG SSD PM800 TM 128GB,1027
"SAMSUNG SSD PM810 2.5"" 7mm 128GB",1737
"SAMSUNG SSD PM810 2.5"" 7mm 256GB",1796
"SAMSUNG SSD PM810 2.5"" 128GB",1647
"SAMSUNG SSD PM810 2.5"" 256GB",1596
SAMSUNG SSD PM810 FDE 2.,1704
"SAMSUNG SSD PM810 FDE 2.5"" 256GB",1760
SAMSUNG SSD PM810 m 128GB,1454
SAMSUNG SSD PM810 mSATA,1374
SAMSUNG SSD PM810 mSATA 64GB,1358
SAMSUNG SSD PM810 mSATA 128GB,1337
SAMSUNG SSD PM810 TH 64G,1359
SAMSUNG SSD PM810 TH 64GB,1309
SAMSUNG SSD PM810 TM 64GB,1456
SAMSUNG SSD PM810 TM 128GB,1561
SAMSUNG SSD PM810 TM 256GB,1857
SAMSUNG SSD PM830 2.5 256GB,3656
"SAMSUNG SSD PM830 2.5"" 7mm 128GB",3080
"SAMSUNG SSD PM830 2.5"" 7mm 256GB",3271
"SAMSUNG SSD PM830 2.5"" 7mm 512GB",3526
SAMSUNG SSD PM830 FDE 2.,3730
"SAMSUNG SSD PM830 FDE 2.5"" 7mm 256GB",3275
SAMSUNG SSD PM830 FDE mS,2998
SAMSUNG SSD PM830 FDE mSATA 256GB,3180
SAMSUNG SSD PM830 m 128GB,2883
SAMSUNG SSD PM830 m 256GB,2969
SAMSUNG SSD PM830 mSATA,2982
SAMSUNG SSD PM830 mSATA 32GB,1824
SAMSUNG SSD PM830 mSATA 64GB,2310
SAMSUNG SSD PM830 mSATA 128GB,2852
SAMSUNG SSD PM830 mSATA 256GB,3072
"SAMSUNG SSD PM841 2.5"" 7mm 256GB",2515
SAMSUNG SSD PM841 mSATA,2718
SAMSUNG SSD PM841 mSATA 256GB,2672
SAMSUNG SSD PM851 2.5 7m,2772
SAMSUNG SSD PM851 2.5 7mm 128GB,2284
SAMSUNG SSD PM851 2.5 7mm 256GB,2743
SAMSUNG SSD PM851 2.5 7mm 512GB,2745
SAMSUNG SSD PM851 M.2 22,3129
SAMSUNG SSD PM851 M.2 2280 128GB,2499
SAMSUNG SSD PM851 M.2 2280 256GB,2721
SAMSUNG SSD PM851 M.2 2280 512GB,2867
SAMSUNG SSD PM851 mSATA,3040
SAMSUNG SSD PM851 mSATA 128GB,2291
SAMSUNG SSD PM851 mSATA 256GB,2796
SAMSUNG SSD PM851 mSATA 512GB,2958
SAMSUNG SSD PM851 mSATA 512GB SED,3533
SAMSUNG SSD PM851a 2.5 7mm 1024GB,10861
SAMSUNG SSD PM871 2.5 7m,3566
SAMSUNG SSD PM871 2.5 7mm 128GB,2687
SAMSUNG SSD PM871 2.5 7mm 256GB,3495
SAMSUNG SSD PM871 2.5 7mm 512GB,4066
SAMSUNG SSD PM871 2.5 7mm 512GB SED,4069
Samsung SSD PM871 M.2 22,3711
SAMSUNG SSD PM871 M.2 22,2921
SAMSUNG SSD PM871 M.2 2280 128GB,2961
SAMSUNG SSD PM871 M.2 2280 256GB,3478
SAMSUNG SSD PM871 M.2 2280 256GB SED,3948
SAMSUNG SSD PM871 M.2 2280 512GB,4251
SAMSUNG SSD PM871 M.2 2280 512GB SED,4502
SAMSUNG SSD PM871 mSATA,3800
SAMSUNG SSD PM871 mSATA 128GB,2855
SAMSUNG SSD PM871 mSATA 256GB,3424
SAMSUNG SSD PM871 mSATA 256GB SED,3706
SAMSUNG SSD PM871 mSATA 512GB,4172
SAMSUNG SSD PM871a 2.5,4858
SAMSUNG SSD PM871a 2.5 7mm 256GB,3634
SAMSUNG SSD PM871a 2.5 7mm 512GB,4293
SAMSUNG SSD PM871a 2.5 7mm 1024GB,4202
SAMSUNG SSD PM871a M.2 2280 256GB,3675
SAMSUNG SSD PM871a M.2 2280 256GB SED,4107
SAMSUNG SSD PM871a M.2 2280 512GB,4268
SAMSUNG SSD PM871a M.2 2280 512GB SED,4304
SAMSUNG SSD PM871b 2.5 7mm 128GB,2750
SAMSUNG SSD PM871b 2.5 7mm 256GB,3480
SAMSUNG SSD PM871b 2.5 7mm 512GB,4292
SAMSUNG SSD PM871b 2.5 7mm 1024GB,4305
SAMSUNG SSD PM871b M.2 2280 128GB,2888
SAMSUNG SSD PM871b M.2 2280 256GB,3641
SAMSUNG SSD PM871b M.2 2280 512GB,4292
Samsung SSD PM881 2.5 128GB,3842
Samsung SSD PM881 2.5 256GB,4632
Samsung SSD PM881 2.5 512GB,4715
Samsung SSD PM881 NVMe 128GB,3771
Samsung SSD PM881 NVMe 256GB,4013
Samsung SSD PM881 NVMe 512GB,4662
Samsung SSD PM981a NVMe 1TB,21837
Samsung SSD PM981a NVMe 2TB,21847
Samsung SSD PM981a NVMe 512GB,20648
Samsung SSD PM991 NVMe 1TB,11658
Samsung SSD PM991 NVMe 128GB,7432
Samsung SSD PM991 NVMe 256GB,8356
Samsung SSD PM991 NVMe 512GB,10827
Samsung SSD PM991a NVMe 1TB,15335
Samsung SSD PM991a NVMe 128GB,9408
Samsung SSD PM991a NVMe 256GB,9379
Samsung SSD PM991a NVMe 512GB,13641
SAMSUNG SSD RBX Series 1,444
SAMSUNG SSD RBX Series 64GB,459
SAMSUNG SSD RBX Series 64GB M,477
SAMSUNG SSD RBX Series 128GB M,514
SAMSUNG SSD SM84,3858
SAMSUNG SSD SM87,4264
"SAMSUNG SSD SM841 2.5"" 7mm 128GB",3383
"SAMSUNG SSD SM841 2.5"" 7mm 256GB",3791
"SAMSUNG SSD SM841 2.5"" 7mm 512GB",4001
SAMSUNG SSD SM841 mSATA,4008
SAMSUNG SSD SM841 mSATA 128GB,3571
SAMSUNG SSD SM841 mSATA 256GB,3748
SAMSUNG SSD SM841 mSATA 512GB,2816
SAMSUNG SSD SM841 SED mS,3690
SAMSUNG SSD SM841 SED mSATA 256GB,3792
SAMSUNG SSD SM841N 2.5,3872
SAMSUNG SSD SM841N 2.5 7,3760
SAMSUNG SSD SM841N 2.5 7mm 128GB,3616
SAMSUNG SSD SM841N 2.5 7mm 256GB,3635
SAMSUNG SSD SM841N 2.5 7mm 512GB,4034
SAMSUNG SSD SM841N mSATA,3843
SAMSUNG SSD SM841N mSATA 128GB,3589
SAMSUNG SSD SM841N mSATA 256GB,3038
SAMSUNG SSD SM841N mSATA 256GB SED,3981
SAMSUNG SSD SM841N mSATA 512GB,3964
SAMSUNG SSD SM871 2.5 7m,4096
SAMSUNG SSD SM871 2.5 7mm 256GB,4214
SAMSUNG SSD SM871 2.5 7mm 512GB,4303
SAMSUNG SSD SM951 M.2 256GB PCIe AHCI,12945
SAMSUNG SSD Thin 64GB,448
SAMSUNG SSD Thin u 128GB M,434
SAMSUNG SSD Thin uSATA 64GB M,535
SAMSUNG SSD Thin uSATA 128GB M,569
SAMSUNG SV0411N,218
SAMSUNG SV0602H,190
SAMSUNG SV0802N,413
SAMSUNG SV0813H,197
SAMSUNG SV1203N,283
SAMSUNG SV1204H,216
SAMSUNG SV1604E,239
SAMSUNG SV1604N,255
SAMSUNG SV2001H,187
SAMSUNG SV2042H,184
SAMSUNG SV4002H,188
SAMSUNG SV4012H,174
SAMSUNG SV4084H,158
SAMSUNG SV6003H,190
SAMSUNG SV8004H,200
SAMSUNG XP941 M.2 128GB,5859
SAMSUNG XP941 M.2 256GB,7928
SAMSUNG XP941 M.2 512GB,8022
SAMSWEET PM863 120GB,1984
SAMSWEET SSD PM863 240GB,2275
SAMSWEET SSD SM851 128GB,1980
SAMSWEET SSD SM863 256GB,3828
SanDis SD8SN8U-256G-100,4398
SanDis SSD PLUS 240 GB,1953
SanDis SSD PLUS 240GB,3128
SanDisk 32GB,656
SanDisk 64GB,494
SanDisk A400 NVMe 256GB,6616
SanDisk A400 NVMe 512GB,7631
SanDisk A400 NVMe SD9 256GB,6368
SanDisk A400 NVMe SD9 512GB,6578
SanDisk A400 SD9PN9U-256G-1001,6581
SANDISK ATLAS----NVMEFW -MODE-IDENT CNTR,13060
Sandisk Bics,3349
SanDisk Cruzer Blade USB,314
SanDisk Cruzer Glide USB,139
SanDisk Cruzer USB,455
SanDisk DA4032,1094
SanDisk DA4064,1288
SanDisk DA4128,1267
SanDisk DA4256,1229
SanDisk DA6064,1659
SanDisk DA6128,1412
SanDisk DB4032,700
SanDisk DB4064,743
SanDisk DF4032,848
SanDisk DF4064,908
SanDisk DF4128,892
SanDisk DG4064,1384
SanDisk DI4128,974
SanDisk DS2032,626
SanDisk DS2064,674
SanDisk DV4064,1570
SanDisk Extreme 1TB X3N,37505
SanDisk Extreme 2TB X3N,38232
SanDisk Extreme 55AE,7542
SanDisk Extreme 500GB X3N,28844
SanDisk Extreme Portable SSD,4312
SanDisk Extreme Pro 1TB,22984
SanDisk Extreme Pro 2TB,24434
SanDisk Extreme Pro 55AF,10242
SanDisk Extreme Pro 500GB,20807
SanDisk Extreme USB,632
SanDisk H3 1TB SSD,5110
Sandisk PC SN5000S SDEPNSJ-1T00-1132,43356
Sandisk PC SN5000S SDEPNSJ-512G-1132,36877
Sandisk PC SN5100S SDFQNSM-512G-1002,30320
Sandisk PC SN5100S SDFQTSM-1T00-1002,50747
SanDisk PC SN7100S SDFPMSL-1T00-2101,40994
SanDisk PC SN7100S SDFPMSL-512G-2101,37383
Sandisk PC SN8050S SDFQNJL-2T00-1001,88344
SanDisk pSSD 16GB,125
SanDisk pSSD-P2 32GB,196
SanDisk pSSD-S2 8GB,171
SanDisk pSSD-S2 32GB,178
SanDisk SD5SB2-128G-1006,3120
SanDisk SD5SB2-128G-1006E,3366
SanDisk SD5SB2128G1010E,2578
SanDisk SD5SE2128G1002E,3172
SanDisk SD5SE2256G1002E,3195
SanDisk SD5SF2128G,2797
SanDisk SD5SF2128G1014E,2803
SanDisk SD5SG2128G1052E,3046
SanDisk SD5SG2256G1052E,2851
SanDisk SD6PP4M256G1002,4410
SanDisk SD6PP4M-256G-1006,4868
SanDisk SD6SA1M128G1011,3029
SanDisk SD6SA1M128G1111,2438
SanDisk SD6SB1M0,1908
SanDisk SD6SB1M1,2270
SanDisk SD6SB1M2,2695
SanDisk SD6SB1M064G,2257
SanDisk SD6SB1M064G1022,2268
SanDisk SD6SB1M064G1022I,2080
SanDisk SD6SB1M128G,2823
SanDisk SD6SB1M128G1001,2970
SanDisk SD6SB1M128G1002,3040
SanDisk SD6SB1M128G1022,2519
SanDisk SD6SB1M128G1022I,2871
SanDisk SD6SB1M256G1001,3036
SanDisk SD6SB1M256G1002,3435
SanDisk SD6SB1M256G1022,3294
SanDisk SD6SB1M256G1022I,3200
SanDisk SD6SB1M-032G-1006,1719
SanDisk SD6SB1M-128G-100,2625
SanDisk SD6SB1M-128G-1006,2824
SanDisk SD6SB1M-256G-100,2667
SanDisk SD6SB1M-256G-1006,3230
SanDisk SD6SB2M128G1022I,2682
SanDisk SD6SB2M256G1022I,3683
SanDisk SD6SB2M512G1001,3346
SanDisk SD6SB2M512G1022I,3675
SanDisk SD6SB2M-512G-100,2885
SanDisk SD6SB2M-512G-1006,3385
SanDisk SD6SF1M064G1022,2031
SanDisk SD6SF1M128G,2723
SanDisk SD6SF1M128G1022,2496
SanDisk SD6SF1M128G1022I,2388
SanDisk SD6SF1M256G1022,2916
SanDisk SD6SF1M256G1022I,2811
SanDisk SD6SN1M128G1002,2655
SanDisk SD6SN1M256G1002,3711
SanDisk SD6SN1M-128G-1006,3077
SanDisk SD6SN1M-256G,3377
SanDisk SD6SP1M128G1002,2489
SanDisk SD6SP1M128G1009,2428
SanDisk SD6SP1M128G1012,3206
SanDisk SD6SP1M128G1102,2865
SanDisk SD6SP1M256G1012,3782
SanDisk SD6SP1M256G1102,2988
SanDisk SD7SB2Q512G1001,3449
SanDisk SD7SB2Q-512G,3487
SanDisk SD7SB3Q128G,3642
SanDisk SD7SB3Q128G1001,3039
SanDisk SD7SB3Q128G1002,3166
SanDisk SD7SB3Q256G,3871
SanDisk SD7SB3Q256G1001,3481
SanDisk SD7SB3Q256G1002,3704
SanDisk SD7SB3Q-128G-100,2747
SanDisk SD7SB3Q-128G-1006,2918
SanDisk SD7SB3Q-256G,3296
SanDisk SD7SB6S128G1001,2690
SanDisk SD7SB6S128G1122,2932
SanDisk SD7SB6S256G1001,4143
SanDisk SD7SB6S256G1122,3958
SanDisk SD7SB6S-128G-100,3879
SanDisk SD7SB6S-128G-1006,2810
SanDisk SD7SB6S-256G,3908
SanDisk SD7SB7S010T1122,3679
SanDisk SD7SB7S512G1001,3858
SanDisk SD7SB7S512G1122,4011
SanDisk SD7SB7S960G,4049
SanDisk SD7SN3Q128G1002,3369
SanDisk SD7SN3Q256G1002,3761
SanDisk SD7SN3Q512G1002,4001
SanDisk SD7SN3Q-128G-1006,3232
SanDisk SD7SN3Q-256G-1006,3323
SanDisk SD7SN3Q-512G-1006,3147
SanDisk SD7SN6S128G1122,4014
SanDisk SD7SN6S256G1122,4225
SanDisk SD7SN6S512G1001,3850
SanDisk SD7SN6S512G1122,4097
SanDisk SD7SN6S-128G,3016
SanDisk SD7SN6S-256G,4041
SanDisk SD7SN6S-512G-1006,3945
SanDisk SD7TB3Q-128G-100,3159
SanDisk SD7TB3Q-128G-1006,2885
SanDisk SD7TB3Q-256G-100,3134
SanDisk SD7TB3Q-256G-1006,3240
SanDisk SD7TB6S256G1001,3968
SanDisk SD7TN3Q-256G,3403
SanDisk SD7TN3Q-512G-1006,3469
SanDisk SD7TN6S256G1001,4056
SanDisk SD7UB2Q512G1122,3555
SanDisk SD7UB3Q128G1122,3242
SanDisk SD7UB3Q256G1001,3262
SanDisk SD7UB3Q256G1122,3476
SanDisk SD8SB8U1T00,4212
SanDisk SD8SB8U1T001122,3782
SanDisk SD8SB8U1T002000,3955
SanDisk SD8SB8U5,3966
SanDisk SD8SB8U128G1001,3466
SanDisk SD8SB8U128G1002,3765
SanDisk SD8SB8U128G1122,3363
SanDisk SD8SB8U128G2000,3162
SanDisk SD8SB8U256G1001,4238
SanDisk SD8SB8U256G1122,3890
SanDisk SD8SB8U512G1001,4512
SanDisk SD8SB8U512G1002,4492
SanDisk SD8SB8U512G1122,4278
SanDisk SD8SB8U-128G-1006,3490
SanDisk SD8SB8U-128G-1016,3561
SanDisk SD8SB8U-256G-1006,3879
SanDisk SD8SB8U-256G-1016,4091
SanDisk SD8SB8U-512G-1006,4519
SanDisk SD8SBAT064G1122,1666
SanDisk SD8SBAT128G,2043
SanDisk SD8SBAT128G1,1335
SanDisk SD8SBAT128G1002,2639
SanDisk SD8SBAT128G1122,2437
SanDisk SD8SBAT256G,4493
SanDisk SD8SBAT256G1002,3208
SanDisk SD8SBAT256G1122,3164
SanDisk SD8SBAT-128G-1006,2568
SanDisk SD8SBAT-256G-1006,3273
SanDisk SD8SBBU120G1122,2893
SanDisk SD8SBBU240G1122,3055
SanDisk SD8SBBU480G1122,2749
SanDisk SD8SFAT128G1122,2116
SanDisk SD8SMAT032G,1351
SanDisk SD8SMAT-064G-1006,2292
SanDisk SD8SMAT-128G-1006,2579
SanDisk SD8SN8U1T001122,4295
SanDisk SD8SN8U128G1001,3665
SanDisk SD8SN8U128G1002,3656
SanDisk SD8SN8U128G1122,3929
SanDisk SD8SN8U256G1002,4109
SanDisk SD8SN8U256G1027,4525
SanDisk SD8SN8U256G1122,4239
SanDisk SD8SN8U512G1002,4468
SanDisk SD8SN8U512G1122,4236
SanDisk SD8SN8U-128G-100,3810
SanDisk SD8SN8U-128G-1006,3555
SanDisk SD8SN8U-128G-1016,3732
SanDisk SD8SN8U-256G-100,4481
SanDisk SD8SN8U-256G-1006,4083
SanDisk SD8SN8U-256G-1016,4302
SanDisk SD8SN8U-512G-100,4252
SanDisk SD8SN8U-512G-1006,4364
SanDisk SD8SNAT064G1014,2185
SanDisk SD8SNAT128G1002,2695
SanDisk SD8SNAT128G1109,2451
SanDisk SD8SNAT128G1122,2727
SanDisk SD8SNAT256G1002,3231
SanDisk SD8SNAT256G1109,3528
SanDisk SD8SNAT256G1122,3441
SanDisk SD8SNAT-128G-100,2924
SanDisk SD8SNAT-128G-1006,2675
SanDisk SD8SNAT-256G-100,3349
SanDisk SD8SNAT-256G-1006,3283
SanDisk SD8TB8U256G1001,4107
SanDisk SD8TB8U256G1122,3306
SanDisk SD8TB8U512G1001,4355
SanDisk SD8TB8U-256G-1006,3989
SanDisk SD8TB8U-512G-1006,3992
SanDisk SD8TB8U-512G-1016,4184
SanDisk SD8TN8U256G1001,4057
SanDisk SD8TN8U512G1001,4545
SanDisk SD8TN8U-128G-1016,3507
SanDisk SD8TN8U-256G-1006,3865
SanDisk SD8TN8U-256G-1016,4213
SanDisk SD8TN8U-512G-1016,4574
SanDisk SD9SB8W1T001122,4369
SanDisk SD9SB8W128G,3452
SanDisk SD9SB8W128G1001,3364
SanDisk SD9SB8W128G1102,3460
SanDisk SD9SB8W128G1122,3216
SanDisk SD9SB8W256G1002,4506
SanDisk SD9SB8W256G1014,3944
SanDisk SD9SB8W256G1102,3058
SanDisk SD9SB8W256G1122,4420
SanDisk SD9SB8W512G1001,4954
SanDisk SD9SB8W512G1101,4816
SanDisk SD9SB8W512G1122,4254
SanDisk SD9SB8W-128G-1006,3474
SanDisk SD9SB8W-128G-1016,3639
SanDisk SD9SB8W-256G-1006,4208
SanDisk SD9SN8W128G,3756
SanDisk SD9SN8W128G1001,3400
SanDisk SD9SN8W128G1002,3647
SanDisk SD9SN8W128G1009,3482
SanDisk SD9SN8W128G1014,3483
SanDisk SD9SN8W128G1102,3594
SanDisk SD9SN8W128G1122,3404
SanDisk SD9SN8W256G,4426
SanDisk SD9SN8W256G1002,4427
SanDisk SD9SN8W256G1009,4444
SanDisk SD9SN8W256G1014,4461
SanDisk SD9SN8W256G1027,4503
SanDisk SD9SN8W256G1028,4262
SanDisk SD9SN8W256G1102,4595
SanDisk SD9SN8W256G1122,4345
SanDisk SD9SN8W512G,4490
SanDisk SD9SN8W512G1002,4827
SanDisk SD9SN8W512G1102,4916
SanDisk SD9SN8W512G1122,5025
SanDisk SD9SN8W-128G-1006,3483
SanDisk SD9SN8W-256G-1006,4433
SanDisk SD9SN8W-256G-1016,4594
SanDisk SD9SN8W-512G-1006,4893
SanDisk SD9TB8W1T001001,4692
SanDisk SD9TB8W256G1001,4286
SanDisk SD9TB8W512G1001,4639
SanDisk SD9TB8W-256G-1006,4243
SanDisk SD9TB8W-512G-1006,4377
SanDisk SD9TN8W256G1001,4299
SanDisk SD9TN8W512G1001,4572
SanDisk SD9TN8W-128G-1016,3336
SanDisk SD9TN8W-256G-1006,4113
SanDisk SD9TN8W-256G-1016,4359
SanDisk SDMSATA128G,3722
SanDisk SDMSATA256G,2984
SanDisk SDMSATA512G,3204
SanDisk SDSA6MM-016G-100,2695
SanDisk SDSA6MM-016G-1006,778
SanDisk SDSA6MM-032G-1006,1330
SanDisk SDSSDA12,2536
SanDisk SDSSDA24,2503
SanDisk SDSSDA120G,2717
SanDisk SDSSDA240G,3010
SanDisk SDSSDA480G,2825
SanDisk SDSSDA960G,2500
SanDisk SDSSDA-1T00,4406
SanDisk SDSSDA-2T00,5627
SanDisk SDSSDH3 1T00,4438
SanDisk SDSSDH3 1T02,4450
SanDisk SDSSDH3 2T00,5005
SanDisk SDSSDH3 4T00,11970
SanDisk SDSSDH3 250G,3601
SanDisk SDSSDH3 256G,4146
SanDisk SDSSDH3 500G,4229
SanDisk SDSSDH3 512G,4350
SanDisk SDSSDH12,2121
SanDisk SDSSDH21,2380
SanDisk SDSSDH22,2847
SanDisk SDSSDH31,4679
SanDisk SDSSDH35,3496
SanDisk SDSSDH060GG25,1513
SanDisk SDSSDH120GG2,1349
SanDisk SDSSDH120GG25,1767
SanDisk SDSSDH240GG25,1844
SanDisk SDSSDH2064G,1998
SanDisk SDSSDH2128G,2846
SanDisk SDSSDH2256G,2950
SanDisk SDSSDH3250G,4066
SanDisk SDSSDH3256G,4261
SanDisk SDSSDH3500G,4595
SanDisk SDSSDH3512G,4564
SanDisk SDSSDH31024G,4524
SanDisk SDSSDH32000G,4769
SanDisk SDSSDHII,3303
SanDisk SDSSDHII120G,3785
SanDisk SDSSDHII240G,10883
SanDisk SDSSDHII480G,4083
SanDisk SDSSDHII960G,4852
SanDisk SDSSDHP1,2280
SanDisk SDSSDHP2,2844
SanDisk SDSSDHP064G,2304
SanDisk SDSSDHP128G,2918
SanDisk SDSSDHP256G,3373
SanDisk SDSSDP12,1389
SanDisk SDSSDP25,1525
SanDisk SDSSDP064G,2086
SanDisk SDSSDP128G,1768
SanDisk SDSSDP256G,1904
SanDisk SDSSDRC0,1347
SanDisk SDSSDRC032G,1084
SanDisk SDSSDX12,3208
SanDisk SDSSDX24,3718
SanDisk SDSSDX48,3166
SanDisk SDSSDX120GG2,1154
SanDisk SDSSDX120GG25,3106
SanDisk SDSSDX240GG2,1208
SanDisk SDSSDX240GG25,3710
SanDisk SDSSDX480GG25,3624
SanDisk SDSSDXP1,2834
SanDisk SDSSDXP2,3412
SanDisk SDSSDXP4,3513
SanDisk SDSSDXP120G,3437
SanDisk SDSSDXP240G,3872
SanDisk SDSSDXP480G,3551
SanDisk SDSSDXPS,3693
SanDisk SDSSDXPS240G,3863
SanDisk SDSSDXPS480G,3952
SanDisk SDSSDXPS960G,3930
SanDisk SDW32G,725
SanDisk SDW64G,759
SanDisk SEM32G,500
SanDisk SEM64G,418
SanDisk SEM128,477
SanDisk SSD G5 BICS4,4682
SanDisk SSD i100 16GB,808
SanDisk SSD i100 32GB,1166
SanDisk SSD i110 16GB,824
SanDisk SSD i110 24GB,982
SanDisk SSD i110 32GB,1379
SanDisk SSD i110 64GB,1473
SanDisk SSD i110 128GB,1824
SanDisk SSD P4 16GB,516
SanDisk SSD P4 32GB,706
SanDisk SSD P4 64GB,659
SanDisk SSD P4 SLC 16GB,782
SanDisk SSD P4 SLC 64GB,575
Sandisk SSD PLUS 1TB,3370
SanDisk SSD Plus 1TB A3N,23408
Sandisk SSD PLUS 2TB,4088
SanDisk SSD Plus 2TB A3N,25371
SanDisk SSD PLUS 120GB,2137
SanDisk SSD PLUS 240GB,2574
SanDisk SSD Plus 250GB A3N,13477
SanDisk SSD PLUS 480GB,2742
SanDisk SSD PLUS 500GB,3070
SanDisk SSD Plus 500GB A3N,14560
SanDisk SSD PLUS 1000GB,2764
SanDisk SSD PLUS 2000GB,2374
SanDisk SSD U100,1431
SanDisk SSD U100 8GB,525
SanDisk SSD U100 16GB,625
SanDisk SSD U100 24GB,1349
SanDisk SSD U100 32G,433
SanDisk SSD U100 32GB,1105
SanDisk SSD U100 64GB,1598
SanDisk SSD U100 124GB,1603
SanDisk SSD U100 128GB,1905
SanDisk SSD U100 256GB,1845
SanDisk SSD U100 SMG2,1351
SanDisk SSD U110 64GB,1670
SanDisk SSD U110 128GB,1539
SanDisk Ultra2 960GB,8561
SanDisk Ultra 3D NVMe,16989
SanDisk Ultra 3D NVMe 1TB,24254
SanDisk Ultra 3D NVMe 2TB,30664
SanDisk Ultra 240GB,4503
SanDisk Ultra 960GB,4618
SanDisk Ultra Fit USB 32GB,386
SanDisk Ultra Fit USB 64GB,285
SanDisk Ultra II 1TB,4224
SanDisk Ultra II 240GB,4162
SanDisk Ultra II 250GB,4146
SanDisk Ultra II 480GB,4195
SanDisk Ultra II 500GB,4397
SanDisk Ultra II 960GB,4173
SanDisk Ultra USB,402
SanDisk Ultra USB 3.0 USB,2705
SanDisk Ultra USB 32GB,455
SanDisk Ultra USB 64GB,373
SanDisk Ultra USB 128GB,342
SanDisk X110 2.5 7MM 128GB,2826
SanDisk X110 2.5 7MM 256GB,3068
SanDisk X110 M.2 2260 64GB,2578
SanDisk X110 M.2 2260 128GB,2864
SanDisk X110 MSATA 128GB,2963
SanDisk X300 2.5 7MM 128GB,2895
SanDisk X300 2.5 7MM 256GB,4064
SanDisk X300 256GB,3481
SanDisk X300 M.2 2280 128GB,2995
SanDisk X300 MSATA 128GB,3110
SanDisk X300 MSATA 256GB,4016
SanDisk X400,4002
SanDisk X400 2.5 7MM 128GB,3537
SanDisk X400 2.5 7MM 256,3932
SanDisk X400 2.5 7MM 256GB,4054
SanDisk X400 2.5 7MM 512GB,4597
SanDisk X400 M.2 2280 25,4638
SanDisk X400 M.2 2280 128GB,3660
SanDisk X400 M.2 2280 256GB,4336
SanDisk X400 M.2 2280 512GB,4434
SanDisk X600 2.5 7MM 128GB,3653
SanDisk X600 2.5 7MM 256GB,4473
SanDisk X600 2.5 7MM 512GB,4472
SanDisk X600 M.2 2280 128GB,3505
SanDisk X600 M.2 2280 256GB,4478
SanDisk X600 M.2 2280 256GB SED,4702
SanDisk X600 M.2 2280 512GB,4812
SanDisk X600 M.2 2280 512GB SED,5123
SanDisk Z400s 2.5 7MM 128GB,2704
SanDisk Z400s 2.5 7MM 256GB,3159
SanDisk Z400s M.2 2242 32GB,1189
SanDisk Z400s M.2 2280 128GB,2701
SanDisk Z400s M.2 2280 256GB,4908
SanPin-mSATA-128GB,2467
SANZANG,37058
SATA3 2TB SSD,2329
SATA3 60GB SSD,1817
SATA3 64GB SSD,1646
SATA3 128GB SSD,2448
SATA3 256GB SSD,2609
SATA3 512GB SSD,3446
SATA CV8-CE128,3205
SATA CVB-8D256,4002
SATA CVB-CD128,2950
SATA III MLC 120GB SSD,3054
SATA SSD,3682
SATA SSD 1TB,3465
SATA SSD 120GB,2132
SATA SSD 128GB,2680
SATA SSD 240GB,2114
SATA SSD 480GB,2765
SATA SSD 512GB,2945
SATA SSD QUMO 240GB,2121
SATA3 SSD 120GB,1821
SATA3 SSD 256GB,3491
SATA3 SSD 512GB,2618
SATADOM-ML 3MS4,2622
SB2,4129
SB M2 SSD,1481
SBe M2 SSD,1213
SBe mSATA SSD,1335
SBSSD240-HLX-25S3,2748
SBSSD256-STE14-M2P3,20347
SBSSD512-STE14-M2P3,21577
SBSSD-256GT-MX902-25S3,4146
SC2 M2 SSD,1792
SC550 512GB,3289
SC-25 256GB,2865
SCCTP-800-256G SSD,15728
SCCTP-800-512G SSD,19297
SCCTS-603-128G SSD,4011
SCCTS-603-256G SSD,3644
SCCTS-603-512G SSD,4002
SCCTS-606-256G SSD,4123
SCUDA 128GB SSD,2561
SCUDA 256GB SSD,2994
SCUDA 512GB SSD,2813
SCUDA M.2 PCIe 256GB,14097
SCWLF 128GB SSD,3049
SCY 256GB N10C,3924
SCY C500 512GB,4166
SCY C3000 256GB,15697
SCY C3000 512GB,19886
SCY S5000 512G,21421
SCY SMM5T1G12800D 128GB,7851
SCY SMM5T1G25600D 256GB,15085
SCY SMM5T1G51200D 512GB,18773
SCY SMM7BEG51200D 512GB,18211
SCY SMM7BET00100D 1TB,22317
SCY SMM8BEG51200D,29142
SCY SMM78GG25600D 256GB,12892
SCY SMM78GG51200D 512GB,17850
SCY SMM88HG51200D 512GB,29865
SCY SMM88HT00100D 1TB,33310
SCY SMSGB5G25600D 256GB,4256
SCY SMSGB6G51200D 512GB,12116
SCY SMSV8HG51200D 512GB,31380
SCY SNM4T1G25600D 256GB,4072
SCY SNM4T1G51200D 512GB,3902
SD Ultra 3D 1TB,3537
SD Ultra 3D 2TB,4090
SD Ultra 3D 500GB,2873
SD Ultra 3D 1000GB,3490
SDDPTQD-1T00-1124-WD,29402
SDDPTQD-256G-1124-WD,20336
SDDPTQD-512G-1124-WD,28164
SDEZS25-240G-Z01,2735
SDEZS25-480G-Z01,2763
SDLF1CRR-019T-1H23,4064
SDM8SI240A,2612
SDM8SI480A,2544
SDM12SI1TA,11166
SDM12SI512A,11534
SDVPM21910128,2974
SDVPM21910256,3329
SDVPNV1910512,11430
SDVPNV1910512TMYTHK,15706
SDVPNV1911000TMYTHK,14938
SDVPNV2310256TMSB5HK,14647
SDVPNV2310512TMSB5HK,17358
SDVPNV2310512TMYWHK47,35143
SDVPNV2311000TMSB5HK,20647
SDVPNV2410256TMHV7HK,13360
SDVPNV2410512TMHV7HK,19763
SDVPSA181024,2584
SDVPSA1910128,2299
SDVPSA1910256,2846
SDXC,7762
SE005-960GB-H,4830
SE801 1TB,4000
SE801 512GB,4100
Seagate Barracuda 2TB Hard Drive,1311
Seagate BarraCuda 4TB Drive,10020
Seagate BarraCuda 8TB Drive,3340
Seagate BarraCuda 120 SSD ZA250CM10003,4004
Seagate BarraCuda 120 SSD ZA500CM10003,4938
Seagate BarraCuda 120 SSD ZA1000CM10003,5131
Seagate BarraCuda 120 SSD ZA2000CM10003,5117
SEAGATE Barracuda 500GB Drive,3438
Seagate BarraCuda 510 SSD ZP250CM30001,11291
Seagate BarraCuda 510 SSD ZP256CM30011,10651
Seagate BarraCuda 510 SSD ZP500CM30001,16797
Seagate BarraCuda 510 SSD ZP512CM30011,16067
Seagate BarraCuda 510 SSD ZP1000CM30001,21685
Seagate BarraCuda Q1 SSD ZA240CV10001,3464
Seagate BarraCuda Q1 SSD ZA480CV10001,3988
Seagate BarraCuda Q1 SSD ZA960CV10001,3985
Seagate BarraCuda Q5 ZP500CV30001,11347
Seagate BarraCuda Q5 ZP1000CV30001,14563
Seagate BarraCuda Q5 ZP2000CV30001,15152
Seagate BarraCuda SSD ZA250CM10002,3300
Seagate BarraCuda SSD ZA500CM10002,4058
Seagate BarraCuda SSD ZA1000CM10002,4360
Seagate BarraCuda SSD ZA2000CM10002,4179
Seagate BarraCude Pro ST10000DM0004,1617
Seagate BUP Slim BK,656
Seagate Expansion Desk,1326
Seagate FireCuda,30564
Seagate FireCuda 120 SSD ZA500GM10001,4585
Seagate FireCuda 120 SSD ZA1000GM10001,4350
Seagate FireCuda 120 SSD ZA2000GM10001,4467
Seagate FireCuda 510 SSD ZP250GM30001,11482
Seagate FireCuda 510 SSD ZP500GM30001,19129
Seagate FireCuda 510 SSD ZP500GM30021,18366
Seagate FireCuda 510 SSD ZP1000GM30001,21066
Seagate FireCuda 510 SSD ZP1000GM30031,19657
Seagate FireCuda 510 SSD ZP2000GM30001,22507
Seagate FireCuda 520 1TB SSD,28877
Seagate FireCuda 520 2TB SSD,30160
Seagate FireCuda 520 500GB SSD,21498
Seagate FireCuda 530 1TB SSD,47270
Seagate FireCuda 530 1TB with Heatsink,41651
Seagate FireCuda 530 2TB,49479
Seagate FireCuda 530 2TB SSD,50704
Seagate FireCuda 530 4TB,45223
Seagate FireCuda 530 4TB with Heatsink,47616
Seagate FireCuda 530 500GB,31262
Seagate FireCuda 530 ZP500GM30023,31678
Seagate FireCuda 530 ZP1000GM30013,43588
Seagate FireCuda 530 ZP2000GM30023,44395
Seagate FireCuda 530R 1TB SSD with Heatsink,50779
Seagate FireCuda 540 1TB SSD,53488
Seagate FireCuda 540 2TB SSD,62328
Seagate Firecuda Lightsaber 2TB,49607
Seagate FireCuda SE SSD ZP500GM30033,35062
Seagate FireCuda SE SSD ZP1000GM30033,42536
Seagate Game Drive 1TB SSD,41425
Seagate Game Drive PS5 2TB SSD,47918
Seagate Game Drive ZP1000GP300001,41717
Seagate IronWolf NAS 4TB,1104
Seagate IronWolf NAS 8TB,8709
Seagate IronWolf ZA500NM10002,3599
Seagate IronWolf ZA2000NM10002,5365
Seagate Nytro Client 141 ZA256CM10002,3791
Seagate Skyhawk 4TB Drive,4024
SEAGATE SMSKP0001TBAT07K,970
Seagate SSD,5693
Seagate ST05G0SS2D02Q,3581
Seagate ST05G0SS2D52S,4535
Seagate ST15G2SS2D03S,3911
Seagate ST15G2SS3D07,3671
Seagate ST15G2SS3D07S,4227
Seagate ST15G2SS4D02I,3983
Seagate ST15G2TM2E02S,14934
Seagate ST15G2TM4S03S,4145
Seagate ST15G2TM6S00,4299
Seagate ST15G2TM8S00,3993
Seagate ST15G2TM8S03S,3930
Seagate ST21G0SS2D02S,2852
Seagate ST21G0TM4S02S,3124
Seagate ST21G0TM8S02S,3006
Seagate ST21G8SM2A03S,3092
Seagate ST21G8SM3A07,2718
Seagate ST21G8SM4A07,2652
Seagate ST21G8SS2D03S,3135
Seagate ST21G8SS3D02,2661
Seagate ST21G8SS3D06S,2268
Seagate ST21G8SS3D07,2682
Seagate ST21G8SS3D07S,2907
Seagate ST21G8SS4D02K,3151
Seagate ST21G8SS4D07P,3492
Seagate ST21G8SS4D25K,3005
Seagate ST21G8SS7D02,2751
Seagate ST21G8TM1E01S,6808
Seagate ST21G8TM4S00,2785
Seagate ST21G8TM4S00S,3235
Seagate ST21G8TM4S03S,3276
Seagate ST21G8TM5S06T,3666
Seagate ST21G8TM5S07,2161
Seagate ST21G8TM8S00,2897
Seagate ST21G8TM8S03S,2955
Seagate ST21G8TM9S25T,3330
Seagate ST21G8TM9S252T,3165
Seagate ST21X8TBTMD385G,3006
Seagate ST23MGAS730,1363
Seagate ST42G0SS2D02,4138
Seagate ST42G0SS2D02S,2973
Seagate ST42G0TM4S02S,3511
Seagate ST42G0TM8S02S,3081
Seagate ST46MGAS54T22,1953
Seagate ST46MGAS730,2002
Seagate ST46MGST040,2585
Seagate ST46MGST080,2449
Seagate ST52G0SS2D52S,4182
Seagate ST52G0TM4S52S,3661
Seagate ST52G6SM2A03S,3654
Seagate ST52G6SM3A07,3386
Seagate ST52G6SS2D03S,3557
Seagate ST52G6SS3D02,3044
Seagate ST52G6SS3D06S,2839
Seagate ST52G6SS3D07,3347
Seagate ST52G6SS3D07S,3703
Seagate ST52G6SS4D07K,4186
Seagate ST52G6SS4D27K,3264
Seagate ST52G6SS7D02,2773
Seagate ST52G6TM1E01S,9986
Seagate ST52G6TM4S00,3649
Seagate ST52G6TM4S00S,4327
Seagate ST52G6TM4S03S,4092
Seagate ST52G6TM6S00,3619
Seagate ST52G6TM8S00,3791
Seagate ST52G6TM8S00TG,3237
Seagate ST52G6TM8S03S,3706
Seagate ST84G0SS2D02S,3490
Seagate ST84G0TM4S02S,3901
Seagate ST84G0TM8S02S,2771
Seagate ST120FN0021,2492
SEAGATE ST120FP0021,2795
Seagate ST120HM000,3400
Seagate ST120HM001,3438
Seagate ST160LM003,562
Seagate ST160LT000,530
Seagate ST160LT007,463
Seagate ST200FP0021,4021
SEAGATE ST240FP0,3896
Seagate ST240FP0021,3523
Seagate ST240HM0 00,2748
Seagate ST240HM000,3673
Seagate ST250DM000,717
Seagate ST250DM000-1BD14,551
Seagate ST250DM001,908
Seagate ST250LM000,479
Seagate ST250LM004,576
Seagate ST250LT002,455
Seagate ST250LT003,455
Seagate ST250LT007,489
Seagate ST250LT012,693
Seagate ST250LT014,509
Seagate ST250LT020,344
Seagate ST320DM000,635
Seagate ST320DM001,906
Seagate ST320LM000,497
Seagate ST320LM001,562
Seagate ST320LM010,687
Seagate ST320LT000,529
Seagate ST320LT007,640
Seagate ST320LT009,535
Seagate ST320LT012,511
Seagate ST320LT014,482
Seagate ST320LT020,451
Seagate ST320LT022,463
Seagate ST320LT023,488
Seagate ST320VT000,533
SEAGATE ST400FM0053,5693
SEAGATE ST480FP0021,3959
Seagate ST480HM000,3570
Seagate ST480HM001,3378
Seagate ST500DL001,661
Seagate ST500DM0 02-1BC142,707
Seagate ST500DM002,1400
Seagate ST500DM003,741
Seagate ST500DM005,871
Seagate ST500DM009,1049
Seagate ST500LM000,647
Seagate ST500LM001,729
Seagate ST500LM011,552
Seagate ST500LM012,610
Seagate ST500LM020,519
Seagate ST500LM021,841
Seagate ST500LM023,725
Seagate ST500LM024,839
Seagate ST500LM030,601
Seagate ST500LM034,879
Seagate ST500LM036,691
Seagate ST500LT012,655
Seagate ST500LT015,703
Seagate ST500LT015-1DJ142,690
Seagate ST500LT025,628
Seagate ST500LT032,601
Seagate ST500LT032-1E91,641
Seagate ST500LX003,615
Seagate ST500LX005,534
Seagate ST500LX012,586
Seagate ST500LX025,592
Seagate ST500NM0011,840
Seagate ST500UM000,572
Seagate ST500UM001,624
Seagate ST500VM000,874
Seagate ST500VT000,640
Seagate ST500VT001,643
SEAGATE ST600MM0006,1165
Seagate ST640LM000,541
Seagate ST640LM001,531
Seagate ST750LM000,605
Seagate ST750LM022,994
Seagate ST750LM030,630
Seagate ST750LX003,661
SEAGATE ST900MM0006,1230
Seagate ST1000DL002,722
Seagate ST1000DL003,779
Seagate ST1000DL004,686
Seagate ST1000DM000,752
Seagate ST1000DM2,3018
Seagate ST1000DM003,3288
Seagate ST1000DM003-1CH1,1091
Seagate ST1000DM005,803
Seagate ST1000DM010,1368
Seagate ST1000DM014,3905
Seagate ST1000DM 003-1CH162,1142
Seagate ST1000DX001,1266
Seagate ST1000DX002,921
Seagate ST1000LM010,529
Seagate ST1000LM014,666
Seagate ST1000LM015,763
Seagate ST1000LM024,667
Seagate ST1000LM035,771
Seagate ST1000LM044,785
Seagate ST1000LM048,1123
Seagate ST1000LM049,1337
Seagate ST1000LM 048-2E7172,596
Seagate ST1000LX001,695
Seagate ST1000LX015,619
Seagate ST1000NC000,1197
Seagate ST1000NC001,1268
Seagate ST1000NM0008,2229
Seagate ST1000NM0011,899
Seagate ST1000NM0033,1067
Seagate ST1000NM0055,1358
Seagate ST1000NM 0011,897
Seagate ST1000UM000,624
Seagate ST1000VM002,963
Seagate ST1000VM002-1ET162,963
Seagate ST1000VN002,953
Seagate ST1000VT001,579
Seagate ST1000VX000,1063
Seagate ST1000VX001,1126
Seagate ST1000VX005,1039
Seagate ST1500DL001,694
Seagate ST1500DL003,690
Seagate ST1500DL003-9VT1,708
Seagate ST1500DM003,1056
Seagate ST1500DM003-9YN1,987
Seagate ST1500DM003-9YN16G,973
Seagate ST1500LM006,661
Seagate ST2000DL001,756
Seagate ST2000DL003,728
Seagate ST2000DL004,805
Seagate ST2000DM4,1111
Seagate ST2000DM005,734
Seagate ST2000DM006,1365
Seagate ST2000DM006-2DM1,1034
Seagate ST2000DM008,2479
Seagate ST2000DM009,1253
Seagate ST2000DX001,948
Seagate ST2000DX002,1268
Seagate ST2000LM003,2652
Seagate ST2000LM007,688
Seagate ST2000LM015,1538
Seagate ST2000LX001,956
Seagate ST2000NC000,1248
Seagate ST2000NM000A,1704
Seagate ST2000NM0011,871
SEAGATE ST2000NM0033,1114
Seagate ST2000NM0055,1248
Seagate ST2000VM002,892
Seagate ST2000VM003,997
Seagate ST2000VM003-1ET164,909
Seagate ST2000VN000,989
Seagate ST2000VN004,778
Seagate ST2000VX000,1107
Seagate ST2000VX000-9YW164,1102
Seagate ST2000VX002,741
Seagate ST2000VX003,847
Seagate ST2000VX007,822
Seagate ST2000VX008,933
Seagate ST2000VX017,10289
Seagate ST3000DM001,1940
Seagate ST3000DM003,1038
Seagate ST3000DM6,1335
Seagate ST3000DM007,811
Seagate ST3000DM008,2371
Seagate ST3000NM0033,1167
Seagate ST3000NM0053,1094
Seagate ST3000VN000,966
Seagate ST3000VN007,1050
Seagate ST3000VX000,1063
Seagate ST4000DM000,1364
Seagate ST4000DM004,4236
Seagate ST4000DM006,1166
Seagate ST4000DX001,912
Seagate ST4000LM024,3083
Seagate ST4000NE001,1418
Seagate ST4000NE0025,1213
Seagate ST4000NM0033,1230
Seagate ST4000NM0035,8399
Seagate ST4000NM0165,8173
Seagate ST4000VN008,4498
Seagate ST4000VX000,928
Seagate ST5000DM000,793
Seagate ST5000LM000,488
Seagate ST5000NM0024,1125
Seagate ST6000DM003,868
Seagate ST6000VN0041,1477
Seagate ST6000VX001,1986
Seagate ST8000DM0004,14076
Seagate ST8000DM006,1487
Seagate ST8000DX001,29545
Seagate ST8000NE001,26817
Seagate ST8000NM000A,1513
Seagate ST8000NM004A,1793
Seagate ST8000NM017B,1586
Seagate ST8000NM0055,1517
Seagate ST8000NM0205,1549
Seagate ST8000NT001,1577
Seagate ST8000VE000,1855
Seagate ST8000VE001,1370
Seagate ST8000VN002,1249
Seagate ST8000VN0022,15130
Seagate ST8000VX010,1106
Seagate ST8000VX0022,1581
Seagate ST10000DM0004,1342
Seagate ST10000NE0004,1434
Seagate ST10000NM0016,1522
Seagate ST10000NM0046,1453
Seagate ST10000NM0156,19329
Seagate ST10000NM0478,1734
Seagate ST10000NT001,1496
Seagate ST10000VN0004,8673
Seagate ST10000VX0004,1486
Seagate ST12000NM000J,1508
Seagate ST12000NM001G,34460
Seagate ST12000NM002H,1668
Seagate ST12000NM0127,1431
Seagate ST12000VN0007,1736
Seagate ST12000VN0008,1549
Seagate ST14000NM001G,1939
Seagate ST14000VN0008,1186
Seagate ST16000NE000,27182
Seagate ST16000NM000J,1724
Seagate ST16000NM001G,4256
Seagate ST18000NM000J,27911
Seagate ST18000NM002J,1307
Seagate ST20000NM007D,24376
Seagate ST24000DM001,14923
Seagate ST310211A,248
Seagate ST310212A,120
Seagate ST320011A,199
Seagate ST320014A,179
Seagate ST320410A,155
Seagate ST320413A,179
Seagate ST320423A,124
Seagate ST330013A,248
Seagate ST330062 0AS,417
Seagate ST330621A,174
Seagate ST332031 0CS,542
Seagate ST332041 8AS,600
Seagate ST332082 0AS,437
Seagate ST332082 0SCE,491
Seagate ST340014A,288
Seagate ST340014AS,306
Seagate ST340015A,234
Seagate ST340016A,247
Seagate ST340017A,230
Seagate ST340062 0AS,432
Seagate ST340083 2AS,446
Seagate ST340211AS,343
Seagate ST340212AS,308
Seagate ST340810A,161
Seagate ST340823A,175
Seagate ST340824A,214
Seagate ST350032 0AS,601
Seagate ST350032 0NS,646
Seagate ST350041 0SV,791
Seagate ST350041 2AS,633
Seagate ST350041 4CS,643
Seagate ST350041 8AS,767
Seagate ST350063 0AS,456
Seagate ST350064 1AS,321
Seagate ST360012A,227
Seagate ST360014A,349
Seagate ST360015A,252
Seagate ST360020A,159
Seagate ST360021A,238
SEAGATE ST373454LW,491
SEAGATE ST373455SS,750
Seagate ST380011A,291
Seagate ST380011AS,330
Seagate ST380012A,263
Seagate ST380012ACE,265
Seagate ST380013A,331
Seagate ST380013AS,346
Seagate ST380020A,171
Seagate ST380021A,232
Seagate ST380022A,247
Seagate ST380023A,240
Seagate ST380023AS,238
Seagate ST380211AS,361
Seagate ST380215A,371
Seagate ST380215AS,410
Seagate ST380215SCE,376
Seagate ST380811 0AS,380
Seagate ST380811 AS,388
Seagate ST380811AS,384
Seagate ST380815 AS,422
Seagate ST380815AS,393
Seagate ST380817AS,336
Seagate ST380819AS,364
Seagate ST910021A,257
Seagate ST910021AS,281
Seagate ST3100011A,334
Seagate ST3120022A,302
Seagate ST3120023A,253
Seagate ST3120025A,284
Seagate ST3120025ACE,298
Seagate ST3120026A,293
Seagate ST3120026AS,328
Seagate ST3120211AS,341
Seagate ST3120213A,319
Seagate ST3120213AS,335
Seagate ST3120215AS,392
Seagate ST3120811AS,331
Seagate ST3120813AS,330
Seagate ST3120814A,341
Seagate ST3120827AS,340
SEAGATE ST3146356SS,944
SEAGATE ST3146755SS,557
SEAGATE ST3146855SS,849
Seagate ST3160021A,320
Seagate ST3160022A,261
Seagate ST3160022ACE,278
Seagate ST3160023A,324
Seagate ST3160023AS,340
Seagate ST3160211AS,392
Seagate ST3160212A,370
Seagate ST3160212ACE,382
Seagate ST3160212AS,388
Seagate ST3160212SCE,445
Seagate ST3160215A,334
Seagate ST3160215ACE,394
Seagate ST3160215AS,382
Seagate ST3160215SCE,424
Seagate ST3160310CS,524
Seagate ST3160316AS,511
Seagate ST3160316CS,538
Seagate ST3160318AS,597
Seagate ST3160811AS,427
Seagate ST3160812A,388
Seagate ST3160812AS,424
Seagate ST3160813AS,652
Seagate ST3160815A,376
Seagate ST3160815AS,417
Seagate ST3160815SV,469
Seagate ST3160827AS,347
Seagate ST3160828AS,329
Seagate ST3200021A,318
Seagate ST3200820A,416
Seagate ST3200820AS,409
Seagate ST3200822A,346
Seagate ST3200822AS,379
Seagate ST3200826A,363
Seagate ST3200826AS,334
Seagate ST3200827A,380
Seagate ST3200827AS,378
Seagate ST3250310AS,537
Seagate ST3250310CS,572
Seagate ST3250310NS,620
Seagate ST3250310SV,569
Seagate ST3250312AS,677
Seagate ST3250312CS,668
Seagate ST3250318AS,686
Seagate ST3250410AS,562
Seagate ST3250412CS,595
Seagate ST3250620A,427
Seagate ST3250620AS,467
Seagate ST3250620NS,409
Seagate ST3250623A,390
Seagate ST3250624A,357
Seagate ST3250624AS,382
Seagate ST3250820A,405
Seagate ST3250820AS,465
Seagate ST3250820ASP,468
Seagate ST3250820ASQ,455
Seagate ST3250820NS,441
Seagate ST3250820SCE,445
Seagate ST3250820SV,505
Seagate ST3250823A,382
Seagate ST3250823AS,403
Seagate ST3250824A,346
Seagate ST3250824AS,378
Seagate ST3250824ASP,484
SEAGATE ST3300555SS,626
Seagate ST3300620A,376
Seagate ST3300620AS,441
Seagate ST3300622A,385
Seagate ST3300622AS,393
Seagate ST3300631A,422
Seagate ST3300631AS,371
SEAGATE ST3300655SS,822
SEAGATE ST3300656SS,946
SEAGATE ST3300657SS,1069
Seagate ST3300820AS,427
Seagate ST3300820SCE,464
Seagate ST3300822AS,381
Seagate ST3300831A,340
Seagate ST3300831AS,372
Seagate ST3300831SCE,370
Seagate ST3320310CS,582
Seagate ST3320311CS,541
Seagate ST3320413AS,643
Seagate ST3320413CS,615
Seagate ST3320418AS,621
Seagate ST3320613AS,632
Seagate ST3320620A,450
Seagate ST3320620AS,432
Seagate ST3320620NS,483
Seagate ST3320620SV,479
Seagate ST3320633AS,427
Seagate ST3320813AS,633
Seagate ST3320820A,382
Seagate ST3320820ACE,365
Seagate ST3320820AS,433
Seagate ST3320820ASP,426
Seagate ST3320820SCE,448
Seagate ST3320833AS,399
Seagate ST3360320AS,527
Seagate ST3360832AS,536
Seagate ST3400620A,354
Seagate ST3400620AS,424
Seagate ST3400620NS,458
Seagate ST3400632A,392
Seagate ST3400633A,405
Seagate ST3400633AS,367
Seagate ST3400820AS,426
Seagate ST3400832A,402
Seagate ST3400832AS,393
Seagate ST3400832NS,377
Seagate ST3400833AS,355
Seagate ST3402111A,239
Seagate ST3402111AS,287
SEAGATE ST3450856SS,1012
SEAGATE ST3450857SS,1311
Seagate ST3500312CS,634
Seagate ST3500320AS,596
Seagate ST3500320NS,554
Seagate ST3500320SV,635
Seagate ST3500321CS,462
Seagate ST3500410AS,761
Seagate ST3500410SV,628
Seagate ST3500411SV,694
Seagate ST3500412AS,650
Seagate ST3500413AS,803
Seagate ST3500414CS,624
Seagate ST3500418AS,714
Seagate ST3500418ASQ,592
Seagate ST3500514NS,841
Seagate ST3500620AS,624
Seagate ST3500630A,402
Seagate ST3500630AS,466
Seagate ST3500630ASP,484
Seagate ST3500630NS,456
Seagate ST3500630NSQ,468
Seagate ST3500641AS,348
Seagate ST3500641NS,379
Seagate ST3500820AS,668
Seagate ST3500830A,386
Seagate ST3500830AS,465
Seagate ST3500830SCE,437
Seagate ST3500841AS,346
SEAGATE ST3600057SS,1144
Seagate ST3640323AS,655
Seagate ST3640623AS,642
Seagate ST3750330AS,635
Seagate ST3750330NS,632
Seagate ST3750330SV,645
Seagate ST3750523AS,675
Seagate ST3750525AS,1024
Seagate ST3750528AS,660
Seagate ST3750630AS,555
Seagate ST3750640A,373
Seagate ST3750640AS,458
Seagate ST3750640NS,477
Seagate ST3750641NS,503
Seagate ST3750840AS,413
Seagate ST3802110A,331
Seagate ST3802110AS,379
Seagate ST3808110AS,427
Seagate ST9100821AS,303
Seagate ST9100822A,149
Seagate ST9100823A,215
Seagate ST9100824A,223
Seagate ST9100824AS,208
Seagate ST9100825A,136
Seagate ST9100828A,208
Seagate ST9100828AS,249
Seagate ST9120310AS,308
Seagate ST9120411ASG,473
Seagate ST9120817AS,329
Seagate ST9120821A,245
Seagate ST9120821AS,244
Seagate ST9120822A,266
Seagate ST9120822AS,258
Seagate ST9120823AS,332
Seagate ST9120823ASG,340
SEAGATE ST9146853SS,1263
Seagate ST9160301AS,337
Seagate ST9160310AS,380
Seagate ST9160314AS,322
Seagate ST9160314ASG,425
Seagate ST9160411AS,462
Seagate ST9160411ASG,473
Seagate ST9160412AS,464
Seagate ST9160412ASG,403
Seagate ST9160414ASG,427
Seagate ST9160418ASG,468
Seagate ST9160821A,251
Seagate ST9160821AS,251
Seagate ST9160823AS,352
Seagate ST9160823ASG,327
Seagate ST9160827AS,402
Seagate ST31000322CS,624
Seagate ST31000333AS,652
Seagate ST31000340AS,568
Seagate ST31000340NS,662
Seagate ST31000340SV,646
Seagate ST31000424CS,617
Seagate ST31000520AS,685
Seagate ST31000521AS,730
Seagate ST31000523AS,650
Seagate ST31000524AS,708
Seagate ST31000524NS,805
Seagate ST31000525SV,728
Seagate ST31000526SV,690
Seagate ST31000528AS,707
Seagate ST31000528ASQ,583
Seagate ST31000533CS,750
Seagate ST31500341AS,662
Seagate ST31500541AS,533
Seagate ST32000542AS,651
Seagate ST32000641AS,738
Seagate ST32000644NS,719
Seagate ST32000645NS,1033
Seagate ST33000650NS,894
Seagate ST33000651AS,747
Seagate ST91000640NS,707
Seagate ST91208220AS,237
Seagate ST91603110CS,311
Seagate ST91608220AS,251
