Bench_Name,Score
A-DATA Technology AD5U48008G-B 8GB,17.8
A-DATA Technology AD5U480016G-B 16GB,17.9
A-DATA Technology AX5U5200C3816G-B 16GB,17.8
A-DATA Technology AX5U6000C4016G-B 16GB,19.0
Corsair CM5S16GM4800A40K2 16GB,13.4
Corsair CM5S16GM4800A40N2 16GB,13.9
Corsair CMH32GX5M2B5200C40 16GB,19.1
Corsair CMH32GX5M2B5600C36 16GB,20.2
Corsair CMH32GX5M2B5600C40 16GB,19.0
Corsair CMH32GX5M2B6000C40 16GB,21.7
Corsair CMH32GX5M2B6200C36 16GB,23.5
Corsair CMK5S16G3B52C40A2 16GB,20.0
Corsair CMK5S32G3B56Z40A2 32GB,21.1
Corsair CMK32GX5M2A4800C40 16GB,16.8
Corsair CMK32GX5M2B5200C40 16GB,17.9
Corsair CMK32GX5M2B5600C36 16GB,18.7
Corsair CMK32GX5M2B6000C36 16GB,20.1
Corsair CMK32GX5M2B6200C36 16GB,22.1
Corsair CMK32GX5M2D6000C36 16GB,20.1
Corsair CMK32GX5M2X5600C32 16GB,20.5
Corsair CMK32GX5M2X6400C38 16GB,20.3
Corsair CMK64GX5M2B5200C40 32GB,18.3
Corsair CMK64GX5M2B5600C40 32GB,20.6
Corsair CMT5S16G3A48C40A2 16GB,17.8
Corsair CMT5S32G3A48C40A2 32GB,19.5
Corsair CMT32GX5M2B5200C38 16GB,17.9
Corsair CMT32GX5M2B5200C40 16GB,17.5
Corsair CMT32GX5M2B5600C36 16GB,19.7
Corsair CMT32GX5M2X5600C36 16GB,17.1
Corsair CMT32GX5M2X6000C36 16GB,22.2
Corsair CMT32GX5M2X6200C36 16GB,20.4
Corsair CMT32GX5M2X6600C32 16GB,24.7
Corsair CMT64GX5M2B5200C40 32GB,18.6
Corsair CMT64GX5M2X5600C40 32GB,19.5
Corsair CMTS16GM4800A40T2 16GB,13.3
Crucial Technology CT8G48C40U5.M4A1 8GB,17.5
Crucial Technology CT16G48C40U5.M8A1 16GB,17.5
Crucial Technology CT32G48C40U5.M16A1 32GB,17.9
G Skill Intl F5-5200U4040A16G 16GB,19.5
G Skill Intl F5-5600J2834F32G 32GB,18.6
G Skill Intl F5-5600J3036D16G 16GB,16.9
G Skill Intl F5-5600J3036D32G 32GB,21.8
G Skill Intl F5-5600J3636C16G 16GB,19.7
G Skill Intl F5-5600J3636D32G 32GB,20.2
G Skill Intl F5-5600J4040C16G 16GB,16.3
G Skill Intl F5-5600U3636C16G 16GB,15.6
G Skill Intl F5-6000J3040F16G 16GB,21.6
G Skill Intl F5-6000J3040G32G 32GB,21.9
G Skill Intl F5-6000J3238G32G 32GB,18.8
G Skill Intl F5-6000J3636F16G 16GB,19.0
G Skill Intl F5-6000J4040F16G 16GB,19.0
G Skill Intl F5-6000U3636E16G 16GB,19.6
G Skill Intl F5-6000U4040E16G 16GB,18.2
G Skill Intl F5-6400J3239G16G 16GB,21.2
G Skill Intl F5-6600J3440G16G 16GB,21.1
G Skill Intl F5-6800J3445G16G 16GB,26.4
G Skill Intl F5-7200J3445G16G 16GB,26.0
GIGA - BYTE Technology Co Ltd ARS32G60D5R 16GB,21.5
GIGA - BYTE Technology Co Ltd GP-ARS32G52D5 16GB,18.4
Golden Empire CL34-38-38 D5-5200 16GB,16.7
Kingston 9905782-018.A00G 32GB,20.7
Kingston 9905783-025.A01G 16GB,17.8
Kingston 9905792-015.A00G 8GB,16.4
Kingston KF548C38-8 8GB,18.7
Kingston KF548C38-16 16GB,17.9
Kingston KF548C38-32 32GB,18.9
Kingston KF552C40-8 8GB,19.2
Kingston KF552C40-16 16GB,18.0
Kingston KF552C40-32 32GB,19.7
Kingston KF556C40-8 8GB,17.2
Kingston KF556C40-16 16GB,17.8
Kingston KF556C40-32 32GB,20.3
Kingston KF560C32-16 16GB,20.3
Kingston KF560C36-16 16GB,18.5
Kingston KF560C40-8 8GB,16.9
Kingston KF560C40-16 16GB,19.0
Kingston KF564C32-16 16GB,21.5
Micron Technology MTC8C1084S1UC48BA1 16GB,17.8
Patriot Memory (PDP Systems) 5600 C40 Series 8GB,14.9
Patriot Memory (PDP Systems) 6000 C36 Series 16GB,19.1
Patriot Memory (PDP Systems) 6200 C40 Series 16GB,20.9
"PNY Technologies, Inc. 16GP1X1660HHH76-13-K 16GB",21.6
Samsung M323R2GA3BB0-CQKOD 16GB,14.6
Samsung M323R2GA3BB0-CQKOL 16GB,18.7
Samsung M323R4GA3BB0-CQKOL 32GB,19.1
Team Group Inc. TEAMGROUP-UD5-4800 16GB,15.0
Team Group Inc. UD5-4800 8GB,18.7
Team Group Inc. UD5-5200 16GB,19.0
Team Group Inc. UD5-5600 16GB,20.5
Team Group Inc. UD5-6000 16GB,21.1
Team Group Inc. UD5-6400 16GB,20.4
V-Color Technology Inc. TL51656840-E6PGAWK 16GB,21.2
A Force Manufacturing Ltd. UD-01G64V2133P 8GB,17.9
A-DATA Technology 11137401 8GB,15.1
A-DATA Technology AD4S320038G22-B 8GB,16.3
A-DATA Technology AD4S320038G22-BHYD 8GB,16.7
A-DATA Technology AD4S3200316G22-B 16GB,7.1
A-DATA Technology AD4S3200316G22-BHYD 16GB,17.5
A-DATA Technology AD4U240038G17-BHYA 8GB,14.4
A-DATA Technology AD4U320038G22-B 8GB,16.9
A-DATA Technology AD4U320038G22-BHYD 8GB,19.5
A-DATA Technology AE4S240038G17-BHYA 8GB,15.0
A-DATA Technology AL1P32NC8T1-B91S 8GB,16.0
A-DATA Technology AM1P24HC4R1-BUNS 4GB,15.0
A-DATA Technology AM1P26KC8T1-BAAS 8GB,16.1
A-DATA Technology AM1P26KCST2-BABS 16GB,15.7
A-DATA Technology AM2P24HC4R1-BUPS 4GB,14.5
A-DATA Technology AM2P24HC8T1-BBFS 8GB,16.4
A-DATA Technology AM2P24HC8T1-BUSS 8GB,16.1
A-DATA Technology AM2P26KC8T1-BXRS 8GB,15.9
A-DATA Technology AM2P32NC8W1-BCFS 8GB,17.9
A-DATA Technology AO1E34RCSV1-BD7S 16GB,16.2
A-DATA Technology AO1E34RCSV1-BF1S 16GB,16.5
A-DATA Technology AO1E34RCTV2-BZWS 32GB,16.6
A-DATA Technology AO1P21FC8T1-BSKS 8GB,14.5
A-DATA Technology AO1P24HC4N2-BWCS 4GB,12.9
A-DATA Technology AO1P24HC4R1-BSIS 4GB,15.0
A-DATA Technology AO1P24HC4R1-BUYS 4GB,15.1
A-DATA Technology AO1P24HC8T1-BPGS 8GB,12.9
A-DATA Technology AO1P24HC8T1-BQXS 8GB,15.0
A-DATA Technology AO1P24HC8T1-BSFS 8GB,14.8
A-DATA Technology AO1P24HCST2-BSCS 16GB,17.0
A-DATA Technology AO1P26KC8T1-BC3S 8GB,17.1
A-DATA Technology AO1P26KC8T1-BPXS 8GB,13.1
A-DATA Technology AO1P26KC8T1-BXFSHC 8GB,14.2
A-DATA Technology AO1P26KC8T1-BXPS 8GB,12.0
A-DATA Technology AO1P26KCST2-BWWS 16GB,15.6
A-DATA Technology AO1P26KCST2-BZISHC 16GB,15.6
A-DATA Technology AO1P26KCSV1-BC4S 16GB,16.0
A-DATA Technology AO1P29KC8T1-BY9SSB 8GB,18.4
A-DATA Technology AO1P32MC8T1-BW3S 8GB,18.7
A-DATA Technology AO1P32MCST2-BW4S 16GB,17.6
A-DATA Technology AO1P32MCST2-BZPS 16GB,17.5
A-DATA Technology AO1P32NC8T1-BBVS 8GB,17.9
A-DATA Technology AO1P32NC8T1-BCIS 8GB,16.6
A-DATA Technology AO1P32NC8T1-BCSS 8GB,17.6
A-DATA Technology AO1P32NC8T1-BZ4SHD 8GB,17.1
A-DATA Technology AO1P32NC8W1-BD2SHC 8GB,16.4
A-DATA Technology AO1P32NC8W1-BDAS 8GB,16.1
A-DATA Technology AO1P32NC8W1-BDZS 8GB,16.3
A-DATA Technology AO1P32NCSV1-BDBS 16GB,16.4
A-DATA Technology AO1P32NCSV1-BEWS 16GB,15.2
A-DATA Technology AO1P32NCSV1-BEZS 16GB,15.2
A-DATA Technology AO2P21FC4R1-BRFS 4GB,15.2
A-DATA Technology AO2P21FC8R2-BRGS 8GB,15.5
A-DATA Technology AO2P24HC8T1-BTBS 8GB,16.2
A-DATA Technology AO2P24HCST2-BTCS 16GB,14.5
A-DATA Technology AO2P24HCST2-BTVS 16GB,17.9
A-DATA Technology AO2P24HCST2-BW8S 16GB,14.0
A-DATA Technology AO2P26KC8T1-BPYS 8GB,15.3
A-DATA Technology AO2P26KC8T1-BXGSHC 8GB,17.0
A-DATA Technology AO2P32NC8W1-BD3SHC 8GB,15.1
A-DATA Technology AO2P32NCSV1-BEVS 16GB,19.9
A-DATA Technology AX4S2800316G18-B 16GB,15.4
A-DATA Technology DDR4 2133 2OZ 8GB,14.0
A-DATA Technology DDR4 2400 2OZ 8GB,16.1
A-DATA Technology DDR4 2400 16GB,17.5
A-DATA Technology DDR4 2666 2OZ 4GB,17.0
A-DATA Technology DDR4 2666 8GB,15.7
A-DATA Technology DDR4 2800 2OZ 4GB,15.9
A-DATA Technology DDR4 2800 8GB,19.1
A-DATA Technology DDR4 3000 2OZ 8GB,17.0
A-DATA Technology DDR4 3000 8GB,17.2
A-DATA Technology DDR4 3200 2OZ 4GB,17.4
A-DATA Technology DDR4 3200 8GB,18.9
A-DATA Technology DDR4 3300 2OZ 4GB,22.0
A-DATA Technology DDR4 3333 2OZ 4GB,15.7
A-DATA Technology DDR4 3600 2OZ 8GB,20.2
A-DATA Technology DDR4 3600 8GB,19.9
A-DATA Technology DDR4 4133 2OZ 8GB,19.3
A-DATA Technology DDR4 4133 8GB,19.5
Acer BL.9BWWR.268 8GB,21.2
ACPI Digital Co. Ltd. CMA6-4FA01AAR01A00 4GB,11.9
ADVAN Inc AM42E28UD04T-NVL 4GB,18.2
Advantech Co Ltd SQR-SD4N8G2K6SNBCB 8GB,17.0
Advantech Co Ltd SQR-UD4N16G2K6SNCB 16GB,18.4
AMD R7S44G2606U1S 4GB,18.9
AMD R7S48G2400U2S 8GB,14.2
AMD R7S416G2606U2K 8GB,15.0
AMD R9S48G3206U2S 8GB,20.8
AMD R9S432G3206U2K 16GB,20.7
AMD R744G2133U1S 4GB,13.8
AMD R744G2400U1S 4GB,16.7
AMD R744G2400U1S-UO 4GB,16.7
AMD R744G2606U1S 4GB,15.7
AMD R748G2133U2S 8GB,15.9
AMD R748G2133U2S-UO 8GB,15.0
AMD R748G2400S2S 8GB,15.2
AMD R748G2400U2S 8GB,16.4
AMD R748G2400U2S-UO 8GB,18.2
AMD R748G2606U2S 8GB,15.0
AMD R948G2806U2S 8GB,14.7
AMD R948G3206U2S 8GB,18.8
AMD R7416G2133U2S 16GB,13.5
AMD R7416G2400U2S 16GB,18.1
Antec Memory DDR4-3600 8GB C18 8GB,18.0
Apacer Technology 76.B305G.D500B 4GB,13.9
Apacer Technology 76.C102G.D170B 8GB,16.3
Apacer Technology 76.D105G.D090B 16GB,17.9
Apacer Technology 76.D305G.D060B 16GB,16.6
Apacer Technology 76.D305G.D390B 16GB,14.2
Apacer Technology 78.B1GM3.AF00B 4GB,13.1
Apacer Technology 78.B1GM3.C7W0B 4GB,16.0
Apacer Technology 78.B1GN3.4032B 4GB,13.9
Apacer Technology 78.B1GN3.AZ32B 4GB,16.4
Apacer Technology 78.B1GQB.4010B 4GB,13.5
Apacer Technology 78.B1GS6.AUC0B 4GB,11.7
Apacer Technology 78.BAGM6.40C0B 4GB,13.8
Apacer Technology 78.BAGMD.AF20B 4GB,18.5
Apacer Technology 78.BAGN8.40C0B 4GB,9.6
Apacer Technology 78.BAGN8.AZC0B 4GB,15.9
Apacer Technology 78.BAGNF.40C0B 4GB,18.0
Apacer Technology 78.BAGP4.AR50C 4GB,15.4
Apacer Technology 78.BAGSR.4030B 4GB,14.5
Apacer Technology 78.C1GM3.C7W0B 8GB,13.4
Apacer Technology 78.C1GM3.C7Z0B 8GB,13.0
Apacer Technology 78.C1GM3.C7Z0C 8GB,14.7
Apacer Technology 78.C1GMM.AUC0B 8GB,14.7
Apacer Technology 78.C1GMM.AUF0B 8GB,13.3
Apacer Technology 78.C1GMM.AUW0C 8GB,16.6
Apacer Technology 78.C1GMM.BAC0B 8GB,13.9
Apacer Technology 78.C1GMM.DFW0C 8GB,12.3
Apacer Technology 78.C1GMS.C7Z0C 8GB,16.9
Apacer Technology 78.C1GMW.AUC0B 8GB,13.7
Apacer Technology 78.C1GMW.AZC0B 8GB,17.2
Apacer Technology 78.C1GQ5.C7C0B 8GB,13.0
Apacer Technology 78.C1GQB.4032B 8GB,17.5
Apacer Technology 78.C1GS7.AUC0B 8GB,18.4
Apacer Technology 78.C1GS7.AUW0B 8GB,16.5
Apacer Technology 78.C1GS7.DFW0C 8GB,17.3
Apacer Technology 78.C2GF2.AU00B 8GB,15.4
Apacer Technology 78.C2GF6.AU20B 8GB,12.3
Apacer Technology 78.C2GFA.AF30B 8GB,14.8
Apacer Technology 78.C2GFK.AR20B 8GB,12.8
Apacer Technology 78.C2GFL.C720B 8GB,14.5
Apacer Technology 78.C2GFP.C700B 8GB,14.4
Apacer Technology 78.CAGMR.40C0B 8GB,14.7
Apacer Technology 78.CAGMR.ARC0B 8GB,14.4
Apacer Technology 78.CAGMT.40C0B 8GB,16.3
Apacer Technology 78.CAGN4.4020B 8GB,21.7
Apacer Technology 78.CAGN7.4000C 8GB,16.8
Apacer Technology 78.CAGNK.4040B 8GB,22.1
Apacer Technology 78.CAGNT.4050B 8GB,17.7
Apacer Technology 78.CAGNT.AR40B 8GB,21.6
Apacer Technology 78.CAGP7.40C0B 8GB,15.4
Apacer Technology 78.CAGP7.4020B 8GB,12.6
Apacer Technology 78.CAGP7.AFW0C 8GB,14.0
Apacer Technology 78.CAGP7.AZ20B 8GB,14.4
Apacer Technology 78.CAGP7.AZC0B 8GB,15.9
Apacer Technology 78.CAGP7.C7C0B 8GB,13.6
Apacer Technology 78.CAGP7.C7Z0B 8GB,17.7
Apacer Technology 78.CAGP7.DFW0C 8GB,13.8
Apacer Technology 78.CAGPE.AUF0B 8GB,16.7
Apacer Technology 78.CAGPL.ARC0B 8GB,13.9
Apacer Technology 78.CAGPN.AZ50C 8GB,14.9
Apacer Technology 78.CAGPN.DF40B 8GB,19.0
Apacer Technology 78.CAGPP.40C0B 8GB,16.6
Apacer Technology 78.CAGPP.ARC0B 8GB,13.8
Apacer Technology 78.CAGPP.ARW0B 8GB,11.9
Apacer Technology 78.CAGPW.40C0B 8GB,18.4
Apacer Technology 78.CAGQ7.ARC0B 8GB,15.1
Apacer Technology 78.CAGQE.C750B 8GB,13.5
Apacer Technology 78.CAGR4.40C0B 8GB,16.8
Apacer Technology 78.CAGR4.DFC0B 8GB,9.6
Apacer Technology 78.CAGR9.40C0B 8GB,19.9
Apacer Technology 78.CAGRN.40C0B 8GB,17.4
Apacer Technology 78.CAGSZ.4070B 8GB,16.9
Apacer Technology 78.D1GMM.AU10B 16GB,17.0
Apacer Technology 78.D1GS7.B7B0B 16GB,17.6
Apacer Technology 78.D2GF2.4010B 16GB,17.6
Apacer Technology 78.D2GF2.AU30B 16GB,14.6
Apacer Technology 78.D2GFH.4030B 16GB,18.2
Apacer Technology 78.D2GG7.AU30B 16GB,16.8
Apacer Technology 78.DAGNN.4030B 16GB,17.9
Apacer Technology 78.DAGP2.4030B 16GB,18.3
Apacer Technology 78.DAGQ7.40B0B 16GB,17.0
Apacer Technology 78.DAGRL.4050C 16GB,17.7
Apacer Technology AQD-D4U8GN24-SE 8GB,17.5
Apacer Technology AQD-D4U8GN26-SE 8GB,16.4
Apacer Technology AQD-SD4U4GN24-SG 4GB,14.8
Apacer Technology D12.2324CS.001 8GB,17.5
Apacer Technology D12.2324WT.001 8GB,18.1
Apacer Technology D12.2326WH.001 16GB,16.0
Apacer Technology D12.2344DT.001 4GB,17.6
Apacer Technology D12.2356WS.001 8GB,17.1
Apacer Technology D12.2755BS.001 16GB,15.1
Apacer Technology D22.2221ZA.001 8GB,12.8
Apacer Technology D22.23263S.002 16GB,16.5
Apacer Technology D22.27553S.001 16GB,16.2
Apacer Technology GD2.0918CT.001 4GB,15.2
Apacer Technology GD2.0927WH.001 8GB,15.4
Apacer Technology GD2.1129WH.001 16GB,17.5
Apacer Technology GD2.1140CH.001 4GB,17.2
Apacer Technology GD2.1527CC.002 8GB,20.5
Apacer Technology GD2.1527CS.001 8GB,19.5
Apacer Technology GD2.1527WC.001 8GB,16.7
Apacer Technology GD2.1527WC.002 8GB,16.5
Apacer Technology GD2.1527WE.001 8GB,17.3
Apacer Technology GD2.1527WH.002 8GB,18.8
Apacer Technology GD2.1527WT.001 8GB,15.5
Apacer Technology GD2.1542WS.001 8GB,17.6
Apacer Technology GD2.1542WS.003 8GB,17.3
Apacer Technology GD2.1542WS.004 8GB,15.8
Apacer Technology GD2.1827CS.003 8GB,19.6
Apacer Technology GD2.1831WS.001 16GB,18.1
Apacer Technology GD2.1831WS.002 16GB,17.4
Apacer Technology GD2.1848WS.002 16GB,17.5
Apacer Technology GD2.2229BH.001 16GB,25.5
Apacer Technology GD2.11173T.001 4GB,12.5
Apacer Technology GD2.22428S.001 8GB,17.9
Apacer Technology GD2.111881.002 4GB,16.6
Aquarius Production Company LLC 16G-D4-2666-MR 4GB,19.8
Asgard VMA41UF-MEC1U2BQ2 4GB,15.7
Asgard VMA41UG-MEC1U2AW1 8GB,14.8
Asgard VMA41UH-MEC1U2AW1 16GB,13.7
Asgard VMA42UG-MEC1U2AW1 8GB,17.7
Asgard VMA42UH-MEC1U2AJ2 16GB,16.4
Asgard VMA44UG-MEC1U2AW1 8GB,17.2
Asgard VMA44UI-MEC1U2AW2 32GB,15.3
Asgard VMA45UG-MEC1U2AW1 8GB,11.8
Asgard VMA45UG-MEC1U2AW2 8GB,15.0
Asgard VMA45UG-MEC1U2BQ2 8GB,17.3
Asgard VMA45UG-MEC1U22T3 8GB,18.8
Asgard VMA45UG-MIC1U22T2 8GB,16.2
Asgard VMA45UH-MEC1U2AW2 16GB,17.7
Asgard VMA47UG-MEC1U22T3 8GB,11.5
Asgard VML41UG-MIC1U22T1 8GB,16.4
Atla Electronics Co. Ltd. AD4SST8GT1WB-FQGE 8GB,12.4
ATP Electronics Inc. A4G08QA8BNPBSE 8GB,11.1
ATP Electronics Inc. X4C16QE8BNRCME-E-LI1 16GB,21.4
Avant Technology J641GU42J5213N0 8GB,14.4
Avant Technology J641GU42J5213ND 8GB,11.3
Avant Technology J641GU42J7240N3 8GB,16.7
Avant Technology J641GU42J7240ND 8GB,15.6
Avant Technology J641GU42J9266ND 8GB,15.9
Avant Technology J641GU42J9266NL 8GB,17.1
Avant Technology J641GU48J5213NG 8GB,14.0
Avant Technology J641GU49J2320NE 8GB,16.7
Avant Technology J642GU42J5213N1 16GB,13.3
Avant Technology J642GU42J5213N2 16GB,14.0
Avant Technology J642GU42J5213N4 16GB,13.7
Avant Technology J642GU42J5213NF 16GB,14.2
Avant Technology J642GU42J7240N2 16GB,14.5
Avant Technology J642GU42J7240N4 16GB,15.1
Avant Technology J642GU42J7240NF 16GB,15.7
Avant Technology J642GU42J9266N2 16GB,16.3
Avant Technology J642GU42J9266N4 16GB,17.4
Avant Technology J642GU42J9266NF 16GB,16.1
Avant Technology J642GU44J2320ND 16GB,16.6
Avant Technology J642GU44J9266NL 16GB,15.0
Avant Technology J644GU44J1293NF 32GB,14.4
Avant Technology J644GU44J2320NF 32GB,17.2
Avant Technology J644GU44J2320NQ 32GB,16.7
Avant Technology J644GU44J9266NF 32GB,15.7
Avant Technology J644GU44J9266NQ 32GB,16.1
Avant Technology W641GU42J5213N3 8GB,13.7
Avant Technology W641GU42J5213NC 8GB,15.9
Avant Technology W641GU42J7240NB 8GB,17.6
Avant Technology W641GU42J7240NC 8GB,14.7
Avant Technology W641GU42J9266NB 8GB,16.2
Avant Technology W641GU42J9266NC 8GB,17.7
Avant Technology W641GU48J5213ND 8GB,16.3
Avant Technology W641GU48J7240ND 8GB,16.6
Avant Technology W641GU67J5213N8 8GB,17.8
Avant Technology W641GU67J7240N8 8GB,14.8
Avant Technology W642GU42J2320NH 16GB,18.5
Avant Technology W642GU42J5213N2 16GB,16.2
Avant Technology W642GU42J5213N8 16GB,12.9
Avant Technology W642GU42J5213N 16GB,18.3
Avant Technology W642GU42J7240N8 16GB,16.3
Avant Technology W642GU42J9266N8 16GB,17.5
Avant Technology W642GU44J2320NC 16GB,19.5
Avant Technology W644GU44J2320NH 32GB,18.0
Avant Technology W6451U48J7240N6 4GB,14.7
Avant Technology W6451U66J5213ND 4GB,15.6
Avant Technology W6451U66J7240ND 4GB,15.6
Avant Technology W6451U66J9266ND 4GB,16.6
Avant Technology W6451U67J5213NB 4GB,14.4
Avant Technology W6451U67J7240NB 4GB,15.1
Avexir Technologies Corporation DDR4-2133 CL15 4GB 4GB,13.6
Avexir Technologies Corporation DDR4-2133 CL15 8GB 8GB,14.3
Avexir Technologies Corporation DDR4-2133 CL15 16GB 16GB,15.5
Avexir Technologies Corporation DDR4-2400 4GB CL16 4GB,15.6
Avexir Technologies Corporation DDR4-2400 8GB CL16 8GB,14.6
Avexir Technologies Corporation DDR4-2400 CL16 4GB 4GB,15.8
Avexir Technologies Corporation DDR4-2400 CL16 8GB 8GB,16.2
Avexir Technologies Corporation DDR4-2400 CL16 16GB 16GB,14.4
Avexir Technologies Corporation DDR4-2666 C17 4GB 4GB,16.6
Avexir Technologies Corporation DDR4-2666 CL15 4GB 4GB,16.8
Avexir Technologies Corporation DDR4-2666 CL15 8GB 8GB,17.4
Avexir Technologies Corporation DDR4-2666 CL17 4GB 4GB,17.0
Avexir Technologies Corporation DDR4-2666 CL17 8GB 8GB,15.9
Avexir Technologies Corporation DDR4-2800 CL15 4GB 4GB,17.7
Avexir Technologies Corporation DDR4-2800 CL15 8GB 8GB,16.6
Avexir Technologies Corporation DDR4-3000 CL15 4GB 4GB,17.3
Avexir Technologies Corporation DDR4-3000 CL15 8GB 8GB,17.6
Avexir Technologies Corporation DDR4-3000 CL16 4GB 4GB,16.7
Avexir Technologies Corporation DDR4-3000 CL16 8GB 8GB,18.5
Avexir Technologies Corporation DDR4-3000 CL17 8GB 8GB,16.3
Avexir Technologies Corporation DDR4-3200 C16 8GB 8GB,15.5
Avexir Technologies Corporation DDR4-3200 CL16 4GB 4GB,18.9
Avexir Technologies Corporation DDR4-3200 CL16 8GB 8GB,18.6
Avexir Technologies Corporation DDR4-3600 CL17 4GB 4GB,17.0
Avexir Technologies Corporation DDR4-3600 CL17 8GB 8GB,20.8
Avexir Technologies Corporation T 4GB,18.0
Avexir Technologies Corporation T-20181206 8GB,15.3
Boya Microelectronics Inc. AM52SE22G64AP-RQ 16GB,15.4
Boya Microelectronics Inc. AM52SE24G64AP-SQ 32GB,16.9
Carry Technology Co. Ltd. 4DCC3IOGE-MATP 8GB,14.4
Century Micro Inc. CENTURY JAPAN MEMORY 8GB,19.2
Chun Well Technology Holding Limited CL16-18-18 D4-2666 8GB,18.5
Chun Well Technology Holding Limited CL16-18-18 D4-3000 16GB,17.1
Chun Well Technology Holding Limited CL16-18-18 D4-3200 16GB,17.5
Chun Well Technology Holding Limited CL16-20-20 D4-3000 32GB,15.3
Chun Well Technology Holding Limited CL16-20-20 D4-3200 32GB,18.3
Chun Well Technology Holding Limited CL17-17-17 D4-2400 8GB,16.4
Chun Well Technology Holding Limited CL18-20-20 D4-3200 16GB,17.6
Chun Well Technology Holding Limited CL18-20-20 D4-3600 8GB,19.4
Chun Well Technology Holding Limited CL18-22-22 D4-3600 16GB,17.9
Chun Well Technology Holding Limited CL19-19-19 D4-2666 16GB,15.0
Chun Well Technology Holding Limited CL19-20-20 D4-3600 16GB,10.5
Chun Well Technology Holding Limited CL22-22-22 D4-3200 16GB,16.7
Chun Well Technology Holding Limited D4U0826190B 8GB,16.7
Chun Well Technology Holding Limited D4U0830160B 8GB,17.5
Chun Well Technology Holding Limited D4U0832160B 8GB,20.2
Chun Well Technology Holding Limited D4U0832161B 8GB,19.2
Chun Well Technology Holding Limited D4U0832220B 8GB,19.8
Chun Well Technology Holding Limited D4U0836144B 8GB,20.0
Chun Well Technology Holding Limited D4U0836181B 8GB,15.3
Chun Well Technology Holding Limited D4U0836182B 8GB,19.5
Chun Well Technology Holding Limited D4U1632160B 16GB,20.1
Chun Well Technology Holding Limited D4U1636144B 16GB,23.7
Chun Well Technology Holding Limited D4U1636180B 16GB,20.4
Chun Well Technology Holding Limited D4U1636181DC 16GB,15.8
Chun Well Technology Holding Limited D4U1640180B 16GB,19.5
Chun Well Technology Holding Limited D4U3232160B 32GB,15.7
Chun Well Technology Holding Limited MD4U0836165BCW 8GB,21.4
Chun Well Technology Holding Limited MD4U0840180BCW 8GB,18.2
Chun Well Technology Holding Limited MD4U1632160DCW 16GB,16.8
Chun Well Technology Holding Limited MD4U1632161DCW 16GB,17.9
Chun Well Technology Holding Limited MD4U1636181DCW 16GB,18.1
Chun Well Technology Holding Limited MD4U1636181DRKDE 16GB,22.8
Chun Well Technology Holding Limited MD4U3232160 32GB,19.1
Chun Well Technology Holding Limited ND4U0840180BRPDE 8GB,22.8
Chun Well Technology Holding Limited ND4U1636181DRLDE 16GB,19.4
Colorful Technology Ltd BA08G3200D4TP16 8GB,21.2
Colorful Technology Ltd BAPC08G2666D4S8 8GB,7.3
Colorful Technology Ltd CVPC16G3200D4R8 16GB,22.0
Corsair CM4B4G1J2400A14K 4GB,14.3
Corsair CM4B8G1J2400A16K2-O 8GB,17.8
Corsair CM4B8G1J2400A16K2-ON 8GB,18.3
Corsair CM4B8G1J2800K14K 8GB,17.4
Corsair CM4B8G1J3000K16W4 8GB,17.0
Corsair CM4B8G1L2666A18S4 8GB,11.4
Corsair CM4B8G2J2133A15S 8GB,15.6
Corsair CM4B8G2J2400A14K 8GB,16.4
Corsair CM4B8G2J2666A15D 8GB,16.7
Corsair CM4B8G2J3000K15K 8GB,16.4
Corsair CM4B8G4J2400A16K2-ON 8GB,18.3
Corsair CM4B8G7L2666A16K2-O 8GB,17.7
Corsair CM4B16G1J2400A16K2-O 16GB,17.6
Corsair CM4B16G1L3200K18K2 16GB,17.7
Corsair CM4B16G2L2666A18K2 16GB,17.6
Corsair CM4B16G4J2400A16K2-O 16GB,18.2
Corsair CM4B16G7L2666A16K2-O 16GB,17.9
Corsair CM4S16GL3200K18K2 16GB,20.8
Corsair CM4X4GD3000C15K4 4GB,17.7
Corsair CM4X4GD3000C16K2 4GB,19.6
Corsair CM4X4GF2133C13K4 4GB,15.4
Corsair CM4X4GF2133C15S2 4GB,17.3
Corsair CM4X4GF2400C14K4 4GB,16.3
Corsair CM4X4GF2400C16K4 4GB,17.0
Corsair CM4X4GF2400C16N2 4GB,13.5
Corsair CM4X4GF2400C16S2 4GB,14.5
Corsair CM4X4GF2400Z16K4 4GB,14.7
Corsair CM4X4GF2666C16K4 4GB,15.1
Corsair CM4X4GF2666Z16K4 4GB,11.4
Corsair CM4X4GF3000C15K4 4GB,18.0
Corsair CM4X8GC3000C15K4 8GB,19.6
Corsair CM4X8GD3000C15K4 8GB,18.5
Corsair CM4X8GD3000C16K4 8GB,16.6
Corsair CM4X8GD3000C16K4D 8GB,17.3
Corsair CM4X8GD3200C16K2E 8GB,19.7
Corsair CM4X8GD3200C16K4 8GB,18.9
Corsair CM4X8GD3600C18K2D 8GB,18.4
Corsair CM4X8GE2133C13K4 8GB,16.1
Corsair CM4X8GE2400C14K4 8GB,17.2
Corsair CM4X8GE2400C15K4 8GB,15.5
Corsair CM4X8GE2400C16K4 8GB,16.7
Corsair CM4X8GE2666C16K4 8GB,16.9
Corsair CM4X8GE2666C16K8 8GB,15.3
Corsair CM4X8GE3000C15K4 8GB,18.3
Corsair CM4X8GF2133C13K4 8GB,15.8
Corsair CM4X8GF2133C15S2 8GB,15.4
Corsair CM4X8GF2400C14K4 8GB,17.5
Corsair CM4X8GF2400C16K4 8GB,16.6
Corsair CM4X8GF2400C16N2 8GB,16.6
Corsair CM4X8GF2400C16S4 8GB,16.2
Corsair CM4X8GF2400Z16K4 8GB,17.2
Corsair CM4X8GF2666C16K4 8GB,17.2
Corsair CM4X8GF2666C16K8 8GB,16.7
Corsair CM4X8GF2666C18S2 8GB,16.2
Corsair CM4X8GF2666Z16K2 8GB,15.6
Corsair CM4X8GF2666Z16K4 8GB,18.3
Corsair CM4X8GF3000C15K4 8GB,18.6
Corsair CM4X8GF3200C22S2 8GB,16.1
Corsair CM4X16GC3000C15D4 16GB,18.5
Corsair CM4X16GC3000C15K4 16GB,18.6
Corsair CM4X16GC3000C16K4D 16GB,18.2
Corsair CM4X16GC3000C16K8 16GB,19.8
Corsair CM4X16GC3200C16K2 16GB,15.0
Corsair CM4X16GC3200C16K2E 16GB,18.2
Corsair CM4X16GC3200C16K4 16GB,17.5
Corsair CM4X16GC3600C18K2D 16GB,17.2
Corsair CM4X16GC4000Z18K2 16GB,24.2
Corsair CM4X16GD3000C16K4D 16GB,18.6
Corsair CM4X16GD3200C16K2E 16GB,15.3
Corsair CM4X16GD3200C16K4E 16GB,16.6
Corsair CM4X16GD3600C16K2E 16GB,17.8
Corsair CM4X16GD3600C18K2D 16GB,21.7
Corsair CM4X16GD3600C18K4D 16GB,21.2
Corsair CM4X16GE2133C13K8 16GB,16.1
Corsair CM4X16GE2133C15S2 16GB,13.5
Corsair CM4X16GE2400C14K4 16GB,16.8
Corsair CM4X16GE2400C16K4 16GB,15.0
Corsair CM4X16GE2400C16S4 16GB,16.2
Corsair CM4X16GE2400Z16K4 16GB,16.8
Corsair CM4X16GE2666C16K2 16GB,10.6
Corsair CM4X16GE2666C16K4 16GB,16.0
Corsair CM4X16GE2666C16K8 16GB,19.2
Corsair CM4X16GE2666C18S2 16GB,16.0
Corsair CM4X16GE2666C18S4 16GB,16.7
Corsair CM4X16GE2666Z16K4 16GB,14.8
Corsair CM4X16GE2933C19S2 16MB,13.9
Corsair CM4X16GF3200C22S2 16GB,16.1
Corsair CM4X32GC3200C16K2E 32GB,15.6
Corsair CM4X32GE2666C18S2 32GB,16.4
Corsair CM4X32GE3200C22S2 32GB,18.2
Corsair CMD8GX4M2B3000C15 4GB,18.5
Corsair CMD8GX4M2B3200C16 4GB,19.5
Corsair CMD8GX4M2B3466C18 4GB,19.0
Corsair CMD8GX4M2B3600C18 4GB,18.1
Corsair CMD8GX4M2B3866C18 4GB,21.2
Corsair CMD8GX4M2B4000C19 4GB,21.4
Corsair CMD16GX4M2A2400C14 8GB,18.6
Corsair CMD16GX4M2A2666C15 8GB,17.1
Corsair CMD16GX4M2B2400C10 8GB,18.1
Corsair CMD16GX4M2B2800C14 8GB,18.0
Corsair CMD16GX4M2B3000C15 8GB,18.1
Corsair CMD16GX4M2B3200C14 8GB,17.0
Corsair CMD16GX4M2B3200C16 8GB,17.9
Corsair CMD16GX4M2B3466C16 8GB,20.8
Corsair CMD16GX4M2B3600C18 8GB,20.2
Corsair CMD16GX4M2B3733C17 8GB,17.2
Corsair CMD16GX4M2B3866C18 8GB,19.5
Corsair CMD16GX4M2C3333C16 8GB,17.7
Corsair CMD16GX4M2E4000C19 8GB,18.6
Corsair CMD16GX4M2K4133C19 8GB,19.9
Corsair CMD16GX4M4A2666C15 4GB,14.6
Corsair CMD16GX4M4A2666C16 4GB,14.6
Corsair CMD16GX4M4A2800C16 4GB,15.1
Corsair CMD16GX4M4B2133C10 4GB,15.8
Corsair CMD16GX4M4B2400C10 4GB,13.7
Corsair CMD16GX4M4B3000C14 4GB,15.8
Corsair CMD16GX4M4B3000C15 4GB,16.4
Corsair CMD16GX4M4B3200C14 4GB,13.0
Corsair CMD16GX4M4B3200C15 4GB,17.7
Corsair CMD16GX4M4B3200C16 4GB,15.7
Corsair CMD16GX4M4B3200C16-R 4GB,16.7
Corsair CMD16GX4M4B3300C16 4GB,16.5
Corsair CMD16GX4M4B3333C16 4GB,19.4
Corsair CMD16GX4M4B3400C16 4GB,18.8
Corsair CMD16GX4M4B3600C18 4GB,16.6
Corsair CMD16GX4M4C3200C15 4GB,14.3
Corsair CMD16GX4M4C3200C16 4GB,18.3
Corsair CMD32GX4M2A2666C15 16GB,17.3
Corsair CMD32GX4M2A2800C16 16GB,15.7
Corsair CMD32GX4M2B2800C14 16GB,16.5
Corsair CMD32GX4M2B3000C15 16GB,18.2
Corsair CMD32GX4M2B3466C16 16GB,16.2
Corsair CMD32GX4M2C3200C14M 16GB,21.3
Corsair CMD32GX4M2C3200C14T 16GB,18.4
Corsair CMD32GX4M2C3200C16 16GB,17.1
Corsair CMD32GX4M2C3466C16W 16GB,19.2
Corsair CMD32GX4M4A2400C12 8GB,17.7
Corsair CMD32GX4M4A2400C14 8GB,16.7
Corsair CMD32GX4M4A2666C15 8GB,15.9
Corsair CMD32GX4M4A2666C16 8GB,14.1
Corsair CMD32GX4M4A2800C16 8GB,15.7
Corsair CMD32GX4M4B2133C10 8GB,14.7
Corsair CMD32GX4M4B2400C10 8GB,16.1
Corsair CMD32GX4M4B2800C14 8GB,20.5
Corsair CMD32GX4M4B3000C15 8GB,15.1
Corsair CMD32GX4M4B3200C16 8GB,18.9
Corsair CMD32GX4M4B3333C16 8GB,17.5
Corsair CMD32GX4M4B3466C16 8GB,15.7
Corsair CMD32GX4M4B3600C16 8GB,18.7
Corsair CMD32GX4M4B3733C17 8GB,19.4
Corsair CMD32GX4M4B3866C18 8GB,21.1
Corsair CMD32GX4M4C3000C15 8GB,14.8
Corsair CMD32GX4M4C3200C14C 8GB,15.4
Corsair CMD32GX4M4C3200C14M 8GB,16.6
Corsair CMD32GX4M4C3200C14T 8GB,16.1
Corsair CMD32GX4M4C3200C16 8GB,18.6
Corsair CMD32GX4M4C3200C16-R 8GB,20.0
Corsair CMD32GX4M4C3466C16W 8GB,20.3
Corsair CMD32GX4M4E4000C19 8GB,14.2
Corsair CMD64GX4M4A2400C14 16GB,15.3
Corsair CMD64GX4M4A2666C15 16GB,14.0
Corsair CMD64GX4M4B2800C14 16GB,15.0
Corsair CMD64GX4M4B3000C15 16GB,19.5
Corsair CMD64GX4M4B3333C16 16GB,14.7
Corsair CMD64GX4M4B3466C16 16GB,17.5
Corsair CMD64GX4M4C3000C15 16GB,16.1
Corsair CMD64GX4M4C3200C16 16GB,16.5
Corsair CMD64GX4M8A2400C14 8GB,12.9
Corsair CMD64GX4M8A2666C15 8GB,13.7
Corsair CMD64GX4M8A2800C16 8GB,12.8
Corsair CMD64GX4M8B2800C14 8GB,14.4
Corsair CMD64GX4M8B3200C16 8GB,14.8
Corsair CMD64GX4M8X3800C19 8GB,11.6
Corsair CMD64GX4M8X4000C19 8GB,12.2
Corsair CMD128GX4M8A2400C14 16GB,12.1
Corsair CMD128GX4M8A2666C15 16GB,14.5
Corsair CMD128GX4M8B2800C14 16GB,14.8
Corsair CMD128GX4M8B3000C16 16GB,14.8
Corsair CMD128GX4M8B3200C16 16GB,12.2
Corsair CMG8GX4M1E3200C16 8GB,21.5
Corsair CMG16GX4M1E3200C16 16GB,19.1
Corsair CMG16GX4M2D3600C18 8GB,21.8
Corsair CMG16GX4M2E3200C16 8GB,20.4
Corsair CMG32GX4M2D3600C18 16GB,21.1
Corsair CMG32GX4M2E3200C16 16GB,19.1
Corsair CMG64GX4M2D3600C18 32GB,22.2
Corsair CMG64GX4M2E3200C16 32GB,21.6
Corsair CMH16GX4M2D3600C18 8GB,20.4
Corsair CMH16GX4M2E3200C16 8GB,19.5
Corsair CMH16GX4M2Z3200C16 8GB,21.4
Corsair CMH16GX4M2Z3600C18 8GB,21.8
Corsair CMH32GX4M2C3200C18 16GB,19.3
Corsair CMH32GX4M2C3600C20 16GB,22.4
Corsair CMH32GX4M2D3600C18 16GB,19.7
Corsair CMH32GX4M2E3200C16 16GB,19.4
Corsair CMH32GX4M2Z3200C16 16GB,20.5
Corsair CMH32GX4M2Z3600C18 16GB,20.5
Corsair CMH32GX4M4D3600C18 8GB,19.9
Corsair CMH32GX4M4E3200C16 8GB,19.3
Corsair CMH64GX4M2D3600C18 32GB,25.9
Corsair CMH64GX4M4D3600C18 16GB,18.3
Corsair CMH128GX4M4E3200C16 32GB,19.0
Corsair CMK4GX4M1A2400C14 4GB,18.2
Corsair CMK4GX4M1A2400C16 4GB,15.7
Corsair CMK4GX4M1D2400C14 4GB,15.4
Corsair CMK8GX4M1A2400C14 8GB,15.8
Corsair CMK8GX4M1A2400C16 8GB,16.4
Corsair CMK8GX4M1A2666C16 8GB,16.6
Corsair CMK8GX4M1D2400C14 8GB,15.7
Corsair CMK8GX4M1D2666C16 8GB,15.7
Corsair CMK8GX4M1D3000C16 8GB,17.6
Corsair CMK8GX4M1E3200C16 8GB,18.7
Corsair CMK8GX4M1Z3200C16 8GB,16.3
Corsair CMK8GX4M1Z3600C18 8GB,19.6
Corsair CMK8GX4M2A2133C13 4GB,16.7
Corsair CMK8GX4M2A2400C14 4GB,16.1
Corsair CMK8GX4M2A2400C16 4GB,16.4
Corsair CMK8GX4M2A2666C16 4GB,16.0
Corsair CMK8GX4M2A2800C16 4GB,16.4
Corsair CMK8GX4M2B3000C15 4GB,17.6
Corsair CMK8GX4M2B3200C16 4GB,18.2
Corsair CMK8GX4M2B3600C18 4GB,20.0
Corsair CMK8GX4M2B3733C17 4GB,19.4
Corsair CMK8GX4M2B3866C18 4GB,15.8
Corsair CMK8GX4M2B4000C19 4GB,18.1
Corsair CMK8GX4M2B4133C19 4GB,19.0
Corsair CMK8GX4M2B4200C19 4GB,14.7
Corsair CMK8GX4M2B4266C19 4GB,20.9
Corsair CMK8GX4M2C3000C16 4GB,18.1
Corsair CMK8GX4M2D2666C16 4GB,17.4
Corsair CMK16GX4M1A2400C14 16GB,14.5
Corsair CMK16GX4M1A2400C16 16GB,16.0
Corsair CMK16GX4M1A2666C16 16GB,16.4
Corsair CMK16GX4M1B3000C15 16GB,17.9
Corsair CMK16GX4M1C3000C16 16GB,18.4
Corsair CMK16GX4M1D3000C16 16GB,17.9
Corsair CMK16GX4M1D3600C18 16GB,18.2
Corsair CMK16GX4M1E3200C16 16GB,17.9
Corsair CMK16GX4M1Z3600C18 16GB,20.3
Corsair CMK16GX4M2A2133C13 8GB,16.0
Corsair CMK16GX4M2A2400C14 8GB,16.6
Corsair CMK16GX4M2A2400C16 8GB,16.8
Corsair CMK16GX4M2A2666C16 8GB,16.9
Corsair CMK16GX4M2A2666C18 8GB,18.2
Corsair CMK16GX4M2A2800C16 8GB,17.3
Corsair CMK16GX4M2B2800C14 8GB,18.1
Corsair CMK16GX4M2B3000C15 8GB,17.9
Corsair CMK16GX4M2B3200C14 8GB,18.2
Corsair CMK16GX4M2B3200C16 8GB,18.6
Corsair CMK16GX4M2B3333C16 8GB,18.4
Corsair CMK16GX4M2B3466C16 8GB,18.6
Corsair CMK16GX4M2B3600C18 8GB,17.6
Corsair CMK16GX4M2B3733C17 8GB,19.9
Corsair CMK16GX4M2B4266C19 8GB,15.6
Corsair CMK16GX4M2C3000C15 8GB,16.5
Corsair CMK16GX4M2C3000C16 8GB,17.3
Corsair CMK16GX4M2C3200C16 8GB,21.0
Corsair CMK16GX4M2C3333C16 8GB,21.3
Corsair CMK16GX4M2C3600C20 8GB,18.3
Corsair CMK16GX4M2D2400C14 8GB,17.6
Corsair CMK16GX4M2D2666C16 8GB,17.9
Corsair CMK16GX4M2D3000C16 8GB,17.7
Corsair CMK16GX4M2D3200C16 8GB,17.8
Corsair CMK16GX4M2D3600C16 8GB,22.0
Corsair CMK16GX4M2D3600C18 8GB,18.2
Corsair CMK16GX4M2E3200C16 8GB,19.6
Corsair CMK16GX4M2E4000C19 8GB,15.1
Corsair CMK16GX4M2E4333C19 8GB,16.5
Corsair CMK16GX4M2F4400C19 8GB,21.7
Corsair CMK16GX4M2F4500C19 8GB,22.2
Corsair CMK16GX4M2G4000C16 8GB,23.6
Corsair CMK16GX4M2K3600C19 8GB,17.0
Corsair CMK16GX4M2K4000C19 8GB,18.9
Corsair CMK16GX4M2K4133C19 8GB,16.4
Corsair CMK16GX4M2K4266C16 8GB,18.1
Corsair CMK16GX4M2K4266C19 8GB,18.7
Corsair CMK16GX4M2K4333C19 8GB,20.1
Corsair CMK16GX4M2K4400C19 8GB,19.4
Corsair CMK16GX4M2K4500C19 8GB,14.6
Corsair CMK16GX4M2K4600C19 8GB,21.3
Corsair CMK16GX4M2L3000C15 8GB,18.6
Corsair CMK16GX4M2L3200C16 8GB,15.9
Corsair CMK16GX4M2Z2400C16 8GB,17.4
Corsair CMK16GX4M2Z2666C16 8GB,16.2
Corsair CMK16GX4M2Z2933C16 8GB,17.5
Corsair CMK16GX4M2Z3200C16 8GB,19.6
Corsair CMK16GX4M2Z3466C16 8GB,19.2
Corsair CMK16GX4M2Z3600C14 8GB,22.2
Corsair CMK16GX4M2Z3600C18 8GB,18.7
Corsair CMK16GX4M2Z3600C20 8GB,17.4
Corsair CMK16GX4M2Z4000C18 8GB,18.2
Corsair CMK16GX4M4A2133C13 4GB,14.5
Corsair CMK16GX4M4A2133C15 4GB,13.4
Corsair CMK16GX4M4A2400C14 4GB,15.0
Corsair CMK16GX4M4A2400C16 4GB,15.8
Corsair CMK16GX4M4A2666C15 4GB,13.7
Corsair CMK16GX4M4A2666C16 4GB,14.7
Corsair CMK16GX4M4A2800C16 4GB,14.3
Corsair CMK16GX4M4B3000C15 4GB,17.0
Corsair CMK16GX4M4B3200C15 4GB,17.6
Corsair CMK16GX4M4B3200C16 4GB,15.7
Corsair CMK16GX4M4B3300C16 4GB,17.3
Corsair CMK16GX4M4B3333C16 4GB,16.8
Corsair CMK16GX4M4B3400C16 4GB,17.3
Corsair CMK16GX4M4B3600C18 4GB,15.7
Corsair CMK16GX4M4B3733C17 4GB,21.7
Corsair CMK16GX4M4B3866C18 4GB,19.1
Corsair CMK16GX4M4C3000C16 4GB,12.3
Corsair CMK16GX4M4C3200C15 4GB,16.6
Corsair CMK16GX4M4C3200C16 4GB,16.3
Corsair CMK32GX4M1A2400C16 32GB,15.8
Corsair CMK32GX4M1A2666C16 32GB,17.6
Corsair CMK32GX4M1D3000C16 32GB,15.1
Corsair CMK32GX4M2A2133C13 16GB,15.9
Corsair CMK32GX4M2A2400C14 16GB,16.1
Corsair CMK32GX4M2A2400C16 16GB,16.2
Corsair CMK32GX4M2A2666C16 16GB,16.6
Corsair CMK32GX4M2A2800C16 16GB,15.0
Corsair CMK32GX4M2B3000C15 16GB,18.0
Corsair CMK32GX4M2B3200C16 16GB,18.0
Corsair CMK32GX4M2B3333C16 16GB,20.7
Corsair CMK32GX4M2B3466C16 16GB,19.0
Corsair CMK32GX4M2C3000C16 16GB,19.5
Corsair CMK32GX4M2C3200C18 16GB,17.6
Corsair CMK32GX4M2C3333C16 16GB,20.4
Corsair CMK32GX4M2D3000C16 16GB,17.3
Corsair CMK32GX4M2D3200C16 16GB,18.0
Corsair CMK32GX4M2D3600C16 16GB,22.2
Corsair CMK32GX4M2D3600C18 16GB,19.6
Corsair CMK32GX4M2E3200C16 16GB,19.1
Corsair CMK32GX4M2F4000C19 16GB,18.5
Corsair CMK32GX4M2G4000C19 16GB,20.8
Corsair CMK32GX4M2K3600C16 16GB,19.5
Corsair CMK32GX4M2K4133C19 16GB,16.5
Corsair CMK32GX4M2L3000C15 16GB,19.1
Corsair CMK32GX4M2L3200C16 16GB,19.4
Corsair CMK32GX4M2Z2400C16 16GB,16.0
Corsair CMK32GX4M2Z3200C16 16GB,19.2
Corsair CMK32GX4M2Z3600C18 16GB,18.9
Corsair CMK32GX4M2Z4000C18 16GB,18.5
Corsair CMK32GX4M4A2133C13 8GB,15.6
Corsair CMK32GX4M4A2133C15 8GB,14.2
Corsair CMK32GX4M4A2400C12 8GB,14.8
Corsair CMK32GX4M4A2400C14 8GB,15.2
Corsair CMK32GX4M4A2400C16 8GB,15.0
Corsair CMK32GX4M4A2666C15 8GB,16.4
Corsair CMK32GX4M4A2666C16 8GB,15.2
Corsair CMK32GX4M4A2800C16 8GB,14.5
Corsair CMK32GX4M4B2800C14 8GB,15.6
Corsair CMK32GX4M4B3000C15 8GB,17.2
Corsair CMK32GX4M4B3200C14 8GB,19.0
Corsair CMK32GX4M4B3200C16 8GB,16.9
Corsair CMK32GX4M4B3333C16 8GB,18.2
Corsair CMK32GX4M4B3466C16 8GB,19.0
Corsair CMK32GX4M4B3600C16 8GB,16.1
Corsair CMK32GX4M4B3600C18 8GB,17.0
Corsair CMK32GX4M4B3733C17 8GB,19.8
Corsair CMK32GX4M4B3866C18 8GB,19.9
Corsair CMK32GX4M4B4000C19 8GB,19.7
Corsair CMK32GX4M4C3000C15 8GB,16.4
Corsair CMK32GX4M4C3000C16 8GB,18.9
Corsair CMK32GX4M4C3333C16 8GB,14.6
Corsair CMK32GX4M4C3400C16 8GB,16.0
Corsair CMK32GX4M4D3000C16 8GB,16.3
Corsair CMK32GX4M4D3200C16 8GB,17.0
Corsair CMK32GX4M4D3600C16 8GB,22.5
Corsair CMK32GX4M4D3600C18 8GB,18.2
Corsair CMK32GX4M4E4133C19 8GB,15.2
Corsair CMK32GX4M4K3600C16 8GB,18.8
Corsair CMK32GX4M4K4000C19 8GB,14.5
Corsair CMK32GX4M4K4133C19 8GB,14.0
Corsair CMK32GX4M4K4266C19 8GB,21.2
Corsair CMK32GX4M4K4333C19 8GB,15.9
Corsair CMK32GX4M4Z2933C16 8GB,15.4
Corsair CMK32GX4M4Z3200C16 8GB,17.9
Corsair CMK64GX4M2A2400C16 32GB,18.0
Corsair CMK64GX4M2A2666C16 32GB,17.1
Corsair CMK64GX4M2C3200C16 32GB,16.5
Corsair CMK64GX4M2D3000C16 32GB,17.5
Corsair CMK64GX4M2D3600C18 32GB,17.3
Corsair CMK64GX4M2E3200C16 32GB,19.2
Corsair CMK64GX4M2Z4000C18 32GB,19.8
Corsair CMK64GX4M4A2133C13 16GB,14.5
Corsair CMK64GX4M4A2400C14 16GB,14.6
Corsair CMK64GX4M4A2400C16 16GB,15.1
Corsair CMK64GX4M4A2666C16 16GB,16.5
Corsair CMK64GX4M4B2800C14 16GB,14.8
Corsair CMK64GX4M4B3000C15 16GB,14.4
Corsair CMK64GX4M4B3200C16 16GB,17.8
Corsair CMK64GX4M4B3333C16 16GB,16.5
Corsair CMK64GX4M4B3466C16 16GB,18.8
Corsair CMK64GX4M4B3600C18 16GB,18.5
Corsair CMK64GX4M4C3000C15 16GB,14.5
Corsair CMK64GX4M4C3000C16 16GB,18.5
Corsair CMK64GX4M4C3200C16 16GB,16.9
Corsair CMK64GX4M4C3333C16 16GB,21.0
Corsair CMK64GX4M4D3000C16 16GB,15.3
Corsair CMK64GX4M4D3600C18 16GB,13.8
Corsair CMK64GX4M4E3200C16 16GB,16.4
Corsair CMK64GX4M4G4000C18 16GB,16.8
Corsair CMK64GX4M4K3733C17 16GB,19.4
Corsair CMK64GX4M4X4000C18 16GB,13.6
Corsair CMK64GX4M8A2133C13 8GB,13.2
Corsair CMK64GX4M8A2400C14 8GB,14.3
Corsair CMK64GX4M8A2666C16 8GB,13.2
Corsair CMK64GX4M8B2800C14 8GB,14.1
Corsair CMK64GX4M8B3200C16 8GB,13.8
Corsair CMK64GX4M8X3600C18 8GB,17.7
Corsair CMK64GX4M8X4000C19 8GB,12.6
Corsair CMK64GX4M8X4133C19 8GB,12.3
Corsair CMK64GX4M8X4200C19 8GB,12.9
Corsair CMK64GX4M8X4266C19 8GB,11.6
Corsair CMK64GX4M8Z2933C16 8GB,12.8
Corsair CMK64GX4M8ï¿½2800C14 8GB,13.4
Corsair CMK128GX4M4A2400C16 32GB,17.4
Corsair CMK128GX4M4A2666C16 32GB,14.0
Corsair CMK128GX4M4D3600C18 32GB,18.0
Corsair CMK128GX4M4E3200C16 32GB,15.6
Corsair CMK128GX4M8A2133C13 16GB,15.2
Corsair CMK128GX4M8A2400C14 16GB,15.1
Corsair CMK128GX4M8A2666C16 16GB,11.9
Corsair CMK128GX4M8B3000C16 16GB,13.4
Corsair CMK128GX4M8B3200C16 16GB,14.3
Corsair CMK128GX4M8B3333C16 16GB,10.4
Corsair CMK128GX4M8X3600C18 16GB,12.5
Corsair CMK128GX4M8X3800C19 16GB,16.1
Corsair CMK128GX4M8Z2933C16 16GB,12.6
Corsair CMK192GX4M12P3200C16 16GB,14.2
Corsair CMK256GX4M8A2400C16 32GB,13.2
Corsair CMN16GX4M2Z3200C16 8GB,21.4
Corsair CMN16GX4M2Z3600C16 8GB,24.5
Corsair CMN16GX4M2Z3600C18 8GB,23.3
Corsair CMN32GX4M2Z3200C16 16GB,20.1
Corsair CMN32GX4M2Z3600C16 16GB,22.6
Corsair CMN32GX4M2Z3600C18 16GB,22.2
Corsair CMN32GX4M2Z4000C18 16GB,20.3
Corsair CMN32GX4M2Z4600C18 16GB,18.9
Corsair CMN32GX4M4Z3600C18 8GB,21.6
Corsair CMN64GX4M2Z3200C16 32GB,21.8
Corsair CMN64GX4M4Z3600C18 16GB,11.5
Corsair CMR16GX4M2A2666C16 8GB,17.2
Corsair CMR16GX4M2C3000C15 8GB,18.3
Corsair CMR16GX4M2C3000C16 8GB,18.4
Corsair CMR16GX4M2C3200C16 8GB,17.6
Corsair CMR16GX4M2C3466C16 8GB,19.3
Corsair CMR16GX4M2C3600C18 8GB,18.8
Corsair CMR16GX4M2C 8GB,11.4
Corsair CMR16GX4M2D3000C16 8GB,17.8
Corsair CMR16GX4M2D3200C16 8GB,18.8
Corsair CMR16GX4M2E4266C19 8GB,17.2
Corsair CMR16GX4M2F4000C19 8GB,18.1
Corsair CMR16GX4M2K4266C19 8GB,21.4
Corsair CMR16GX4M2Z2933C16 8GB,17.0
Corsair CMR16GX4M2Z3200C16 8GB,18.7
Corsair CMR32GX4M2A2666C16 16GB,15.7
Corsair CMR32GX4M2C3000C15 16GB,18.9
Corsair CMR32GX4M2C3000C16 16GB,19.3
Corsair CMR32GX4M2C3200C16 16GB,18.7
Corsair CMR32GX4M2C3333C16 16GB,18.1
Corsair CMR32GX4M2D3000C16 16GB,18.9
Corsair CMR32GX4M2F3600C18 16GB,19.1
Corsair CMR32GX4M4A2666C16 8GB,16.4
Corsair CMR32GX4M4C3000C15 8GB,16.7
Corsair CMR32GX4M4C3000C16 8GB,19.0
Corsair CMR32GX4M4C3200C16 8GB,19.4
Corsair CMR32GX4M4C3333C16 8GB,20.0
Corsair CMR32GX4M4C3466C16 8GB,19.5
Corsair CMR32GX4M4C3600C18 8GB,16.6
Corsair CMR32GX4M4D3000C16 8GB,17.2
Corsair CMR32GX4M4D3200C16 8GB,15.2
Corsair CMR64GX4M4A2666C16 16GB,13.7
Corsair CMR64GX4M4C3000C15 16GB,18.4
Corsair CMR64GX4M4C3200C16 16GB,18.5
Corsair CMR64GX4M4C3333C16 16GB,19.7
Corsair CMR64GX4M4C3466C16 16GB,16.7
Corsair CMR64GX4M4K3600C18 16GB,14.0
Corsair CMR64GX4M8C3000C15 8GB,10.7
Corsair CMR64GX4M8C3200C16 8GB,10.4
Corsair CMR64GX4M8X3800C19 8GB,12.8
Corsair CMR128GX4M8C3000C16 16GB,19.7
Corsair CMR128GX4M8X3800C19 16GB,11.6
Corsair CMR128GX4M8Z2933C16 16GB,14.2
Corsair CMRX8GD3000C16R4D 8GB,18.3
Corsair CMSO4GX4M1A2133C15 4GB,12.2
Corsair CMSO8GX4M1A2133C15 8GB,14.6
Corsair CMSO16GX4M1A2133C15 16GB,15.2
Corsair CMSO16GX4M2A2133C15 8GB,14.9
Corsair CMSO32GX4M2A2133C15 16GB,13.4
Corsair CMSX4GX4M1A2400C16 4GB,14.4
Corsair CMSX8GX4M1A2400C16 8GB,15.9
Corsair CMSX8GX4M1A2666C18 8GB,16.8
Corsair CMSX8GX4M2A2400C16 4GB,15.1
Corsair CMSX8GX4M2A2666C18 4GB,17.6
Corsair CMSX16GX4M1A2400C16 16GB,15.9
Corsair CMSX16GX4M1A2666C18 16GB,15.8
Corsair CMSX16GX4M1A3200C22 16GB,15.6
Corsair CMSX16GX4M2A2400C16 8GB,15.2
Corsair CMSX16GX4M2A2666C18 8GB,14.2
Corsair CMSX16GX4M2A3000C16 8GB,16.3
Corsair CMSX16GX4M2A3000C18 8GB,16.7
Corsair CMSX16GX4M2A3200C22 8GB,16.7
Corsair CMSX32GX4M1A2666C18 32GB,16.9
Corsair CMSX32GX4M1A3200C22 32GB,14.8
Corsair CMSX32GX4M2A2400C16 16GB,14.9
Corsair CMSX32GX4M2A2666C18 16GB,15.2
Corsair CMSX32GX4M2A2933C19 16GB,17.1
Corsair CMSX32GX4M2A3000C16 16GB,17.4
Corsair CMSX32GX4M2A3000C18 16GB,16.1
Corsair CMSX32GX4M2A3200C22 16GB,15.7
Corsair CMSX64GX4M2A2400C16 32GB,16.2
Corsair CMSX64GX4M2A2666C18 32GB,15.1
Corsair CMSX64GX4M2A2933C19 32GB,17.1
Corsair CMSX64GX4M2A3200C22 32GB,15.4
Corsair CMSX64GX4M4A2400C16 16GB,14.5
Corsair CMSX64GX4M4A2666C18 16GB,16.2
Corsair CMT16GX4M2C3000C15 8GB,17.2
Corsair CMT16GX4M2C3200C14 8GB,17.0
Corsair CMT16GX4M2C3200C16 8GB,18.1
Corsair CMT16GX4M2C3466C16 8GB,17.1
Corsair CMT16GX4M2C3600C18 8GB,20.4
Corsair CMT16GX4M2K3600C16 8GB,17.6
Corsair CMT16GX4M2K4000C19 8GB,18.6
Corsair CMT16GX4M2K4266C19 8GB,17.5
Corsair CMT16GX4M2Z3200C16 8GB,18.0
Corsair CMT32GX4M2C3000C15 16GB,17.9
Corsair CMT32GX4M2C3200C14 16GB,16.9
Corsair CMT32GX4M2C3200C16 16GB,18.8
Corsair CMT32GX4M2C3466C16 16GB,18.8
Corsair CMT32GX4M2C3600C18 16GB,17.9
Corsair CMT32GX4M2D3600C18 16GB,20.5
Corsair CMT32GX4M2E3200C16 16GB,18.3
Corsair CMT32GX4M2G4000C18 16GB,14.6
Corsair CMT32GX4M2K4000C19 16GB,15.3
Corsair CMT32GX4M2Z3200C16 16GB,17.9
Corsair CMT32GX4M2Z3600C14 16GB,25.5
Corsair CMT32GX4M2Z3600C18 16GB,19.4
Corsair CMT32GX4M4C3000C15 8GB,18.0
Corsair CMT32GX4M4C3200C14 8GB,18.9
Corsair CMT32GX4M4C3200C16 8GB,18.7
Corsair CMT32GX4M4C3466C16 8GB,20.2
Corsair CMT32GX4M4C3600C18 8GB,18.9
Corsair CMT32GX4M4E3200C16 8GB,22.3
Corsair CMT32GX4M4K3600C16 8GB,21.6
Corsair CMT32GX4M4K4000C19 8GB,19.9
Corsair CMT32GX4M4Z3200C16 8GB,18.5
Corsair CMT64GX4M2C3600C18 32GB,19.7
Corsair CMT64GX4M4C3000C15 16GB,17.3
Corsair CMT64GX4M4C3200C16 16GB,18.5
Corsair CMT64GX4M4C3466C16 16GB,20.0
Corsair CMT64GX4M4E3200C16 16GB,18.7
Corsair CMT64GX4M4K3600C16 16GB,15.6
Corsair CMT64GX4M4K3600C18 16GB,19.8
Corsair CMT64GX4M4Z3600C16 16GB,21.9
Corsair CMT64GX4M4Z3600C18 16GB,20.7
Corsair CMT64GX4M8C3200C16 8GB,15.2
Corsair CMT64GX4M8X3000C15 8GB,13.2
Corsair CMT64GX4M8X3600C18 8GB,11.5
Corsair CMT64GX4M8Z3600C16 8GB,17.4
Corsair CMT128GX4M4C3200C16 32GB,17.5
Corsair CMT128GX4M4D3600C18 32GB,12.2
Corsair CMT128GX4M8C3000C15 16GB,9.9
Corsair CMT128GX4M8C3200C16 16GB,18.2
Corsair CMT128GX4M8X3600C18 16GB,17.2
Corsair CMU16GX4M2A2400C16 8GB,16.8
Corsair CMU16GX4M2A2666C16 8GB,16.6
Corsair CMU16GX4M2C3000C15 8GB,18.0
Corsair CMU16GX4M2C3200C16 8GB,19.2
Corsair CMU16GX4M2D3000C16 8GB,19.7
Corsair CMU16GX4M2D3200C16 8GB,17.6
Corsair CMU32GX4M2A2400C14 16GB,16.5
Corsair CMU32GX4M2A2666C16 16GB,17.3
Corsair CMU32GX4M2C3000C15 16GB,17.9
Corsair CMU32GX4M2C3000C16 16GB,18.4
Corsair CMU32GX4M2C3200C16 16GB,17.9
Corsair CMU32GX4M2C3333C16 16GB,20.0
Corsair CMU32GX4M2D3200C16 16GB,15.0
Corsair CMU32GX4M4A2666C16 8GB,17.3
Corsair CMU32GX4M4C3000C15 8GB,17.2
Corsair CMU32GX4M4C3000C16 8GB,18.4
Corsair CMU32GX4M4C3200C16 8GB,19.9
Corsair CMU32GX4M4C3400C16 8GB,20.0
Corsair CMU32GX4M4C3466C16 8GB,15.9
Corsair CMU32GX4M4D3000C16 8GB,11.1
Corsair CMU64GX4M4A2666C16 16GB,15.8
Corsair CMU64GX4M4C3000C15 16GB,16.5
Corsair CMU64GX4M4C3200C16 16GB,15.1
Corsair CMU64GX4M4D3000C16 16GB,15.6
Corsair CMV4GX4M1A2133C15 4GB,15.2
Corsair CMV4GX4M1A2400C16 4GB,14.9
Corsair CMV4GX4M1A2666C18 4GB,15.9
Corsair CMV8GX4M1A2133C15 8GB,15.6
Corsair CMV8GX4M1A2400C16 8GB,16.2
Corsair CMV8GX4M1A2666C18 8GB,18.1
Corsair CMV8GX4M1L2400C16 8GB,11.0
Corsair CMV16GX4M1A2133C15 16GB,15.7
Corsair CMV16GX4M1A2400C16 16GB,17.2
Corsair CMV16GX4M1A2666C18 16GB,14.0
Corsair CMV16GX4M1L2400C16 16GB,15.5
Corsair CMV32GX4M1A2666C18 32GB,13.2
Corsair CMW8GX4M1D3000C16 8GB,17.3
Corsair CMW8GX4M1Z3200C16 8GB,18.2
Corsair CMW8GX4M1Z3600C18 8GB,20.2
Corsair CMW16GX4M1D3000C16 16GB,18.2
Corsair CMW16GX4M1Z3200C16 16GB,18.3
Corsair CMW16GX4M1Z3600C18 16GB,18.3
Corsair CMW16GX4M2A2666C16 8GB,16.8
Corsair CMW16GX4M2C3000C15 8GB,18.1
Corsair CMW16GX4M2C3200C14 8GB,20.8
Corsair CMW16GX4M2C3200C16 8GB,18.7
Corsair CMW16GX4M2C3466C16 8GB,19.2
Corsair CMW16GX4M2C3600C18 8GB,18.6
Corsair CMW16GX4M2D3000C16 8GB,16.7
Corsair CMW16GX4M2D3600C16 8GB,23.0
Corsair CMW16GX4M2D3600C18 8GB,18.6
Corsair CMW16GX4M2E3200C16 8GB,18.4
Corsair CMW16GX4M2K3600C16 8GB,17.8
Corsair CMW16GX4M2K4000C19 8GB,20.9
Corsair CMW16GX4M2K4266C19 8GB,19.2
Corsair CMW16GX4M2Z2933C16 8GB,17.3
Corsair CMW16GX4M2Z3200C16 8GB,18.8
Corsair CMW16GX4M2Z3600C18 8GB,18.4
Corsair CMW16GX4M2Z4000C18 8GB,18.6
Corsair CMW16GX4M2Z4600C18 8GB,16.9
Corsair CMW32GX4M2A2666C16 16GB,16.9
Corsair CMW32GX4M2C3000C15 16GB,17.8
Corsair CMW32GX4M2C3200C16 16GB,17.9
Corsair CMW32GX4M2C3200C18 16GB,20.3
Corsair CMW32GX4M2C3333C16 16GB,20.4
Corsair CMW32GX4M2C3466C16 16GB,20.2
Corsair CMW32GX4M2D3000C16 16GB,18.3
Corsair CMW32GX4M2D3600C18 16GB,19.6
Corsair CMW32GX4M2E3200C16 16GB,18.4
Corsair CMW32GX4M2G4000C18 16GB,15.8
Corsair CMW32GX4M2Z2933C16 16GB,17.0
Corsair CMW32GX4M2Z3200C16 16GB,18.0
Corsair CMW32GX4M2Z3600C14 16GB,23.9
Corsair CMW32GX4M2Z3600C18 16GB,19.0
Corsair CMW32GX4M4A2666C16 8GB,17.0
Corsair CMW32GX4M4C3000C15 8GB,18.1
Corsair CMW32GX4M4C3200C14 8GB,21.2
Corsair CMW32GX4M4C3200C16 8GB,18.5
Corsair CMW32GX4M4C3466C16 8GB,19.1
Corsair CMW32GX4M4C3600C18 8GB,19.5
Corsair CMW32GX4M4D3600C16 8GB,21.0
Corsair CMW32GX4M4D3600C18 8GB,18.7
Corsair CMW32GX4M4K3733C17 8GB,21.0
Corsair CMW32GX4M4K4000C19 8GB,20.1
Corsair CMW32GX4M4K4266C19 8GB,3.9
Corsair CMW32GX4M4Z2933C16 8GB,15.4
Corsair CMW32GX4M4Z3200C16 8GB,18.0
Corsair CMW32GX4M4Z4000C18 8GB,15.6
Corsair CMW64GX4M2A2666C16 32GB,20.8
Corsair CMW64GX4M2D3000C16 32GB,19.3
Corsair CMW64GX4M2D3600C18 32GB,18.1
Corsair CMW64GX4M2E3200C16 32GB,17.5
Corsair CMW64GX4M4A2666C16 16GB,18.3
Corsair CMW64GX4M4C3000C15 16GB,16.3
Corsair CMW64GX4M4C3200C16 16GB,17.2
Corsair CMW64GX4M4C3466C16 16GB,19.7
Corsair CMW64GX4M4D3600C18 16GB,19.2
Corsair CMW64GX4M4E3200C16 16GB,18.4
Corsair CMW64GX4M4K3600C18 16GB,16.8
Corsair CMW64GX4M4Z2933C16 16GB,17.4
Corsair CMW64GX4M8A2666C16 8GB,16.0
Corsair CMW64GX4M8C3000C15 8GB,18.8
Corsair CMW64GX4M8C3200C16 8GB,12.8
Corsair CMW64GX4M8C3466C16 8GB,14.0
Corsair CMW64GX4M8X3600C18 8GB,17.2
Corsair CMW64GX4M8Z2933C16 8GB,10.0
Corsair CMW128GX4M4D3000C16 32GB,18.4
Corsair CMW128GX4M4D3600C18 32GB,17.1
Corsair CMW128GX4M4E3200C16 32GB,16.8
Corsair CMW128GX4M8C3000C16 16GB,14.7
Corsair CMW128GX4M8C3200C16 16GB,15.0
Corsair CMW128GX4M8X3600C18 16GB,12.3
Corsair CMW256GX4M8E3200C16 32GB,12.3
Corsair CMWB8G1L2666A16W4 8GB,17.8
Corsair CMWB8G1L3200K16W4 8GB,18.9
Corsair CMWS8GL3200K16W4E 8GB,20.9
Corsair CMWX8GD3000C15W4 8GB,14.2
Corsair CMWX8GD3000C16W4D 8GB,16.7
Corsair CMWX8GD3200C16W2E 8GB,15.8
Corsair CMWX8GD3200C16W4 8GB,18.8
Corsair CMWX8GD3600C18W2D 8GB,19.7
Corsair CMWX8GD3600C18W4 8GB,20.4
Corsair CMWX8GF2666C16W4 8GB,13.4
Corsair CMWX8GF2933Z16W4 8GB,16.1
Corsair CMWX8GF2933Z19W8 8GB,18.6
Corsair CMWX8GF3200Z22W4 8GB,20.5
Corsair CMWX16GC3000C15W4 16GB,16.4
Corsair CMWX16GC3000C16W4D 16GB,17.4
Corsair CMWX16GC3200C16W2E 16GB,18.3
Corsair CMWX16GC3200C16W4 16GB,16.6
Corsair CMWX16GC3600C18W2D 16GB,17.4
Corsair MK16GX44A2666C16 4GB,13.0
Corsair ï¿½MK16GX4M2B3200C16 8GB,12.8
Corsair ï¿½MK16GX4ï¿½4B3000C15 4GB,16.1
Cortus SAS 8ATF1G64AZ-2G6E1 8GB,15.0
Cortus SAS 8ATF51264AZ-2G1A1 4GB,13.9
Crucial Technology 8G4US2400.M8B1 8GB,17.1
Crucial Technology 16G4UD2400.C16BD1 16GB,15.5
Crucial Technology BL4G24C16U4B.8FB 4GB,19.4
Crucial Technology BL4G24C16U4B.8FE 4GB,14.8
Crucial Technology BL8G24C16U4B.8FB 8GB,16.6
Crucial Technology BL8G24C16U4B.8FD 8GB,9.3
Crucial Technology BL8G26C16S4B.8FD 8GB,16.2
Crucial Technology BL8G26C16U4B.8FD 8GB,17.4
Crucial Technology BL8G26C16U4B.8FE 8GB,17.1
Crucial Technology BL8G26C16U4R.8FD 8GB,15.8
Crucial Technology BL8G26C16U4W.8FD 8GB,16.5
Crucial Technology BL8G30C15U4B.8FE 8GB,19.0
Crucial Technology BL8G30C15U4B.M8FE1 8GB,17.9
Crucial Technology BL8G30C15U4B.M8FE 8GB,16.7
Crucial Technology BL8G30C15U4BL.M8FE1 8GB,17.9
Crucial Technology BL8G30C15U4R.8FE 8GB,18.1
Crucial Technology BL8G30C15U4R.M8FE1 8GB,17.0
Crucial Technology BL8G30C15U4R.M8FE 8GB,17.8
Crucial Technology BL8G30C15U4W.8FE 8GB,19.5
Crucial Technology BL8G30C15U4W.M8FE1 8GB,19.5
Crucial Technology BL8G30C15U4W.M8FE 8GB,17.5
Crucial Technology BL8G30C15U4WL.M8FE1 8GB,17.7
Crucial Technology BL8G32C16S4B.8FE 8GB,15.7
Crucial Technology BL8G32C16S4B.M8FE1 8GB,17.8
Crucial Technology BL8G32C16S4B.M8FE 8GB,17.2
Crucial Technology BL8G32C16U4B.8FE 8GB,19.5
Crucial Technology BL8G32C16U4B.M8FE1 8GB,18.8
Crucial Technology BL8G32C16U4B.M8FE 8GB,18.1
Crucial Technology BL8G32C16U4BL.8FE 8GB,17.9
Crucial Technology BL8G32C16U4BL.M8FE1 8GB,20.3
Crucial Technology BL8G32C16U4BL.M8FE 8GB,19.0
Crucial Technology BL8G32C16U4R.8FE 8GB,19.5
Crucial Technology BL8G32C16U4R.M8FE1 8GB,17.6
Crucial Technology BL8G32C16U4R.M8FE 8GB,20.8
Crucial Technology BL8G32C16U4RL.M8FE1 8GB,18.2
Crucial Technology BL8G32C16U4RL.M8FE 8GB,17.8
Crucial Technology BL8G32C16U4W.8FE 8GB,19.3
Crucial Technology BL8G32C16U4W.M8FE1 8GB,20.1
Crucial Technology BL8G32C16U4W.M8FE 8GB,18.5
Crucial Technology BL8G32C16U4WL.8FE 8GB,17.2
Crucial Technology BL8G32C16U4WL.M8FE1 8GB,21.2
Crucial Technology BL8G32C16U4WL.M8FE 8GB,18.4
Crucial Technology BL8G36C16U4B.M8FE1 8GB,20.1
Crucial Technology BL8G36C16U4BL.M8FE1 8GB,20.2
Crucial Technology BL8G36C16U4R.M8FE1 8GB,18.9
Crucial Technology BL8G36C16U4RL.M8FE1 8GB,20.9
Crucial Technology BL8G36C16U4W.M8FE1 8GB,20.2
Crucial Technology BL8G36C16U4WL.M8FE1 8GB,20.1
Crucial Technology BL16G26C16S4B.16FD 16GB,16.2
Crucial Technology BL16G26C16S4B.16FE 16GB,14.8
Crucial Technology BL16G26C16U4B.16FD 16GB,17.5
Crucial Technology BL16G26C16U4B.16FE 16GB,15.8
Crucial Technology BL16G26C16U4R.16FE 16GB,18.0
Crucial Technology BL16G26C16U4W.16FD 16GB,16.5
Crucial Technology BL16G26C16U4W.16FE 16GB,17.6
Crucial Technology BL16G30C15U4B.16FE 16GB,20.4
Crucial Technology BL16G30C15U4B.M16FE1 16GB,17.9
Crucial Technology BL16G30C15U4R.M16FE1 16GB,20.7
Crucial Technology BL16G30C15U4W.M16FE1 16GB,20.6
Crucial Technology BL16G30C15U4WL.M16FE 16GB,18.8
Crucial Technology BL16G32C16S4B.8FB 16GB,17.4
Crucial Technology BL16G32C16S4B.16FE 16GB,16.8
Crucial Technology BL16G32C16S4B.M8FB1 16GB,16.8
Crucial Technology BL16G32C16S4B.M16FE1 16GB,17.5
Crucial Technology BL16G32C16S4B.M16FE 16GB,17.7
Crucial Technology BL16G32C16U4B.16FE 16GB,20.9
Crucial Technology BL16G32C16U4B.M8FB1 16GB,19.2
Crucial Technology BL16G32C16U4B.M16FE1 16GB,20.2
Crucial Technology BL16G32C16U4B.M16FE 16GB,18.7
Crucial Technology BL16G32C16U4BL.8FB 16GB,19.2
Crucial Technology BL16G32C16U4BL.16FE 16GB,20.9
Crucial Technology BL16G32C16U4BL.M8FB1 16GB,18.1
Crucial Technology BL16G32C16U4BL.M16FE 16GB,18.8
Crucial Technology BL16G32C16U4R.16FE 16GB,22.0
Crucial Technology BL16G32C16U4R.M16FE1 16GB,20.1
Crucial Technology BL16G32C16U4R.M16FE 16GB,18.5
Crucial Technology BL16G32C16U4RL.16FE 16GB,18.7
Crucial Technology BL16G32C16U4RL.M8FB1 16GB,19.9
Crucial Technology BL16G32C16U4RL.M16FE 16GB,18.0
Crucial Technology BL16G32C16U4W.16FE 16GB,20.9
Crucial Technology BL16G32C16U4W.M8FB1 16GB,18.7
Crucial Technology BL16G32C16U4W.M16FE1 16GB,19.8
Crucial Technology BL16G32C16U4WL.16FE 16GB,18.6
Crucial Technology BL16G32C16U4WL.M16FE 16GB,20.6
Crucial Technology BL16G36C16U4B.M8FB1 16GB,19.9
Crucial Technology BL16G36C16U4B.M16FE1 16GB,21.3
Crucial Technology BL16G36C16U4BL.M8FB1 16GB,20.0
Crucial Technology BL16G36C16U4BL.M16FE 16GB,19.7
Crucial Technology BL16G36C16U4R.M8FB1 16GB,19.6
Crucial Technology BL16G36C16U4R.M16FE1 16GB,21.3
Crucial Technology BL16G36C16U4RL.M8FB1 16GB,20.9
Crucial Technology BL16G36C16U4RL.M16FE 16GB,17.2
Crucial Technology BL16G36C16U4W.M8FB1 16GB,19.7
Crucial Technology BL16G36C16U4W.M16FE1 16GB,19.3
Crucial Technology BL16G36C16U4WL.M16FE 16GB,21.5
Crucial Technology BL32G32C16S4B.16FB 32GB,17.3
Crucial Technology BL32G32C16S4B.M16FB1 32GB,17.0
Crucial Technology BL32G32C16U4B.M16FB1 32GB,17.0
Crucial Technology BL32G32C16U4BL.M16FB 32GB,19.8
Crucial Technology BL32G32C16U4R.M16FB1 32GB,18.0
Crucial Technology BL32G32C16U4W.M16FB1 32GB,17.9
Crucial Technology BL32G32C16U4WL.M16FB 32GB,16.8
Crucial Technology BL32G36C16U4B.M16FB1 32GB,21.7
Crucial Technology BL32G36C16U4BL.M16FB 32GB,17.6
Crucial Technology BLE4G4D26AFEA.8FAD 4GB,16.2
Crucial Technology BLE4G4D26AFEA.8FADG 4GB,16.4
Crucial Technology BLE4G4D26AFEA.8FBD 4GB,18.2
Crucial Technology BLE4G4D30AEEA.K8FE 4GB,19.6
Crucial Technology BLE4G4D32AEEA.K8FD 4GB,17.3
Crucial Technology BLE4G4D32AEEA.K8FE 4GB,23.2
Crucial Technology BLE8G4D26AFEA.16FAD 8GB,16.0
Crucial Technology BLE8G4D26AFEA.16FBD 8GB,16.6
Crucial Technology BLE8G4D30AEEA.K16FD 8GB,18.0
Crucial Technology BLE8G4D30AEEA.K16FE 8GB,20.6
Crucial Technology BLE8G4D32BEEAK.K8FB 8GB,17.4
Crucial Technology BLE8G4D34AEEAK.K8FB 8GB,18.3
Crucial Technology BLE8G4D36BEEAK.M8FE1 8GB,20.2
Crucial Technology BLE8G4D36BEEAK.M8FE3 8GB,21.3
Crucial Technology BLE8G4D40BEEAK.M8FE1 8GB,18.8
Crucial Technology BLE16G4D30AEEA.K16FB 16GB,18.9
Crucial Technology BLE16G4D32AEEA.K16FB 16GB,16.6
Crucial Technology BLM8G40C18U4B.M8FE1 8GB,21.0
Crucial Technology BLM8G40C18U4BL.M8FE1 8GB,18.2
Crucial Technology BLM8G44C19U4B.M8FE1 8GB,19.0
Crucial Technology BLM8G44C19U4BL.M8FE1 8GB,22.0
Crucial Technology BLM16G40C18U4B.M8FB1 16GB,19.3
Crucial Technology BLM16G40C18U4BL.M8FB 16GB,19.0
Crucial Technology BLM16G44C19U4B.M8FB1 16GB,20.3
Crucial Technology BLM16G44C19U4BL.M8FB 16GB,18.9
Crucial Technology BLS4G4D26BFSB.8FB 4GB,13.0
Crucial Technology BLS4G4D26BFSB.8FBD2 4GB,15.9
Crucial Technology BLS4G4D26BFSB.8FBR2 4GB,17.7
Crucial Technology BLS4G4D26BFSB.8FD2 4GB,21.1
Crucial Technology BLS4G4D26BFSB.8FE 4GB,16.9
Crucial Technology BLS4G4D26BFSC.8FB 4GB,17.8
Crucial Technology BLS4G4D26BFSC.8FBD2 4GB,17.9
Crucial Technology BLS4G4D26BFSC.8FBR2 4GB,15.9
Crucial Technology BLS4G4D26BFSC.8FD2 4GB,18.7
Crucial Technology BLS4G4D26BFSC.8FE 4GB,18.8
Crucial Technology BLS4G4D26BFSE.8FB 4GB,15.7
Crucial Technology BLS4G4D26BFSE.8FBD2 4GB,17.0
Crucial Technology BLS4G4D26BFSE.8FBR2 4GB,16.4
Crucial Technology BLS4G4D26BFSE.8FD2 4GB,16.1
Crucial Technology BLS4G4D26BFSE.8FE 4GB,20.4
Crucial Technology BLS4G4D240FSA.8FAD 4GB,12.8
Crucial Technology BLS4G4D240FSA.8FADG 4GB,15.9
Crucial Technology BLS4G4D240FSA.8FAR 4GB,15.7
Crucial Technology BLS4G4D240FSA.8FARG 4GB,15.9
Crucial Technology BLS4G4D240FSA.8FBD 4GB,16.6
Crucial Technology BLS4G4D240FSA.M8F 4GB,13.6
Crucial Technology BLS4G4D240FSA.M8FADG 4GB,16.6
Crucial Technology BLS4G4D240FSA.M8FADM 4GB,13.9
Crucial Technology BLS4G4D240FSB.8FADG 4GB,14.3
Crucial Technology BLS4G4D240FSB.8FAR 4GB,16.3
Crucial Technology BLS4G4D240FSB.8FARG 4GB,16.1
Crucial Technology BLS4G4D240FSB.8FARG? 4GB,18.2
Crucial Technology BLS4G4D240FSB.8FBD2 4GB,16.5
Crucial Technology BLS4G4D240FSB.8FBD 4GB,16.3
Crucial Technology BLS4G4D240FSB.M8FADG 4GB,16.9
Crucial Technology BLS4G4D240FSB.M8FBD 4GB,16.1
Crucial Technology BLS4G4D240FSC.8FARG 4GB,18.0
Crucial Technology BLS4G4D240FSC.8FBD2 4GB,16.3
Crucial Technology BLS4G4D240FSC.8FBD 4GB,17.1
Crucial Technology BLS4G4D240FSC.8FBR2 4GB,18.5
Crucial Technology BLS4G4D240FSC.M8FADG 4GB,16.7
Crucial Technology BLS4G4D240FSE.8FAR 4GB,15.1
Crucial Technology BLS4G4D240FSE.8FBD2 4GB,16.4
Crucial Technology BLS4G4D240FSE.8FBD 4GB,16.5
Crucial Technology BLS4G4D240FSE.8FE 4GB,17.5
Crucial Technology BLS4G4D240FSE.M8FADM 4GB,15.5
Crucial Technology BLS4G4S26BFSD.8FBD2 4GB,16.1
Crucial Technology BLS4G4S26BFSD.8FBR2 4GB,15.3
Crucial Technology BLS4G4S240FSD.8FAR 4GB,15.5
Crucial Technology BLS4G4S240FSD.8FBD 4GB,11.0
Crucial Technology BLS4G4S240FSD.M8FADM 4GB,15.4
Crucial Technology BLS8G4D26BFSB.16FBD2 8GB,17.1
Crucial Technology BLS8G4D26BFSB.16FBR2 8GB,17.5
Crucial Technology BLS8G4D26BFSB.16FD2 8GB,18.4
Crucial Technology BLS8G4D26BFSB.16FE 8GB,16.1
Crucial Technology BLS8G4D26BFSBK.8FBD 8GB,17.0
Crucial Technology BLS8G4D26BFSBK.8FBR 8GB,15.3
Crucial Technology BLS8G4D26BFSBK.8FD 8GB,17.7
Crucial Technology BLS8G4D26BFSC.16FB 8GB,18.2
Crucial Technology BLS8G4D26BFSC.16FBD2 8GB,16.9
Crucial Technology BLS8G4D26BFSC.16FBR2 8GB,16.5
Crucial Technology BLS8G4D26BFSC.16FD2 8GB,18.0
Crucial Technology BLS8G4D26BFSC.16FE 8GB,16.1
Crucial Technology BLS8G4D26BFSCK.8FBD 8GB,16.7
Crucial Technology BLS8G4D26BFSCK.8FD 8GB,17.8
Crucial Technology BLS8G4D26BFSE.16FB 8GB,14.3
Crucial Technology BLS8G4D26BFSE.16FBD2 8GB,16.1
Crucial Technology BLS8G4D26BFSE.16FBR2 8GB,18.6
Crucial Technology BLS8G4D26BFSE.16FD2 8GB,17.8
Crucial Technology BLS8G4D26BFSE.16FE 8GB,17.3
Crucial Technology BLS8G4D26BFSEK.8FBD 8GB,16.1
Crucial Technology BLS8G4D26BFSEK.8FBR 8GB,19.3
Crucial Technology BLS8G4D26BFSEK.8FD 8GB,16.4
Crucial Technology BLS8G4D26BFSTK.8FD 8GB,17.8
Crucial Technology BLS8G4D30AESBK.M8FE 8GB,18.6
Crucial Technology BLS8G4D30AESCK.M8FE 8GB,18.2
Crucial Technology BLS8G4D30AESEK.M8FE1 8GB,17.8
Crucial Technology BLS8G4D30AESEK.M8FE 8GB,18.8
Crucial Technology BLS8G4D30BESBK.8FB 8GB,16.8
Crucial Technology BLS8G4D30BESBK.8FD 8GB,18.3
Crucial Technology BLS8G4D30CESTK.8FD 8GB,16.0
Crucial Technology BLS8G4D32AESBK.M8FE1 8GB,18.8
Crucial Technology BLS8G4D32AESBK.M8FE 8GB,18.7
Crucial Technology BLS8G4D32AESCK.M8FE1 8GB,20.0
Crucial Technology BLS8G4D32AESCK.M8FE 8GB,17.2
Crucial Technology BLS8G4D32AESEK.M8FE1 8GB,16.1
Crucial Technology BLS8G4D32AESEK.M8FE 8GB,20.9
Crucial Technology BLS8G4D32AESTK.M8FE1 8GB,16.7
Crucial Technology BLS8G4D32AESTK.M8FE 8GB,17.4
Crucial Technology BLS8G4D240FSA.16FAD 8GB,13.7
Crucial Technology BLS8G4D240FSA.16FADG 8GB,13.7
Crucial Technology BLS8G4D240FSA.16FAR 8GB,13.8
Crucial Technology BLS8G4D240FSA.16FARG 8GB,15.4
Crucial Technology BLS8G4D240FSA.16FBD 8GB,17.5
Crucial Technology BLS8G4D240FSA.M16FAD 8GB,14.5
Crucial Technology BLS8G4D240FSB.16FADG 8GB,15.3
Crucial Technology BLS8G4D240FSB.16FAR 8GB,13.5
Crucial Technology BLS8G4D240FSB.16FARG 8GB,15.7
Crucial Technology BLS8G4D240FSB.16FBD2 8GB,16.7
Crucial Technology BLS8G4D240FSB.16FBD 8GB,17.9
Crucial Technology BLS8G4D240FSB.16FBD? 8GB,17.2
Crucial Technology BLS8G4D240FSB.16FBR2 8GB,15.6
Crucial Technology BLS8G4D240FSB.M16FAD 8GB,14.1
Crucial Technology BLS8G4D240FSB.M16FBD 8GB,17.3
Crucial Technology BLS8G4D240FSBK.8FBD 8GB,16.8
Crucial Technology BLS8G4D240FSBK.8FD 8GB,15.3
Crucial Technology BLS8G4D240FSC.16FARG 8GB,16.5
Crucial Technology BLS8G4D240FSC.16FBD2 8GB,16.2
Crucial Technology BLS8G4D240FSC.16FBD 8GB,17.4
Crucial Technology BLS8G4D240FSC.16FBR2 8GB,15.8
Crucial Technology BLS8G4D240FSC.M16FAD 8GB,16.8
Crucial Technology BLS8G4D240FSCK.8FBD 8GB,14.9
Crucial Technology BLS8G4D240FSCK.8FD 8GB,17.0
Crucial Technology BLS8G4D240FSE.16FAR 8GB,16.8
Crucial Technology BLS8G4D240FSE.16FBD2 8GB,16.5
Crucial Technology BLS8G4D240FSE.16FBD 8GB,15.9
Crucial Technology BLS8G4D240FSE.16FBR2 8GB,15.7
Crucial Technology BLS8G4D240FSE.M16FAD 8GB,13.0
Crucial Technology BLS8G4D240FSEK.8FBD 8GB,15.7
Crucial Technology BLS8G4D240FSEK.8FBR 8GB,12.9
Crucial Technology BLS8G4D240FSEK.8FD 8GB,16.5
Crucial Technology BLS8G4S26BFSD.16FBD2 8GB,15.4
Crucial Technology BLS8G4S26BFSD.16FBR2 8GB,14.5
Crucial Technology BLS8G4S26BFSD.16FD2 8GB,14.9
Crucial Technology BLS8G4S26BFSDK.8FBD 8GB,16.2
Crucial Technology BLS8G4S26BFSDK.8FD 8GB,12.0
Crucial Technology BLS8G4S240FSD.16FAR 8GB,15.5
Crucial Technology BLS8G4S240FSD.16FBD2 8GB,16.4
Crucial Technology BLS8G4S240FSD.16FBD 8GB,15.5
Crucial Technology BLS8G4S240FSD.M16FAD 8GB,15.1
Crucial Technology BLS8G4S240FSDK.8FBD 8GB,15.5
Crucial Technology BLS8G4S240FSDK.8FD 8GB,13.4
Crucial Technology BLS16G4D26BFSB.16FBD 16GB,16.2
Crucial Technology BLS16G4D26BFSB.16FBR 16GB,17.5
Crucial Technology BLS16G4D26BFSB.16FD 16GB,18.2
Crucial Technology BLS16G4D26BFSC.16FBD 16GB,15.5
Crucial Technology BLS16G4D26BFSC.16FD 16GB,16.7
Crucial Technology BLS16G4D26BFSE.16FBD 16GB,16.8
Crucial Technology BLS16G4D26BFSE.16FD 16GB,16.1
Crucial Technology BLS16G4D26BFSE.16FE 16GB,16.9
Crucial Technology BLS16G4D26BFST.16FD 16GB,16.7
Crucial Technology BLS16G4D30AESB.M16FE 16GB,18.2
Crucial Technology BLS16G4D30AESC.M16FE 16GB,18.8
Crucial Technology BLS16G4D30AESE.M16FE 16GB,19.6
Crucial Technology BLS16G4D30BESB.16FD 16GB,17.4
Crucial Technology BLS16G4D30CEST.16FD 16GB,17.4
Crucial Technology BLS16G4D32AESB.M16FE 16GB,18.9
Crucial Technology BLS16G4D32AESC.M16FE 16GB,18.3
Crucial Technology BLS16G4D32AESE.M16FE 16GB,19.1
Crucial Technology BLS16G4D32AEST.M16FE 16GB,18.9
Crucial Technology BLS16G4D240FSB.16FAD 16GB,17.5
Crucial Technology BLS16G4D240FSB.16FBD 16GB,16.2
Crucial Technology BLS16G4D240FSB.16FBR 16GB,17.5
Crucial Technology BLS16G4D240FSB.16FD 16GB,17.5
Crucial Technology BLS16G4D240FSC.16FAD 16GB,15.8
Crucial Technology BLS16G4D240FSC.16FBD 16GB,16.8
Crucial Technology BLS16G4D240FSC.16FBR 16GB,16.3
Crucial Technology BLS16G4D240FSC.16FD 16GB,17.3
Crucial Technology BLS16G4D240FSE.16FAD 16GB,16.4
Crucial Technology BLS16G4D240FSE.16FBD 16GB,16.3
Crucial Technology BLS16G4D240FSE.16FBR 16GB,13.2
Crucial Technology BLS16G4D240FSE.16FD 16GB,16.1
Crucial Technology BLS16G4S26BFSD.16FBD 16GB,14.9
Crucial Technology BLS16G4S26BFSD.16FD 16GB,16.1
Crucial Technology BLS16G4S240FSD.16FAD 16GB,10.3
Crucial Technology BLS16G4S240FSD.16FBD 16GB,15.2
Crucial Technology BLS16G4S240FSD.16FBR 16GB,14.3
Crucial Technology BLS16G4S240FSD.16FD 16GB,15.7
Crucial Technology BLT4G4D26AFTA.8FADG 4GB,16.5
Crucial Technology BLT4G4D26AFTA.8FBD 4GB,16.5
Crucial Technology BLT4G4D30AETA.K8FD 4GB,17.9
Crucial Technology BLT4G4D30AETA.K8FE 4GB,18.5
Crucial Technology BLT8G4D26AFTA.16FAD 8GB,15.6
Crucial Technology BLT8G4D26AFTA.16FBD 8GB,17.8
Crucial Technology BLT8G4D26BFT4K.C8FD 8GB,18.2
Crucial Technology BLT8G4D30AET4K.M8FE1 8GB,17.8
Crucial Technology BLT8G4D30AETA.K16FD 8GB,20.8
Crucial Technology BLT8G4D30AETA.K16FE 8GB,18.2
Crucial Technology BLT8G4D30BET4K.C8FD 8GB,17.1
Crucial Technology BLT8G4D32AET4K.M8FE1 8GB,18.3
Crucial Technology BLT16G4D26BFT4.C16FD 16GB,15.8
Crucial Technology BLT16G4D30AETA.K16FB 16GB,17.3
Crucial Technology BLT16G4D30BET4.C16FD 16GB,16.8
Crucial Technology B|B8G4D30BET4K.C8FD 8GB,11.9
Crucial Technology C 8GB,13.2
Crucial Technology CB4GU2400.M8E 4GB,14.8
Crucial Technology CB8GS2400.C8D 8GB,13.6
Crucial Technology CB8GS2400.C8ET 8GB,15.7
Crucial Technology CB8GU2400.C8D 8GB,13.3
Crucial Technology CB8GU2400.C8ET 8GB,13.8
Crucial Technology CB8GU2400.C8JT 8GB,16.0
Crucial Technology CB8GU2666.C8DT 8GB,17.2
Crucial Technology CB8GU2666.C8ET 8GB,15.8
Crucial Technology CB8GU2666.C8JT 8GB,16.9
Crucial Technology CB8GU2666.C8NT 8GB,15.4
Crucial Technology CB8GU2666.C8RT 8GB,15.6
Crucial Technology CB16GS2400.C16J 16GB,13.3
Crucial Technology CB16GS2666.C8BT 16GB,15.3
Crucial Technology CB16GS2666.C8ET 16GB,14.6
Crucial Technology CB16GU2666.C8ET 16GB,16.8
Crucial Technology CT4G4DFS824A.C8FADP 4GB,16.0
Crucial Technology CT4G4DFS824A.C8FBD1 4GB,16.1
Crucial Technology CT4G4DFS824A.C8FBD2 4GB,15.9
Crucial Technology CT4G4DFS824A.C8FBR2 4GB,16.1
Crucial Technology CT4G4DFS824A.C8FDD2 4GB,15.8
Crucial Technology CT4G4DFS824A.C8FE 4GB,15.5
Crucial Technology CT4G4DFS824A.C8FF 4GB,16.5
Crucial Technology CT4G4DFS824A.C8FHP 4GB,14.8
Crucial Technology CT4G4DFS824A.M8FB 4GB,17.0
Crucial Technology CT4G4DFS824A.M8FE 4GB,12.0
Crucial Technology CT4G4DFS824A.M8FF 4GB,14.5
Crucial Technology CT4G4DFS8213.8FA11 4GB,15.4
Crucial Technology CT4G4DFS8213.8FA11?? 4GB,16.1
Crucial Technology CT4G4DFS8213.C8FAD1 4GB,12.4
Crucial Technology CT4G4DFS8213.C8FAD11 4GB,14.4
Crucial Technology CT4G4DFS8213.C8FADP 4GB,14.5
Crucial Technology CT4G4DFS8213.C8FAR1 4GB,13.2
Crucial Technology CT4G4DFS8213.C8FAR2 4GB,12.7
Crucial Technology CT4G4DFS8213.C8FAR11 4GB,14.2
Crucial Technology CT4G4DFS8213.C8FAR 4GB,12.6
Crucial Technology CT4G4DFS8213.C8FBD1 4GB,14.8
Crucial Technology CT4G4DFS8213.C8FBD2 4GB,15.3
Crucial Technology CT4G4DFS8213.C8FBR2 4GB,15.3
Crucial Technology CT4G4DFS8213.C8FDD2 4GB,16.8
Crucial Technology CT4G4DFS8213.C8FHP 4GB,13.2
Crucial Technology CT4G4DFS8213.M8FA 4GB,14.8
Crucial Technology CT4G4DFS8213.M8FB 4GB,15.3
Crucial Technology CT4G4DFS8266.C8FB 4GB,18.4
Crucial Technology CT4G4DFS8266.C8FE 4GB,14.0
Crucial Technology CT4G4DFS8266.C8FF 4GB,15.2
Crucial Technology CT4G4DFS8266.C8FG 4GB,17.1
Crucial Technology CT4G4DFS8266.M8FE 4GB,15.4
Crucial Technology CT4G4DFS8266.M8FF 4GB,16.2
Crucial Technology CT4G4DFS8266.M8FG 4GB,15.4
Crucial Technology CT4G4SFS624A.C4FB 4GB,14.8
Crucial Technology CT4G4SFS824A.C8FBD2 4GB,11.7
Crucial Technology CT4G4SFS824A.C8FBR2 4GB,16.6
Crucial Technology CT4G4SFS824A.C8FE 4GB,14.7
Crucial Technology CT4G4SFS824A.C8FF 4GB,16.1
Crucial Technology CT4G4SFS824A.M8FB 4GB,15.1
Crucial Technology CT4G4SFS824A.M8FE 4GB,14.6
Crucial Technology CT4G4SFS8213.C8FADP 4GB,14.3
Crucial Technology CT4G4SFS8213.C8FBD1 4GB,11.3
Crucial Technology CT4G4SFS8213.C8FBD2 4GB,12.9
Crucial Technology CT4G4SFS8213.C8FBR2 4GB,12.9
Crucial Technology CT4G4SFS8213.C8FDD2 4GB,14.6
Crucial Technology CT4G4SFS8213.C8FHP 4GB,14.6
Crucial Technology CT4G4SFS8266.C8FE 4GB,14.7
Crucial Technology CT4G4SFS8266.M8FE 4GB,13.2
Crucial Technology CT8G4DFD824A.C16FADP 8GB,17.1
Crucial Technology CT8G4DFD824A.C16FBD1 8GB,17.2
Crucial Technology CT8G4DFD824A.C16FBD2 8GB,15.5
Crucial Technology CT8G4DFD824A.C16FBR2 8GB,16.2
Crucial Technology CT8G4DFD824A.C16FDD2 8GB,17.6
Crucial Technology CT8G4DFD824A.C16FDR2 8GB,18.5
Crucial Technology CT8G4DFD824A.C16FE 8GB,17.7
Crucial Technology CT8G4DFD824A.C16FF 8GB,16.7
Crucial Technology CT8G4DFD824A.C16FHP 8GB,16.7
Crucial Technology CT8G4DFD824A.M16FB 8GB,16.4
Crucial Technology CT8G4DFD824A.M16FE 8GB,18.2
Crucial Technology CT8G4DFD824A.M16FF 8GB,16.3
Crucial Technology CT8G4DFD8213.16FA11 8GB,15.5
Crucial Technology CT8G4DFD8213.C16FA11 8GB,16.5
Crucial Technology CT8G4DFD8213.C16FAD1 8GB,13.2
Crucial Technology CT8G4DFD8213.C16FADP 8GB,14.5
Crucial Technology CT8G4DFD8213.C16FAR1 8GB,14.7
Crucial Technology CT8G4DFD8213.C16FAR2 8GB,16.2
Crucial Technology CT8G4DFD8213.C16FBD1 8GB,16.8
Crucial Technology CT8G4DFD8213.C16FBD2 8GB,15.7
Crucial Technology CT8G4DFD8213.C16FBR2 8GB,15.3
Crucial Technology CT8G4DFD8213.C16FDD2 8GB,16.1
Crucial Technology CT8G4DFD8213.C16FDR2 8GB,15.7
Crucial Technology CT8G4DFD8213.C16FHP 8GB,15.0
Crucial Technology CT8G4DFD8213.M16FA 8GB,16.2
Crucial Technology CT8G4DFD8213.M16FB 8GB,16.7
Crucial Technology CT8G4DFRA32A.8FE1 8GB,17.6
Crucial Technology CT8G4DFRA32A.C4FE 8GB,16.8
Crucial Technology CT8G4DFRA32A.C8FN 8GB,17.7
Crucial Technology CT8G4DFRA32A.C8FP 8GB,18.5
Crucial Technology CT8G4DFRA32A.C8FR 8GB,19.2
Crucial Technology CT8G4DFRA32A.M4FE 8GB,19.7
Crucial Technology CT8G4DFRA32A.M4FF 8GB,19.0
Crucial Technology CT8G4DFRA32A.M8FR 8GB,18.5
Crucial Technology CT8G4DFRA266.C8FB 8GB,16.9
Crucial Technology CT8G4DFRA266.C8FE 8GB,17.2
Crucial Technology CT8G4DFRA266.C8FJ 8GB,15.7
Crucial Technology CT8G4DFRA266.C8FN 8GB,15.9
Crucial Technology CT8G4DFRA266.C8FP 8GB,15.3
Crucial Technology CT8G4DFRA266.M4FE 8GB,18.4
Crucial Technology CT8G4DFRA266.M8FR 8GB,16.5
Crucial Technology CT8G4DFS632A.M4FB 8GB,19.6
Crucial Technology CT8G4DFS632A.M4FE 8GB,17.6
Crucial Technology CT8G4DFS824A.C8FAD1 8GB,17.2
Crucial Technology CT8G4DFS824A.C8FBD1 8GB,16.0
Crucial Technology CT8G4DFS824A.C8FBR1 8GB,14.1
Crucial Technology CT8G4DFS824A.C8FDD1 8GB,14.6
Crucial Technology CT8G4DFS824A.C8FE 8GB,15.8
Crucial Technology CT8G4DFS824A.C8FHD1 8GB,15.7
Crucial Technology CT8G4DFS824A.C8FJ 8GB,18.0
Crucial Technology CT8G4DFS824A.M8FA 8GB,15.4
Crucial Technology CT8G4DFS824A.M8FB 8GB,16.6
Crucial Technology CT8G4DFS824A.M8FD 8GB,16.3
Crucial Technology CT8G4DFS824A.M8FE 8GB,17.1
Crucial Technology CT8G4DFS824A.M8FGM 8GB,18.2
Crucial Technology CT8G4DFS824A.M8FH3 8GB,17.0
Crucial Technology CT8G4DFS824A.M8FH 8GB,16.3
Crucial Technology CT8G4DFS824A.M8FR 8GB,16.0
Crucial Technology CT8G4DFS832A.C8FE 8GB,21.6
Crucial Technology CT8G4DFS832A.C8FJ 8GB,18.2
Crucial Technology CT8G4DFS832A.C8FP 8GB,20.8
Crucial Technology CT8G4DFS832A.M8FJ 8GB,16.9
Crucial Technology CT8G4DFS832A.M8FR 8GB,21.0
Crucial Technology CT8G4DFS6266.M4FE 8GB,17.3
Crucial Technology CT8G4DFS8213.C8FAD1 8GB,13.7
Crucial Technology CT8G4DFS8213.C8FBD1 8GB,15.3
Crucial Technology CT8G4DFS8213.C8FBR1 8GB,15.6
Crucial Technology CT8G4DFS8213.C8FDD1 8GB,17.3
Crucial Technology CT8G4DFS8213.C8FDR1 8GB,16.2
Crucial Technology CT8G4DFS8213.C8FH1 8GB,16.4
Crucial Technology CT8G4DFS8213.M8FA 8GB,16.1
Crucial Technology CT8G4DFS8213.M8FB 8GB,15.7
Crucial Technology CT8G4DFS8213.M8FH 8GB,14.5
Crucial Technology CT8G4DFS8266.C8FD1 8GB,17.0
Crucial Technology CT8G4DFS8266.C8FE 8GB,17.0
Crucial Technology CT8G4DFS8266.C8FJ 8GB,16.6
Crucial Technology CT8G4DFS8266.C8FN 8GB,16.4
Crucial Technology CT8G4DFS8266.C8FP 8GB,18.0
Crucial Technology CT8G4DFS8266.K8FB 8GB,17.5
Crucial Technology CT8G4DFS8266.M8FD 8GB,17.8
Crucial Technology CT8G4DFS8266.M8FE 8GB,17.3
Crucial Technology CT8G4DFS8266.M8FH 8GB,17.6
Crucial Technology CT8G4DFS8266.M8FJ 8GB,17.1
Crucial Technology CT8G4SFD824A.C16FADP 8GB,15.6
Crucial Technology CT8G4SFD824A.C16FBD1 8GB,17.7
Crucial Technology CT8G4SFD824A.C16FBD2 8GB,14.6
Crucial Technology CT8G4SFD824A.C16FDD2 8GB,14.8
Crucial Technology CT8G4SFD824A.C16FE 8GB,16.2
Crucial Technology CT8G4SFD824A.C16FF 8GB,17.1
Crucial Technology CT8G4SFD824A.C16FHP 8GB,16.0
Crucial Technology CT8G4SFD824A.M16FB 8GB,16.5
Crucial Technology CT8G4SFD824A.M16FE1 8GB,16.8
Crucial Technology CT8G4SFD824AC16FBD1 8GB,17.3
Crucial Technology CT8G4SFD8213.C16FADP 8GB,13.1
Crucial Technology CT8G4SFD8213.C16FBD1 8GB,14.1
Crucial Technology CT8G4SFD8213.C16FBD2 8GB,13.3
Crucial Technology CT8G4SFD8213.C16FBR2 8GB,17.1
Crucial Technology CT8G4SFD8213.C16FDD2 8GB,15.3
Crucial Technology CT8G4SFD8213.C16FHP 8GB,12.2
Crucial Technology CT8G4SFD8213.M16FB 8GB,15.5
Crucial Technology CT8G4SFRA32A.C4FE 8GB,16.1
Crucial Technology CT8G4SFRA32A.C8FE 8GB,16.7
Crucial Technology CT8G4SFRA32A.C8FN 8GB,17.2
Crucial Technology CT8G4SFRA32A.C8FR 8GB,16.0
Crucial Technology CT8G4SFRA32A.C16FG 8GB,14.9
Crucial Technology CT8G4SFRA32A.M4FE 8GB,16.4
Crucial Technology CT8G4SFRA32A.M4FF 8GB,14.1
Crucial Technology CT8G4SFRA32A.M8FJ 8GB,15.7
Crucial Technology CT8G4SFRA32A.M8FR 8GB,15.6
Crucial Technology CT8G4SFRA32A.M8FRS 8GB,16.2
Crucial Technology CT8G4SFRA266.C4FE 8GB,16.4
Crucial Technology CT8G4SFRA266.C8FD1 8GB,15.7
Crucial Technology CT8G4SFRA266.C8FE 8GB,15.1
Crucial Technology CT8G4SFRA266.C8FP 8GB,16.3
Crucial Technology CT8G4SFRA266.M4FE 8GB,16.8
Crucial Technology CT8G4SFRA266.M8FJ 8GB,14.4
Crucial Technology CT8G4SFRA266.M8FRS 8GB,15.9
Crucial Technology CT8G4SFRA266.M16FG 8GB,16.9
Crucial Technology CT8G4SFS632A 8GB,16.1
Crucial Technology CT8G4SFS632A.M4FE 8GB,17.8
Crucial Technology CT8G4SFS824A.C8FAD1 8GB,14.8
Crucial Technology CT8G4SFS824A.C8FBD1 8GB,14.6
Crucial Technology CT8G4SFS824A.C8FBR1 8GB,13.3
Crucial Technology CT8G4SFS824A.C8FDD1 8GB,15.1
Crucial Technology CT8G4SFS824A.C8FDR1 8GB,14.8
Crucial Technology CT8G4SFS824A.C8FE 8GB,15.3
Crucial Technology CT8G4SFS824A.C8FHD1 8GB,14.2
Crucial Technology CT8G4SFS824A.C8FJ 8GB,15.0
Crucial Technology CT8G4SFS824A.C8FP 8GB,15.0
Crucial Technology CT8G4SFS824A.C8FR 8GB,13.3
Crucial Technology CT8G4SFS824A.M8FA 8GB,13.7
Crucial Technology CT8G4SFS824A.M8FB 8GB,16.1
Crucial Technology CT8G4SFS824A.M8FD 8GB,15.5
Crucial Technology CT8G4SFS824A.M8FE 8GB,13.9
Crucial Technology CT8G4SFS824A.M8FH 8GB,16.0
Crucial Technology CT8G4SFS824A.M8FJ 8GB,15.9
Crucial Technology CT8G4SFS824A.M8FRS 8GB,14.5
Crucial Technology CT8G4SFS832A.C8FE 8GB,16.7
Crucial Technology CT8G4SFS832A.C8FN 8GB,18.1
Crucial Technology CT8G4SFS832A.C8FP 8GB,16.6
Crucial Technology CT8G4SFS832A.C8FR 8GB,17.9
Crucial Technology CT8G4SFS832A.M8FR 8GB,18.8
Crucial Technology CT8G4SFS832A.M8FRS 8GB,16.9
Crucial Technology CT8G4SFS6266.M4FB 8GB,17.1
Crucial Technology CT8G4SFS8213.C8FAD1 8GB,14.4
Crucial Technology CT8G4SFS8213.C8FBD1 8GB,11.0
Crucial Technology CT8G4SFS8213.C8FBR1 8GB,13.9
Crucial Technology CT8G4SFS8213.C8FDR1 8GB,13.6
Crucial Technology CT8G4SFS8213.C8FH1 8GB,12.4
Crucial Technology CT8G4SFS8213.M8FA 8GB,14.6
Crucial Technology CT8G4SFS8213.M8FB 8GB,14.2
Crucial Technology CT8G4SFS8266.C8FD1 8GB,16.7
Crucial Technology CT8G4SFS8266.C8FE 8GB,17.2
Crucial Technology CT8G4SFS8266.C8FJ 8GB,16.4
Crucial Technology CT8G4SFS8266.C8FN 8GB,15.4
Crucial Technology CT8G4SFS8266.M8FB 8GB,15.8
Crucial Technology CT8G4SFS8266.M8FD 8GB,15.6
Crucial Technology CT8G4SFS8266.M8FE 8GB,16.3
Crucial Technology CT16G4DFD824A.C16FAD 16GB,16.7
Crucial Technology CT16G4DFD824A.C16FBD 16GB,15.5
Crucial Technology CT16G4DFD824A.C16FBR 16GB,15.3
Crucial Technology CT16G4DFD824A.C16FDD 16GB,17.4
Crucial Technology CT16G4DFD824A.C16FDR 16GB,14.8
Crucial Technology CT16G4DFD824A.C16FE 16GB,14.8
Crucial Technology CT16G4DFD824A.C16FHD 16GB,15.2
Crucial Technology CT16G4DFD824A.C16FJ 16GB,16.5
Crucial Technology CT16G4DFD824A.M16FA 16GB,16.5
Crucial Technology CT16G4DFD824A.M16FB 16GB,15.2
Crucial Technology CT16G4DFD824A.M16FD 16GB,17.0
Crucial Technology CT16G4DFD824A.M16FE 16GB,15.8
Crucial Technology CT16G4DFD824A.M16FH 16GB,17.2
Crucial Technology CT16G4DFD824A.M16FJ 16GB,15.3
Crucial Technology CT16G4DFD832A.C16FJ 16GB,16.4
Crucial Technology CT16G4DFD832A.C16FN 16GB,17.5
Crucial Technology CT16G4DFD832A.C16FP 16GB,18.0
Crucial Technology CT16G4DFD832A.M16FJ 16GB,15.9
Crucial Technology CT16G4DFD8213.16FDD1 16GB,13.6
Crucial Technology CT16G4DFD8213.C16FAD 16GB,16.4
Crucial Technology CT16G4DFD8213.C16FBD 16GB,16.3
Crucial Technology CT16G4DFD8213.C16FBR 16GB,14.1
Crucial Technology CT16G4DFD8213.C16FDD 16GB,15.4
Crucial Technology CT16G4DFD8213.C16FH1 16GB,15.9
Crucial Technology CT16G4DFD8213.M16FA 16GB,14.9
Crucial Technology CT16G4DFD8213.M16FB 16GB,16.1
Crucial Technology CT16G4DFD8266.C16FD1 16GB,16.3
Crucial Technology CT16G4DFD8266.C16FE 16GB,16.3
Crucial Technology CT16G4DFD8266.C16FJ 16GB,15.3
Crucial Technology CT16G4DFD8266.C16FN 16GB,16.6
Crucial Technology CT16G4DFD8266.C16FP 16GB,16.7
Crucial Technology CT16G4DFD8266.M16FD 16GB,17.7
Crucial Technology CT16G4DFD8266.M16FE 16GB,16.7
Crucial Technology CT16G4DFD8266.M16FH 16GB,15.9
Crucial Technology CT16G4DFD8266.M16FJ 16GB,17.3
Crucial Technology CT16G4DFD8266.M16FR 16GB,19.4
Crucial Technology CT16G4DFRA32A.C8FB 16GB,19.5
Crucial Technology CT16G4DFRA32A.C8FE 16GB,18.1
Crucial Technology CT16G4DFRA32A.C16FN 16GB,16.8
Crucial Technology CT16G4DFRA32A.C16FP 16GB,21.1
Crucial Technology CT16G4DFRA32A.C16FR 16GB,24.7
Crucial Technology CT16G4DFRA32A.M8FB 16GB,15.1
Crucial Technology CT16G4DFRA32A.M16FE 16GB,20.9
Crucial Technology CT16G4DFRA32A.M16FJ1 16GB,22.2
Crucial Technology CT16G4DFRA32A.M16FR 16GB,19.3
Crucial Technology CT16G4DFRA266.C8FB 16GB,16.2
Crucial Technology CT16G4DFRA266.C8FE 16GB,16.9
Crucial Technology CT16G4DFRA266.C16FP 16GB,16.1
Crucial Technology CT16G4DFRA266.M16FR 16GB,15.9
Crucial Technology CT16G4DFS832A.C8FE 16GB,20.0
Crucial Technology CT16G4DFS832A.M8FF 16GB,21.5
Crucial Technology CT16G4DFS8266.C8FB 16GB,17.3
Crucial Technology CT16G4DFS8266.C8FE 16GB,17.2
Crucial Technology CT16G4S24AM.M16FB 16GB,16.8
Crucial Technology CT16G4S24AM.M16FE 16GB,16.9
Crucial Technology CT16G4SFD824A.C16FBD 16GB,14.3
Crucial Technology CT16G4SFD824A.C16FBR 16GB,14.9
Crucial Technology CT16G4SFD824A.C16FDD 16GB,14.1
Crucial Technology CT16G4SFD824A.C16FE 16GB,14.7
Crucial Technology CT16G4SFD824A.C16FHD 16GB,14.5
Crucial Technology CT16G4SFD824A.C16FJ 16GB,13.6
Crucial Technology CT16G4SFD824A.C16FN 16GB,15.4
Crucial Technology CT16G4SFD824A.M16FA 16GB,15.9
Crucial Technology CT16G4SFD824A.M16FB 16GB,15.3
Crucial Technology CT16G4SFD824A.M16FD1 16GB,15.6
Crucial Technology CT16G4SFD824A.M16FD 16GB,14.1
Crucial Technology CT16G4SFD824A.M16FE 16GB,15.1
Crucial Technology CT16G4SFD824A.M16FH 16GB,14.5
Crucial Technology CT16G4SFD824A.M16FJ 16GB,16.0
Crucial Technology CT16G4SFD824A.M16FR 16GB,13.9
Crucial Technology CT16G4SFD824A.M16FRS 16GB,16.1
Crucial Technology CT16G4SFD832A.C16FJ 16GB,18.2
Crucial Technology CT16G4SFD832A.C16FN 16GB,16.6
Crucial Technology CT16G4SFD832A.C16FP 16GB,16.8
Crucial Technology CT16G4SFD832A.M16FJ 16GB,16.9
Crucial Technology CT16G4SFD832A.M16FRS 16GB,15.1
Crucial Technology CT16G4SFD8213.C16FAD 16GB,12.2
Crucial Technology CT16G4SFD8213.C16FBD 16GB,14.0
Crucial Technology CT16G4SFD8213.C16FBR 16GB,13.9
Crucial Technology CT16G4SFD8213.C16FDD 16GB,15.7
Crucial Technology CT16G4SFD8213.C16FH1 16GB,14.6
Crucial Technology CT16G4SFD8213.M16FA 16GB,15.4
Crucial Technology CT16G4SFD8213.M16FB 16GB,13.7
Crucial Technology CT16G4SFD8266 16GB,12.7
Crucial Technology CT16G4SFD8266.16FE1 16GB,15.6
Crucial Technology CT16G4SFD8266.C8FBD1 16GB,18.0
Crucial Technology CT16G4SFD8266.C16FD1 16GB,16.1
Crucial Technology CT16G4SFD8266.C16FE 16GB,14.8
Crucial Technology CT16G4SFD8266.C16FJ 16GB,15.2
Crucial Technology CT16G4SFD8266.C16FN 16GB,17.1
Crucial Technology CT16G4SFD8266.M16FE 16GB,15.7
Crucial Technology CT16G4SFD8266.M16FH 16GB,18.4
Crucial Technology CT16G4SFD8266.M16FJ 16GB,16.3
Crucial Technology CT16G4SFD8266.M16FRS 16GB,15.7
Crucial Technology CT16G4SFDFD4A.M16FH 16GB,11.7
Crucial Technology CT16G4SFRA32A.C8FB 16GB,15.6
Crucial Technology CT16G4SFRA32A.C8FE 16GB,16.1
Crucial Technology CT16G4SFRA32A.C8FF 16GB,15.8
Crucial Technology CT16G4SFRA32A.C16FJ 16GB,16.1
Crucial Technology CT16G4SFRA32A.C16FN 16GB,18.3
Crucial Technology CT16G4SFRA32A.C16FP 16GB,16.0
Crucial Technology CT16G4SFRA32A.C16FR 16GB,16.5
Crucial Technology CT16G4SFRA32A.M8FB 16GB,16.8
Crucial Technology CT16G4SFRA32A.M8FF 16GB,16.4
Crucial Technology CT16G4SFRA32A.M16FR 16GB,16.3
Crucial Technology CT16G4SFRA32A.M16FRS 16GB,16.2
Crucial Technology CT16G4SFRA266.C8FB 16GB,14.3
Crucial Technology CT16G4SFRA266.C8FE 16GB,15.9
Crucial Technology CT16G4SFRA266.C16FJ 16GB,17.0
Crucial Technology CT16G4SFRA266.C16FR 16GB,14.6
Crucial Technology CT16G4SFRA266.M8FB 16GB,15.0
Crucial Technology CT16G4SFRA266.M16FR 16GB,16.7
Crucial Technology CT16G4SFRA266.M16FRS 16GB,15.0
Crucial Technology CT16G4SFS832A.C8FB 16GB,16.0
Crucial Technology CT16G4SFS832A.C8FE 16GB,17.1
Crucial Technology CT16G4SFS832A.M8FB 16GB,17.1
Crucial Technology CT16G4SFS832A.M8FE 16GB,12.7
Crucial Technology CT16G4SFS8266.C8FE 16GB,15.8
Crucial Technology CT32G4DFD832A.C16FE 32GB,21.3
Crucial Technology CT32G4DFD832A.M16FB 32GB,18.1
Crucial Technology CT32G4DFD832A.M16FF 32GB,18.5
Crucial Technology CT32G4DFD8266.C16FE 32GB,18.0
Crucial Technology CT32G4DFD8266.M16FB 32GB,15.3
Crucial Technology CT32G4SFD832A.C16FB 32GB,16.9
Crucial Technology CT32G4SFD832A.C16FE 32GB,16.8
Crucial Technology CT32G4SFD832A.C16FF 32GB,16.3
Crucial Technology CT32G4SFD832A.M16FB 32GB,16.8
Crucial Technology CT32G4SFD832A.M16FF 32GB,16.8
Crucial Technology CT32G4SFD8266.C16FB 32GB,16.0
Crucial Technology CT32G4SFD8266.C16FE 32GB,16.2
Crucial Technology CT32G4SFD8266.M16FB 32GB,16.6
Cuso YX4U2666D19081C 8GB,13.7
DSL Memory CIR-W4SUSS2408G 8GB,17.6
DSL Memory D4SH1G081SH26A-C 8GB,17.0
DSL Memory D4SS1G081SH24A-A 8GB,14.6
DSL Memory D4SS1G082SH21A-B 16GB,13.4
DSL Memory D4SS12081SH21A-A 4GB,13.2
DSL Memory D4SS12082SH21A-A 8GB,14.4
Dust Leopard DDR4-2400 C16 8GB 8GB,20.2
Dust Leopard DDR4-2400 C17 4GB 4GB,13.3
Dust Leopard DDR4-2400 C17 8GB 8GB,16.9
Dust Leopard DDR4-2400 CL17 8GB 8GB,15.1
Essencore Limited 8GBF1X08QFHH38-135-K 8GB,17.0
Essencore Limited IM4AGS88N24-FFFHA0 16GB,17.2
Essencore Limited IM4AGS88N26-GIIHA0 16GB,14.9
Essencore Limited IM4AGU88A30-FGGHMB 16GB,15.8
Essencore Limited IM4AGU88N24-FFFHA0 16GB,16.1
Essencore Limited IM4AGU88N24-FFFHMB 16GB,15.5
Essencore Limited IM4AGU88N26-GIIHA0 16GB,16.4
Essencore Limited IM4AGU88N26-GIIHMB 16GB,16.2
Essencore Limited IM44GU48A30-FGGHAB 4GB,17.0
Essencore Limited IM44GU48N21-FFFHM 4GB,15.4
Essencore Limited IM44GU48N24-FFFHA0 4GB,18.1
Essencore Limited IM44GU48N24-FFFHAB 4GB,16.9
Essencore Limited IM44GU48N26-FFFHM 4GB,15.9
Essencore Limited IM44GU48N26-GIIHA0 4GB,16.7
Essencore Limited IM44GU48N28-GGGHM 4GB,16.5
Essencore Limited IM48GS88N26-JJJHA0 8GB,14.7
Essencore Limited IM48GU48A30-GIIHM 8GB,20.3
Essencore Limited IM48GU48A32-GIISMZ 8GB,20.0
Essencore Limited IM48GU48N21-FFFHM 8GB,12.9
Essencore Limited IM48GU48N24-FFFHM 8GB,17.5
Essencore Limited IM48GU48N28-GGGHM 8GB,16.4
Essencore Limited IM48GU88A30-FGGHMB 8GB,19.0
Essencore Limited IM48GU88A30-FGGHMZ 8GB,19.4
Essencore Limited IM48GU88N21-FFFHM 8GB,14.4
Essencore Limited IM48GU88N24-FFFHA0 8GB,16.5
Essencore Limited IM48GU88N24-FFFHAB 8GB,19.4
Essencore Limited IM48GU88N24-FFFHMB 8GB,15.1
Essencore Limited IM48GU88N26-FFFHMZ 8GB,17.4
Essencore Limited IM48GU88N26-GIIHA0 8GB,15.7
Essencore Limited IM48GU88N26-GIIHA 8GB,18.0
Essencore Limited IM48GU88N26-GIIHMB 8GB,12.9
Essencore Limited IMA41GU6MFR8N-CF0 8GB,18.4
Essencore Limited KD4AGS88C-26N1900 16GB,16.4
Essencore Limited KD4AGS88C-32N220D 16GB,17.0
Essencore Limited KD4AGSA8A-32N2200 16GB,16.8
Essencore Limited KD4AGU88C-26N190A 16GB,16.2
Essencore Limited KD4AGU88C-26N1900 16GB,18.2
Essencore Limited KD4AGU880-32A160T 16GB,18.7
Essencore Limited KD4AGU880-32A160U 16GB,18.3
Essencore Limited KD4AGU880-32A160X 16GB,21.9
Essencore Limited KD4AGU880-32N220D 16GB,24.4
Essencore Limited KD4AGU880-34A170X 16GB,19.2
Essencore Limited KD4AGU880-36A180C 16GB,23.6
Essencore Limited KD4AGU880-36A180U 16GB,17.6
Essencore Limited KD4AGU880-36A180X 16GB,18.2
Essencore Limited KD4AGUA80-36A180C 16GB,21.5
Essencore Limited KD4AGUA80-36A180T 16GB,22.2
Essencore Limited KD4BGSA8C-32N220A 32GB,16.4
Essencore Limited KD4BGUA8C-32N220A 32GB,19.5
Essencore Limited KD44GU480-26N160T 4GB,15.3
Essencore Limited KD44GU481-26N1600 4GB,15.1
Essencore Limited KD48GS88A-26N1600 8GB,15.1
Essencore Limited KD48GS88C-32N2200 8GB,17.7
Essencore Limited KD48GS88J-26N1900 8GB,16.4
Essencore Limited KD48GS481-26N1600 8GB,17.5
Essencore Limited KD48GU88A-26N1600 8GB,18.1
Essencore Limited KD48GU88C-26N190A 8GB,13.5
Essencore Limited KD48GU88C-26N1600 8GB,20.5
Essencore Limited KD48GU481-26N1600 8GB,13.2
Essencore Limited KD48GU880-26N160T 8GB,17.8
Essencore Limited KD48GU880-32A160T 8GB,21.0
Essencore Limited KD48GU880-32A160U 8GB,20.1
Essencore Limited KD48GU880-32A160X 8GB,17.8
Essencore Limited KD48GU880-32N220A 8GB,19.9
Essencore Limited KD48GU880-32N220D 8GB,15.7
Essencore Limited KD48GU880-32N220T 8GB,12.3
Essencore Limited KD48GU880-32N2200 8GB,22.2
Essencore Limited KD48GU880-34A170X 8GB,18.9
Essencore Limited KD48GU880-36A180U 8GB,18.6
Essencore Limited KD48GU880-36A180X 8GB,20.4
Essencore Limited KD48GU880-36A180Z 8GB,21.3
Essencore Limited KD48GU880-40B190Z 8GB,20.8
Essencore Limited KD48GU880-42B190Z 8GB,23.2
Essencore Limited KD48GU881-26N190A 8GB,15.7
Essencore Limited KD48GU881-26N190D 8GB,17.0
Eudar Technology Inc. 8GXMP2666CL16 8GB,16.5
Eudar Technology Inc. 8GXMP3000CL16 8GB,14.7
EVGA 8GX-D4-2800-MR 8GB,17.4
EVGA 8GX-D4-3000-MR 8GB,17.9
EVGA 8GX-D4-3200-MR 8GB,18.2
EVGA 16G-D4-2400-MR 8GB,17.9
EVGA 16G-D4-2666-MR 4GB,17.3
EVGA 16G-D4-2800-MR 4GB,13.2
EXCELERAM D48G8G8H8SS9CJRB22 8GB,17.0
EXCELERAM D4168G8HHSS9CJRB21 16GB,14.2
EXCELERAM EKBLACK4163016AD 8GB,17.1
G Skill Intl F4-2133C15-4GFX 4GB,14.1
G Skill Intl F4-2133C15-4GIS 4GB,16.0
G Skill Intl F4-2133C15-4GNT 4GB,13.9
G Skill Intl F4-2133C15-4GRB 4GB,13.1
G Skill Intl F4-2133C15-4GRK 4GB,13.5
G Skill Intl F4-2133C15-4GRR 4GB,14.7
G Skill Intl F4-2133C15-4GRS 4GB,15.9
G Skill Intl F4-2133C15-4GVK 4GB,16.2
G Skill Intl F4-2133C15-4GVR 4GB,15.0
G Skill Intl F4-2133C15-8GFT 8GB,15.6
G Skill Intl F4-2133C15-8GFX 8GB,16.0
G Skill Intl F4-2133C15-8GFXR 8GB,18.5
G Skill Intl F4-2133C15-8GIS 8GB,16.1
G Skill Intl F4-2133C15-8GNS 8GB,14.3
G Skill Intl F4-2133C15-8GNT 8GB,15.5
G Skill Intl F4-2133C15-8GRB 8GB,18.2
G Skill Intl F4-2133C15-8GRK 8GB,12.6
G Skill Intl F4-2133C15-8GRR2 8GB,11.0
G Skill Intl F4-2133C15-8GRR 8GB,15.2
G Skill Intl F4-2133C15-8GRS 8GB,14.8
G Skill Intl F4-2133C15-8GSQ 8GB,15.7
G Skill Intl F4-2133C15-8GVK 8GB,11.6
G Skill Intl F4-2133C15-8GVR 8GB,15.9
G Skill Intl F4-2133C15-16GFT 16GB,11.0
G Skill Intl F4-2133C15-16GFX 16GB,17.2
G Skill Intl F4-2133C15-16GFXR 16GB,18.3
G Skill Intl F4-2133C15-16GIS 16GB,16.1
G Skill Intl F4-2133C15-16GRS 16GB,13.5
G Skill Intl F4-2133C15-16GVR 16GB,16.0
G Skill Intl F4-2400C14-4GRK 4GB,15.8
G Skill Intl F4-2400C14-16GRK 16GB,13.1
G Skill Intl F4-2400C14-16GVK 16GB,18.2
G Skill Intl F4-2400C15-4GIS 4GB,16.3
G Skill Intl F4-2400C15-4GNT 4GB,14.9
G Skill Intl F4-2400C15-4GRB 4GB,13.5
G Skill Intl F4-2400C15-4GRK 4GB,13.2
G Skill Intl F4-2400C15-4GRR 4GB,14.8
G Skill Intl F4-2400C15-4GVR 4GB,16.5
G Skill Intl F4-2400C15-8GFT 8GB,16.8
G Skill Intl F4-2400C15-8GFX 8GB,16.1
G Skill Intl F4-2400C15-8GFXR 8GB,17.8
G Skill Intl F4-2400C15-8GIS 8GB,16.3
G Skill Intl F4-2400C15-8GNS 8GB,15.5
G Skill Intl F4-2400C15-8GNT 8GB,16.1
G Skill Intl F4-2400C15-8GRB 8GB,14.5
G Skill Intl F4-2400C15-8GRK 8GB,14.8
G Skill Intl F4-2400C15-8GRR 8GB,15.4
G Skill Intl F4-2400C15-8GTZR 8GB,16.8
G Skill Intl F4-2400C15-8GTZRX 8GB,17.4
G Skill Intl F4-2400C15-8GVB 8GB,16.7
G Skill Intl F4-2400C15-8GVR 8GB,16.5
G Skill Intl F4-2400C15-8GVS 8GB,16.8
G Skill Intl F4-2400C15-16GFT 16GB,16.4
G Skill Intl F4-2400C15-16GFX 16GB,15.2
G Skill Intl F4-2400C15-16GFXR 16GB,18.4
G Skill Intl F4-2400C15-16GIS 16GB,17.2
G Skill Intl F4-2400C15-16GTZR 16GB,17.3
G Skill Intl F4-2400C15-16GTZRX 16GB,15.8
G Skill Intl F4-2400C15-16GVR 16GB,16.3
G Skill Intl F4-2400C15Z8GNT 8GB,13.6
G Skill Intl F4-2400C16-4GFX 4GB,16.1
G Skill Intl F4-2400C16-4GRS 4GB,16.6
G Skill Intl F4-2400C16-8GFT 8GB,16.1
G Skill Intl F4-2400C16-8GFX 8GB,16.3
G Skill Intl F4-2400C16-8GFXR 8GB,13.8
G Skill Intl F4-2400C16-8GIS 8GB,14.2
G Skill Intl F4-2400C16-8GRS 8GB,15.7
G Skill Intl F4-2400C16-8GRSB 8GB,15.5
G Skill Intl F4-2400C16-16GFT 16GB,17.9
G Skill Intl F4-2400C16-16GFX 16GB,14.0
G Skill Intl F4-2400C16-16GFXR 16GB,13.5
G Skill Intl F4-2400C16-16GRS 16GB,15.4
G Skill Intl F4-2400C17-4GFT 4GB,14.0
G Skill Intl F4-2400C17-4GFX 4GB,13.4
G Skill Intl F4-2400C17-4GIS 4GB,17.3
G Skill Intl F4-2400C17-4GNT 4GB,18.1
G Skill Intl F4-2400C17-4GVR 4GB,15.2
G Skill Intl F4-2400C17-8GDBVR 8GB,18.3
G Skill Intl F4-2400C17-8GFT 8GB,15.0
G Skill Intl F4-2400C17-8GIS 8GB,16.4
G Skill Intl F4-2400C17-8GISM 8GB,12.6
G Skill Intl F4-2400C17-8GNT 8GB,17.4
G Skill Intl F4-2400C17-8GSXK 8GB,16.5
G Skill Intl F4-2400C17-8GSXW 8GB,17.8
G Skill Intl F4-2400C17-8GVR 8GB,15.5
G Skill Intl F4-2400C17-16GIS 16GB,18.0
G Skill Intl F4-2400C17-16GSXF 16GB,11.1
G Skill Intl F4-2666C15-4GRR 4GB,15.5
G Skill Intl F4-2666C15-4GVK 4GB,15.9
G Skill Intl F4-2666C15-4GVR 4GB,16.5
G Skill Intl F4-2666C15-8GRKB 8GB,13.3
G Skill Intl F4-2666C15-8GRR 8GB,15.9
G Skill Intl F4-2666C15-8GVB 8GB,17.6
G Skill Intl F4-2666C15-8GVK 8GB,18.5
G Skill Intl F4-2666C15-8GVR 8GB,17.3
G Skill Intl F4-2666C15-8GVS 8GB,18.2
G Skill Intl F4-2666C15-16GVK 16GB,13.8
G Skill Intl F4-2666C15-16GVR 16GB,16.9
G Skill Intl F4-2666C16-4GRB 4GB,12.9
G Skill Intl F4-2666C16-8GRB 8GB,15.7
G Skill Intl F4-2666C18-4GFX 4GB,15.4
G Skill Intl F4-2666C18-4GRS 4GB,14.9
G Skill Intl F4-2666C18-8GFT 8GB,14.1
G Skill Intl F4-2666C18-8GFX 8GB,15.4
G Skill Intl F4-2666C18-8GRS 8GB,16.8
G Skill Intl F4-2666C18-8GTZR 8GB,17.3
G Skill Intl F4-2666C18-16GRS 16GB,16.3
G Skill Intl F4-2666C18-32GRS 32GB,13.5
G Skill Intl F4-2666C18-32GTZN 32GB,19.1
G Skill Intl F4-2666C18-32GVK 32GB,16.1
G Skill Intl F4-2666C19-8GIS 8GB,16.8
G Skill Intl F4-2666C19-8GNT 8GB,17.0
G Skill Intl F4-2666C19-8GRS 8GB,15.9
G Skill Intl F4-2666C19-8GSXK 8GB,18.4
G Skill Intl F4-2666C19-8GVK 8GB,15.3
G Skill Intl F4-2666C19-8GVR 8GB,18.3
G Skill Intl F4-2666C19-16GIS 16GB,17.0
G Skill Intl F4-2666C19-16GRS 16GB,15.7
G Skill Intl F4-2666C19-32GNT 32GB,16.3
G Skill Intl F4-2666C19-32GRS 32GB,12.8
G Skill Intl F4-2666C19-32GTRS 32GB,16.2
G Skill Intl F4-2666C19-32GTZR 32GB,10.1
G Skill Intl F4-2666C19-32GVK 32GB,17.5
G Skill Intl F4-2800C14-16GTZ 16GB,13.8
G Skill Intl F4-2800C14-16GVK 16GB,16.6
G Skill Intl F4-2800C15-4GTZ 4GB,18.0
G Skill Intl F4-2800C15-4GTZB 4GB,19.0
G Skill Intl F4-2800C15-4GVR 4GB,18.4
G Skill Intl F4-2800C15-4GVRB 4GB,17.6
G Skill Intl F4-2800C15-8GRBB 8GB,14.2
G Skill Intl F4-2800C15-8GRK 8GB,14.2
G Skill Intl F4-2800C15-8GTXG 8GB,14.7
G Skill Intl F4-2800C15-8GTZB 8GB,18.5
G Skill Intl F4-2800C15-8GVR 8GB,17.9
G Skill Intl F4-2800C15-8GVRB 8GB,16.9
G Skill Intl F4-2800C15-8GVSB 8GB,17.6
G Skill Intl F4-2800C15-16GRKD 16GB,14.1
G Skill Intl F4-2800C15-16GVR 16GB,17.1
G Skill Intl F4-2800C16-4GRK 4GB,14.1
G Skill Intl F4-2800C16-4GRR 4GB,18.8
G Skill Intl F4-2800C16-4GVR 4GB,15.9
G Skill Intl F4-2800C16-8GRK 8GB,14.3
G Skill Intl F4-2800C16-8GRR 8GB,18.8
G Skill Intl F4-2800C16-8GVG 8GB,16.9
G Skill Intl F4-2800C16-8GVR 8GB,17.1
G Skill Intl F4-2800C17-8GIS 8GB,15.5
G Skill Intl F4-2800C17-8GVR 8GB,16.0
G Skill Intl F4-2800C18-8GRS 8GB,16.0
G Skill Intl F4-2800C18-16GRS 16GB,15.7
G Skill Intl F4-2933C14-8GFX 8GB,17.3
G Skill Intl F4-2933C14-8GTZRX 8GB,17.5
G Skill Intl F4-2933C14-16GFX 16GB,16.7
G Skill Intl F4-2933C14-16GTZRX 16GB,17.2
G Skill Intl F4-2933C16-8GFX 8GB,17.4
G Skill Intl F4-2933C16-8GTZRX 8GB,15.8
G Skill Intl F4-2933C16-16GFX 16GB,19.7
G Skill Intl F4-2933C16-16GTZRX 16GB,16.7
G Skill Intl F4-3000C14-8GTZ 8GB,17.9
G Skill Intl F4-3000C14-8GTZR 8GB,19.3
G Skill Intl F4-3000C14-8GVK 8GB,17.4
G Skill Intl F4-3000C14-8GVR 8GB,18.2
G Skill Intl F4-3000C14-16GTZ 16GB,17.7
G Skill Intl F4-3000C14-16GTZR 16GB,16.0
G Skill Intl F4-3000C14-16GVK 16GB,18.3
G Skill Intl F4-3000C14-16GVKD 16GB,13.4
G Skill Intl F4-3000C14-16GVR 16GB,16.2
G Skill Intl F4-3000C14-16GVRD 16GB,13.6
G Skill Intl F4-3000C15-4GRBB 4GB,15.0
G Skill Intl F4-3000C15-4GRK 4GB,16.5
G Skill Intl F4-3000C15-4GRR 4GB,14.9
G Skill Intl F4-3000C15-4GTZ 4GB,14.9
G Skill Intl F4-3000C15-4GTZB 4GB,19.1
G Skill Intl F4-3000C15-4GVR 4GB,18.5
G Skill Intl F4-3000C15-4GVRB 4GB,17.3
G Skill Intl F4-3000C15-4GVSB 4GB,16.6
G Skill Intl F4-3000C15-8GRBB 8GB,16.0
G Skill Intl F4-3000C15-8GRK 8GB,16.8
G Skill Intl F4-3000C15-8GRKB 8GB,18.9
G Skill Intl F4-3000C15-8GRR 8GB,12.1
G Skill Intl F4-3000C15-8GRRB 8GB,17.7
G Skill Intl F4-3000C15-8GTZ 8GB,18.5
G Skill Intl F4-3000C15-8GTZB 8GB,17.7
G Skill Intl F4-3000C15-8GTZR 8GB,18.4
G Skill Intl F4-3000C15-8GVGB 8GB,18.0
G Skill Intl F4-3000C15-8GVKB 8GB,18.3
G Skill Intl F4-3000C15-8GVR 8GB,18.0
G Skill Intl F4-3000C15-8GVRB 8GB,17.1
G Skill Intl F4-3000C15-8GVS 8GB,19.1
G Skill Intl F4-3000C15-16GTZ 16GB,17.9
G Skill Intl F4-3000C15-16GVR 16GB,17.6
G Skill Intl F4-3000C16-8GISB 8GB,17.4
G Skill Intl F4-3000C16-8GRS 8GB,18.0
G Skill Intl F4-3000C16-8GSXFB 8GB,18.8
G Skill Intl F4-3000C16-8GSXKB 8GB,19.7
G Skill Intl F4-3000C16-8GSXWB 8GB,18.7
G Skill Intl F4-3000C16-8GTRG 8GB,19.4
G Skill Intl F4-3000C16-8GTRS 8GB,17.2
G Skill Intl F4-3000C16-8GTZN 8GB,15.3
G Skill Intl F4-3000C16-8GTZR 8GB,17.8
G Skill Intl F4-3000C16-8GVRB 8GB,17.2
G Skill Intl F4-3000C16-8GVSB 8GB,16.9
G Skill Intl F4-3000C16-16GISB 16GB,17.9
G Skill Intl F4-3000C16-16GRS 16GB,17.7
G Skill Intl F4-3000C16-16GSXFB 16GB,16.1
G Skill Intl F4-3000C16-16GSXKB 16GB,17.1
G Skill Intl F4-3000C16-16GSXWB 16GB,17.2
G Skill Intl F4-3000C16-16GTRG 16GB,18.4
G Skill Intl F4-3000C16-16GTRS 16GB,19.7
G Skill Intl F4-3000C16-16GTZN 16GB,17.5
G Skill Intl F4-3000C16-16GTZR 16GB,17.5
G Skill Intl F4-3000C16-16GVRB 16GB,17.2
G Skill Intl F4-3200C14-8GAK 8GB,21.3
G Skill Intl F4-3200C14-8GFX 8GB,20.3
G Skill Intl F4-3200C14-8GTRG 8GB,20.4
G Skill Intl F4-3200C14-8GTRS 8GB,18.3
G Skill Intl F4-3200C14-8GTZ 8GB,18.7
G Skill Intl F4-3200C14-8GTZKO 8GB,21.0
G Skill Intl F4-3200C14-8GTZKW 8GB,19.7
G Skill Intl F4-3200C14-8GTZKY 8GB,20.4
G Skill Intl F4-3200C14-8GTZN 8GB,20.6
G Skill Intl F4-3200C14-8GTZR 8GB,19.8
G Skill Intl F4-3200C14-8GTZRX 8GB,20.2
G Skill Intl F4-3200C14-8GTZSK 8GB,20.7
G Skill Intl F4-3200C14-8GTZSW 8GB,14.8
G Skill Intl F4-3200C14-8GVK 8GB,20.1
G Skill Intl F4-3200C14-8GVR 8GB,20.3
G Skill Intl F4-3200C14-16GFX 16GB,18.5
G Skill Intl F4-3200C14-16GTRG 16GB,20.4
G Skill Intl F4-3200C14-16GTRS 16GB,19.1
G Skill Intl F4-3200C14-16GTZ 16GB,18.1
G Skill Intl F4-3200C14-16GTZDCB 16GB,19.5
G Skill Intl F4-3200C14-16GTZKO 16GB,21.3
G Skill Intl F4-3200C14-16GTZKW 16GB,19.8
G Skill Intl F4-3200C14-16GTZKY 16GB,18.4
G Skill Intl F4-3200C14-16GTZN 16GB,19.9
G Skill Intl F4-3200C14-16GTZR 16GB,19.1
G Skill Intl F4-3200C14-16GTZSK 16GB,19.0
G Skill Intl F4-3200C14-16GTZSW 16GB,20.6
G Skill Intl F4-3200C14-16GVK 16GB,20.3
G Skill Intl F4-3200C14-16GVR 16GB,20.2
G Skill Intl F4-3200C14-32GTRG 32GB,12.4
G Skill Intl F4-3200C14-32GTRS 32GB,24.1
G Skill Intl F4-3200C14-32GTZR 32GB,22.2
G Skill Intl F4-3200C14-32GVK 32GB,20.0
G Skill Intl F4-3200C15-4GRKD 4GB,16.2
G Skill Intl F4-3200C15-8GTZ 8GB,18.0
G Skill Intl F4-3200C15-8GTZKO 8GB,15.4
G Skill Intl F4-3200C15-8GTZKW 8GB,17.8
G Skill Intl F4-3200C15-8GTZKY 8GB,19.3
G Skill Intl F4-3200C15-8GTZSK 8GB,18.9
G Skill Intl F4-3200C15-8GTZSW 8GB,17.3
G Skill Intl F4-3200C15-8GVK 8GB,19.0
G Skill Intl F4-3200C15-8GVR 8GB,16.8
G Skill Intl F4-3200C15-16GTZ 16GB,17.6
G Skill Intl F4-3200C15-16GTZKO 16GB,15.5
G Skill Intl F4-3200C15-16GTZKW 16GB,19.1
G Skill Intl F4-3200C15-16GTZKY 16GB,20.6
G Skill Intl F4-3200C15-16GTZR 16GB,17.5
G Skill Intl F4-3200C15-16GTZSK 16GB,19.3
G Skill Intl F4-3200C15-16GTZSW 16GB,11.8
G Skill Intl F4-3200C15-16GVK 16GB,16.0
G Skill Intl F4-3200C15-16GVR 16GB,18.6
G Skill Intl F4-3200C16-4GRB 4GB,18.6
G Skill Intl F4-3200C16-4GRK 4GB,19.4
G Skill Intl F4-3200C16-4GRKD 4GB,15.6
G Skill Intl F4-3200C16-4GTZ 4GB,18.0
G Skill Intl F4-3200C16-4GTZB 4GB,17.1
G Skill Intl F4-3200C16-4GVK 4GB,17.1
G Skill Intl F4-3200C16-4GVKB 4GB,18.1
G Skill Intl F4-3200C16-4GVRB 4GB,18.5
G Skill Intl F4-3200C16-8GFX 8GB,19.8
G Skill Intl F4-3200C16-8GIS 8GB,18.7
G Skill Intl F4-3200C16-8GRKB 8GB,19.9
G Skill Intl F4-3200C16-8GRS 8GB,17.4
G Skill Intl F4-3200C16-8GSX 8GB,19.5
G Skill Intl F4-3200C16-8GSXFB 8GB,18.0
G Skill Intl F4-3200C16-8GSXKB 8GB,19.4
G Skill Intl F4-3200C16-8GSXWB 8GB,18.0
G Skill Intl F4-3200C16-8GTRG 8GB,17.9
G Skill Intl F4-3200C16-8GTRS 8GB,18.0
G Skill Intl F4-3200C16-8GTZ 8GB,19.6
G Skill Intl F4-3200C16-8GTZB 8GB,18.2
G Skill Intl F4-3200C16-8GTZKO 8GB,16.1
G Skill Intl F4-3200C16-8GTZKW 8GB,18.6
G Skill Intl F4-3200C16-8GTZKY 8GB,16.3
G Skill Intl F4-3200C16-8GTZN 8GB,19.9
G Skill Intl F4-3200C16-8GTZR 8GB,18.4
G Skill Intl F4-3200C16-8GTZRN 8GB,19.8
G Skill Intl F4-3200C16-8GTZRX 8GB,18.8
G Skill Intl F4-3200C16-8GTZSK 8GB,17.8
G Skill Intl F4-3200C16-8GTZSW 8GB,20.3
G Skill Intl F4-3200C16-8GVGB 8GB,18.9
G Skill Intl F4-3200C16-8GVK 8GB,18.3
G Skill Intl F4-3200C16-8GVKB 8GB,18.8
G Skill Intl F4-3200C16-8GVKBN 8GB,15.5
G Skill Intl F4-3200C16-8GVR 8GB,17.5
G Skill Intl F4-3200C16-8GVRB 8GB,18.1
G Skill Intl F4-3200C16-8GVS 8GB,17.9
G Skill Intl F4-3200C16-8GVSB 8GB,17.7
G Skill Intl F4-3200C16-16GFX 16GB,18.5
G Skill Intl F4-3200C16-16GIS 16GB,19.2
G Skill Intl F4-3200C16-16GRS 16GB,20.9
G Skill Intl F4-3200C16-16GSXFB 16GB,18.5
G Skill Intl F4-3200C16-16GSXKB 16GB,18.2
G Skill Intl F4-3200C16-16GSXWB 16GB,19.5
G Skill Intl F4-3200C16-16GTRG 16GB,18.1
G Skill Intl F4-3200C16-16GTRS 16GB,18.2
G Skill Intl F4-3200C16-16GTZ 16GB,18.6
G Skill Intl F4-3200C16-16GTZA 16GB,17.5
G Skill Intl F4-3200C16-16GTZKO 16GB,18.7
G Skill Intl F4-3200C16-16GTZKW 16GB,18.3
G Skill Intl F4-3200C16-16GTZKY 16GB,20.7
G Skill Intl F4-3200C16-16GTZN 16GB,18.5
G Skill Intl F4-3200C16-16GTZR 16GB,18.8
G Skill Intl F4-3200C16-16GTZRX 16GB,18.7
G Skill Intl F4-3200C16-16GTZSK 16GB,15.7
G Skill Intl F4-3200C16-16GTZSW 16GB,20.1
G Skill Intl F4-3200C16-16GVK 16GB,18.6
G Skill Intl F4-3200C16-16GVKA 16GB,18.6
G Skill Intl F4-3200C16-16GVKS 16GB,22.2
G Skill Intl F4-3200C16-16GVR 16GB,17.8
G Skill Intl F4-3200C16-16GVS 16GB,18.1
G Skill Intl F4-3200C16-32GTRG 32GB,16.6
G Skill Intl F4-3200C16-32GTRS 32GB,17.2
G Skill Intl F4-3200C16-32GTZN 32GB,17.6
G Skill Intl F4-3200C16-32GTZR 32GB,18.6
G Skill Intl F4-3200C16-32GVK 32GB,18.8
G Skill Intl F4-3200C18-8GRS 8GB,16.8
G Skill Intl F4-3200C18-16GRS 16GB,16.9
G Skill Intl F4-3200C22-8GRS 8GB,16.0
G Skill Intl F4-3200C22-16GRS 16GB,15.9
G Skill Intl F4-3200C22-32GRS 32GB,16.5
G Skill Intl F4-3300C16-4GRKD 4GB,14.3
G Skill Intl F4-3300C16-4GRRD 4GB,13.9
G Skill Intl F4-3300C16-8GTZ 8GB,13.6
G Skill Intl F4-3300C16-8GTZKW 8GB,21.0
G Skill Intl F4-3300C16-8GTZSW 8GB,20.3
G Skill Intl F4-3300C16-16GTZ 16GB,10.6
G Skill Intl F4-3300C16-16GTZKW 16GB,16.1
G Skill Intl F4-3300C16-16GTZSW 16GB,13.7
G Skill Intl F4-3333C16-4GRKD 4GB,12.9
G Skill Intl F4-3333C16-4GRRD 4GB,14.9
G Skill Intl F4-3333C16-8GTZ 8GB,20.6
G Skill Intl F4-3333C16-8GTZB 8GB,18.7
G Skill Intl F4-3333C16-8GTZKW 8GB,17.0
G Skill Intl F4-3333C16-8GTZSK 8GB,20.0
G Skill Intl F4-3333C16-8GTZSW 8GB,15.1
G Skill Intl F4-3333C16-8GVK 8GB,17.3
G Skill Intl F4-3333C16-8GVR 8GB,15.8
G Skill Intl F4-3333C16-16GTZ 16GB,15.8
G Skill Intl F4-3333C16-16GTZB 16GB,20.8
G Skill Intl F4-3333C16-16GTZKW 16GB,17.2
G Skill Intl F4-3333C16-16GTZR 16GB,19.0
G Skill Intl F4-3333C16-16GTZSK 16GB,13.6
G Skill Intl F4-3333C16-16GTZSW 16GB,12.6
G Skill Intl F4-3333C16-16GVK 16GB,14.3
G Skill Intl F4-3333C16-16GVR 16GB,15.7
G Skill Intl F4-3400C16-4GRBD 4GB,16.4
G Skill Intl F4-3400C16-8GSXW 8GB,22.0
G Skill Intl F4-3400C16-8GTZ 8GB,19.3
G Skill Intl F4-3400C16-8GTZKW 8GB,15.5
G Skill Intl F4-3400C16-8GTZSW 8GB,10.9
G Skill Intl F4-3400C16-8GVK 8GB,17.1
G Skill Intl F4-3400C16-16GTZ 16GB,17.9
G Skill Intl F4-3400C16-16GVK 16GB,18.7
G Skill Intl F4-3400C16-16GVR 16GB,17.4
G Skill Intl F4-3466C16-4GTZ 4GB,20.0
G Skill Intl F4-3466C16-4GVK 4GB,19.6
G Skill Intl F4-3466C16-8GTZ 8GB,19.2
G Skill Intl F4-3466C16-8GTZKW 8GB,17.5
G Skill Intl F4-3466C16-8GTZR 8GB,18.1
G Skill Intl F4-3466C16-8GTZSK 8GB,20.0
G Skill Intl F4-3466C16-8GTZSW 8GB,11.6
G Skill Intl F4-3466C16-8GVK 8GB,19.0
G Skill Intl F4-3466C16-8GVR 8GB,19.4
G Skill Intl F4-3466C16-16GTZ 16GB,14.6
G Skill Intl F4-3466C16-16GTZR 16GB,20.7
G Skill Intl F4-3466C16-16GTZSW 16GB,15.0
G Skill Intl F4-3466C18-8GSXW 8GB,16.2
G Skill Intl F4-3466C18-8GTZRXB 8GB,20.9
G Skill Intl F4-3600C14-8GTRGB 8GB,17.1
G Skill Intl F4-3600C14-8GTRSB 8GB,17.7
G Skill Intl F4-3600C14-8GTZN 8GB,19.1
G Skill Intl F4-3600C14-8GTZNB 8GB,19.8
G Skill Intl F4-3600C14-8GTZRA 8GB,20.3
G Skill Intl F4-3600C14-8GVKA 8GB,24.4
G Skill Intl F4-3600C14-16GTRG 16GB,20.1
G Skill Intl F4-3600C14-16GTRS 16GB,23.0
G Skill Intl F4-3600C14-16GTZN 16GB,23.4
G Skill Intl F4-3600C14-16GTZR 16GB,25.2
G Skill Intl F4-3600C14-16GTZRA 16GB,22.7
G Skill Intl F4-3600C14-16GVK 16GB,21.3
G Skill Intl F4-3600C14-16GVKA 16GB,24.8
G Skill Intl F4-3600C15-8GTZ 8GB,20.1
G Skill Intl F4-3600C16-8GTESC 8GB,20.3
G Skill Intl F4-3600C16-8GTRG 8GB,19.7
G Skill Intl F4-3600C16-8GTRGC 8GB,18.7
G Skill Intl F4-3600C16-8GTRS 8GB,21.1
G Skill Intl F4-3600C16-8GTRSC 8GB,25.0
G Skill Intl F4-3600C16-8GTZ 8GB,20.6
G Skill Intl F4-3600C16-8GTZKK 8GB,18.6
G Skill Intl F4-3600C16-8GTZKW 8GB,20.5
G Skill Intl F4-3600C16-8GTZN 8GB,20.8
G Skill Intl F4-3600C16-8GTZNC 8GB,20.3
G Skill Intl F4-3600C16-8GTZR 8GB,19.3
G Skill Intl F4-3600C16-8GTZRC 8GB,18.2
G Skill Intl F4-3600C16-8GTZSW 8GB,22.7
G Skill Intl F4-3600C16-8GVK 8GB,20.5
G Skill Intl F4-3600C16-8GVKC 8GB,20.0
G Skill Intl F4-3600C16-16GTESC 16GB,23.7
G Skill Intl F4-3600C16-16GTRG 16GB,18.9
G Skill Intl F4-3600C16-16GTRGC 16GB,20.2
G Skill Intl F4-3600C16-16GTRS 16GB,20.6
G Skill Intl F4-3600C16-16GTRSC 16GB,19.5
G Skill Intl F4-3600C16-16GTZN 16GB,20.9
G Skill Intl F4-3600C16-16GTZNC 16GB,19.8
G Skill Intl F4-3600C16-16GTZR 16GB,20.4
G Skill Intl F4-3600C16-16GTZRC 16GB,19.8
G Skill Intl F4-3600C16-16GVKC 16GB,20.9
G Skill Intl F4-3600C16-32GTZN 32GB,19.6
G Skill Intl F4-3600C16-32GTZR 32GB,22.5
G Skill Intl F4-3600C16-32GVK 32GB,21.1
G Skill Intl F4-3600C17-4GTZ 4GB,20.4
G Skill Intl F4-3600C17-4GVK 4GB,14.8
G Skill Intl F4-3600C17-8GTRG 8GB,19.7
G Skill Intl F4-3600C17-8GTRS 8GB,16.9
G Skill Intl F4-3600C17-8GTZ 8GB,19.1
G Skill Intl F4-3600C17-8GTZKW 8GB,17.7
G Skill Intl F4-3600C17-8GTZR 8GB,18.7
G Skill Intl F4-3600C17-8GTZSW 8GB,20.4
G Skill Intl F4-3600C17-8GVK 8GB,18.2
G Skill Intl F4-3600C17-16GTZ 16GB,17.0
G Skill Intl F4-3600C17-16GTZKK 16GB,20.1
G Skill Intl F4-3600C17-16GTZKW 16GB,20.6
G Skill Intl F4-3600C17-16GTZR 16GB,18.3
G Skill Intl F4-3600C17-16GTZSW 16GB,18.7
G Skill Intl F4-3600C18-8GTRG 8GB,17.4
G Skill Intl F4-3600C18-8GTRS 8GB,19.2
G Skill Intl F4-3600C18-8GTZN 8GB,18.5
G Skill Intl F4-3600C18-8GTZR 8GB,20.7
G Skill Intl F4-3600C18-8GTZRX 8GB,18.8
G Skill Intl F4-3600C18-8GVK 8GB,18.9
G Skill Intl F4-3600C18-16GTRG 16GB,18.0
G Skill Intl F4-3600C18-16GTRS 16GB,19.7
G Skill Intl F4-3600C18-16GTZN 16GB,19.0
G Skill Intl F4-3600C18-16GTZR 16GB,19.7
G Skill Intl F4-3600C18-16GVK 16GB,19.4
G Skill Intl F4-3600C18-32GTRG 32GB,12.9
G Skill Intl F4-3600C18-32GTRS 32GB,21.1
G Skill Intl F4-3600C18-32GTZN 32GB,18.2
G Skill Intl F4-3600C18-32GTZR 32GB,18.0
G Skill Intl F4-3600C18-32GVK 32GB,19.1
G Skill Intl F4-3600C18D-32GVK 16GB,18.7
G Skill Intl F4-3600C19-8GSXF 8GB,20.3
G Skill Intl F4-3600C19-8GSXK 8GB,19.2
G Skill Intl F4-3600C19-8GSXKB 8GB,19.2
G Skill Intl F4-3600C19-8GSXW 8GB,20.5
G Skill Intl F4-3600C19-8GSXWB 8GB,19.5
G Skill Intl F4-3600C19-8GTZRB 8GB,18.3
G Skill Intl F4-3600C19-8GVRB 8GB,18.9
G Skill Intl F4-3600C19-8GVSB 8GB,19.2
G Skill Intl F4-3600C19-16GSXF 16GB,18.8
G Skill Intl F4-3600C19-16GSXK 16GB,12.8
G Skill Intl F4-3600C19-16GSXKB 16GB,17.5
G Skill Intl F4-3600C19-16GSXW 16GB,17.8
G Skill Intl F4-3600C19-16GSXWB 16GB,18.0
G Skill Intl F4-3600C19-16GTRG 16GB,19.4
G Skill Intl F4-3600C19-16GTRS 16GB,18.6
G Skill Intl F4-3600C19-16GVRB 16GB,18.8
G Skill Intl F4-3733C17-4GTZ 4GB,16.5
G Skill Intl F4-3733C17-4GVK 4GB,19.0
G Skill Intl F4-3733C17-8GTZA 8GB,20.2
G Skill Intl F4-3733C17-8GTZKK 8GB,23.1
G Skill Intl F4-3733C17-8GTZKW 8GB,19.3
G Skill Intl F4-3733C17-8GTZR 8GB,22.3
G Skill Intl F4-3733C17-8GTZSW 8GB,22.0
G Skill Intl F4-3733C17-16GTZKK 16GB,20.2
G Skill Intl F4-3733C17-16GTZR 16GB,19.0
G Skill Intl F4-3733C17-16GTZSW 16GB,16.9
G Skill Intl F4-3800C14-8GTZN 8GB,20.3
G Skill Intl F4-3800C14-16GTZN 16GB,21.7
G Skill Intl F4-3866C18-4GTZ 4GB,19.1
G Skill Intl F4-3866C18-4GVK 4GB,19.2
G Skill Intl F4-3866C18-8GTZ 8GB,20.2
G Skill Intl F4-3866C18-8GTZKW 8GB,20.9
G Skill Intl F4-3866C18-8GTZR 8GB,17.8
G Skill Intl F4-3866C18-8GTZSW 8GB,20.9
G Skill Intl F4-3866C18-16GTZR 16GB,17.5
G Skill Intl F4-4000C14-8GTZR 8GB,24.7
G Skill Intl F4-4000C14-16GTES 16GB,21.8
G Skill Intl F4-4000C14-16GTZR 16GB,22.4
G Skill Intl F4-4000C15-8GTRG 8GB,21.6
G Skill Intl F4-4000C15-8GTRS 8GB,20.4
G Skill Intl F4-4000C15-8GTZR 8GB,21.0
G Skill Intl F4-4000C15-8GVK 8GB,21.4
G Skill Intl F4-4000C16-8GTZR 8GB,18.2
G Skill Intl F4-4000C16-8GTZRA 8GB,21.5
G Skill Intl F4-4000C16-8GVK 8GB,19.8
G Skill Intl F4-4000C16-16GTEG 16GB,24.3
G Skill Intl F4-4000C16-16GTRS 16GB,20.0
G Skill Intl F4-4000C16-16GTRSA 16GB,19.4
G Skill Intl F4-4000C16-16GTZN 16GB,21.1
G Skill Intl F4-4000C16-16GTZNA 16GB,25.2
G Skill Intl F4-4000C16-16GTZR 16GB,20.2
G Skill Intl F4-4000C16-16GTZRA 16GB,23.7
G Skill Intl F4-4000C16-16GVK 16GB,20.9
G Skill Intl F4-4000C16-16GVKA 16GB,27.2
G Skill Intl F4-4000C17-8GTRS 8GB,18.6
G Skill Intl F4-4000C17-8GTZR 8GB,20.1
G Skill Intl F4-4000C17-8GTZRB 8GB,21.0
G Skill Intl F4-4000C17-8GVKB 8GB,20.7
G Skill Intl F4-4000C17-16GTRGB 16GB,15.6
G Skill Intl F4-4000C17-16GTRSB 16GB,14.8
G Skill Intl F4-4000C17-16GTZRB 16GB,20.2
G Skill Intl F4-4000C17-16GVKB 16GB,22.1
G Skill Intl F4-4000C18-8GTRG 8GB,21.6
G Skill Intl F4-4000C18-8GTRS 8GB,18.4
G Skill Intl F4-4000C18-8GTZ 8GB,19.1
G Skill Intl F4-4000C18-8GTZKK 8GB,11.5
G Skill Intl F4-4000C18-8GTZKW 8GB,19.3
G Skill Intl F4-4000C18-8GTZR 8GB,18.1
G Skill Intl F4-4000C18-8GTZRB 8GB,19.3
G Skill Intl F4-4000C18-8GTZSW 8GB,17.5
G Skill Intl F4-4000C18-8GVK 8GB,18.6
G Skill Intl F4-4000C18-16GTRG 16GB,21.7
G Skill Intl F4-4000C18-16GTRS 16GB,21.5
G Skill Intl F4-4000C18-16GTZN 16GB,21.0
G Skill Intl F4-4000C18-16GTZR 16GB,20.0
G Skill Intl F4-4000C18-16GVK 16GB,20.3
G Skill Intl F4-4000C18-32GTRS 32GB,18.6
G Skill Intl F4-4000C18-32GTZN 32GB,19.7
G Skill Intl F4-4000C18-32GTZR 32GB,18.8
G Skill Intl F4-4000C18-32GVK 32GB,17.8
G Skill Intl F4-4000C19-4GTZ 4GB,19.4
G Skill Intl F4-4000C19-4GVK 4GB,18.8
G Skill Intl F4-4000C19-8GTZ 8GB,18.2
G Skill Intl F4-4000C19-8GTZKW 8GB,19.5
G Skill Intl F4-4000C19-8GTZSW 8GB,19.2
G Skill Intl F4-4000C19-16GTRG 16GB,19.4
G Skill Intl F4-4000C19-16GTRS 16GB,17.8
G Skill Intl F4-4000C19-16GTZKK 16GB,19.4
G Skill Intl F4-4000C19-16GTZR 16GB,19.4
G Skill Intl F4-4000C19-16GTZSW 16GB,17.9
G Skill Intl F4-4133C17-8GTZR 8GB,21.7
G Skill Intl F4-4133C19-4GTZ 4GB,19.5
G Skill Intl F4-4133C19-8GTZA 8GB,18.1
G Skill Intl F4-4133C19-8GTZC 8GB,19.3
G Skill Intl F4-4133C19-8GTZKKF 8GB,21.4
G Skill Intl F4-4133C19-8GTZKW 8GB,17.9
G Skill Intl F4-4133C19-8GTZKWC 8GB,19.0
G Skill Intl F4-4133C19-8GTZR 8GB,19.3
G Skill Intl F4-4133C19-8GTZRF 8GB,15.7
G Skill Intl F4-4133C19-8GTZSWC 8GB,17.5
G Skill Intl F4-4133C19-8GTZSWF 8GB,18.5
G Skill Intl F4-4200C19-4GTZ 4GB,14.5
G Skill Intl F4-4266C16-8GTZR 8GB,25.2
G Skill Intl F4-4266C16-16GVK 16GB,26.3
G Skill Intl F4-4266C17-8GTZR 8GB,17.1
G Skill Intl F4-4266C17-8GTZRB 8GB,18.3
G Skill Intl F4-4266C17-16GTRGB 16GB,15.7
G Skill Intl F4-4266C17-16GTZRB 16GB,22.1
G Skill Intl F4-4266C17-16GVKB 16GB,20.0
G Skill Intl F4-4266C19-4GTZ 4GB,20.3
G Skill Intl F4-4266C19-8GTRG 8GB,20.1
G Skill Intl F4-4266C19-8GTRS 8GB,19.2
G Skill Intl F4-4266C19-8GTZA 8GB,18.0
G Skill Intl F4-4266C19-8GTZKW 8GB,16.9
G Skill Intl F4-4266C19-8GTZR 8GB,19.4
G Skill Intl F4-4266C19-8GTZSW 8GB,22.1
G Skill Intl F4-4266C19-16GTRG 16GB,15.7
G Skill Intl F4-4266C19-32GTZR 32GB,21.4
G Skill Intl F4-4400C16-8GTRS 8GB,20.6
G Skill Intl F4-4400C16-8GTZR 8GB,21.9
G Skill Intl F4-4400C16-8GVK 8GB,22.8
G Skill Intl F4-4400C17-8GVK 8GB,20.6
G Skill Intl F4-4400C17-16GTZR 16GB,22.2
G Skill Intl F4-4400C17-16GVK 16GB,22.6
G Skill Intl F4-4400C18-8GTRG 8GB,19.0
G Skill Intl F4-4400C18-8GTRS 8GB,21.1
G Skill Intl F4-4400C18-8GTZR 8GB,20.1
G Skill Intl F4-4400C18-8GTZRC 8GB,22.2
G Skill Intl F4-4400C18-8GVKC 8GB,22.3
G Skill Intl F4-4400C19-8GTZKK 8GB,18.7
G Skill Intl F4-4400C19-8GTZSW 8GB,25.3
G Skill Intl F4-4400C19-16GTRG 16GB,22.5
G Skill Intl F4-4400C19-16GTZR 16GB,21.6
G Skill Intl F4-4400C19-16GVK 16GB,22.1
G Skill Intl F4-4400C19-32GTRS 32GB,17.3
G Skill Intl F4-4400C19-32GTZR 32GB,23.5
G Skill Intl F4-4400C19-32GVK 32GB,24.3
G Skill Intl F4-4500C19-8GTZKKE 8GB,23.0
G Skill Intl F4-4500C19-8GTZSWE 8GB,25.1
G Skill Intl F4-4600C18-8GTRS 8GB,21.4
G Skill Intl F4-4600C18-8GTZR 8GB,18.5
G Skill Intl F4-4600C19-8GTZKKC 8GB,21.2
G Skill Intl F4-4600C19-8GTZSWC 8GB,22.3
G Skill Intl F4-4600C19-8GVKE 8GB,21.9
G Skill Intl F4-4800C18-8GTRG 8GB,20.0
G Skill Intl F4-4800C18-8GTRS 8GB,21.3
G Skill Intl F4-4800C19-8GTESC 8GB,17.4
G Skill Intl F4-4800C19-8GTZRC 8GB,19.3
G Skill Intl F4-4800C20-16GTRG 16GB,25.1
G Skill Intl F4-4800C20-16GTZR 16GB,19.2
G Skill Intl F4-5066C20-8GVK 8GB,20.4
G Skill Intl F4-5333C22-8GTRG 8GB,25.3
Galaxy Microsystems Ltd. GALAX GOC 2016 8GB,26.4
Galaxy Microsystems Ltd. GALAX OC LAB 8GB,19.7
Galaxy Microsystems Ltd. GOC2017-Fugger 8GB,20.5
GIGA - BYTE Technology Co Ltd AR32C16S8K2HU416R 8GB,19.4
GIGA - BYTE Technology Co Ltd AR32C16S8K2SU416R 8GB,18.6
GIGA - BYTE Technology Co Ltd AR36C18S8K2HU416R 8GB,18.9
GIGA - BYTE Technology Co Ltd GP-ARS16G32 8GB,19.2
GIGA - BYTE Technology Co Ltd GP-ARS16G33 8GB,19.1
GIGA - BYTE Technology Co Ltd GP-ARS16G37 8GB,19.5
GIGA - BYTE Technology Co Ltd GP-ARS16G44 8GB,19.0
GIGA - BYTE Technology Co Ltd GP-DSG64G32 32GB,21.0
GIGA - BYTE Technology Co Ltd GP-GR26C16S8K1HU408 8GB,17.3
GIGA - BYTE Technology Co Ltd GP-GR26C16S8K2HU416 8GB,16.8
GIGA - BYTE Technology Co Ltd GR26C16S8K1HU408 8GB,19.2
GIGA - BYTE Technology Co Ltd GR26C16S8K2HU416 8GB,17.0
Gloway International (HK) STK4U2133D15081C 8GB,16.8
Gloway International (HK) STK4U2400D15082C 8GB,14.7
Gloway International (HK) STK4U2400D17041C 4GB,15.8
Gloway International (HK) STK4U2400D17042C 4GB,18.0
Gloway International (HK) STK4U2400D17081C 8GB,17.1
Gloway International (HK) STK4U2400D17082C 8GB,14.3
Gloway International (HK) STK4U2400D17161C 16GB,15.3
Gloway International (HK) STK2133C15-8GB 8GB,13.3
Gloway International (HK) STK2400C15-16GB 16GB,17.0
Gloway International (HK) STK2400CL17SNB16GB 16GB,17.5
Gloway International (HK) STKD4GAM2133-F 8GB,11.8
Gloway International (HK) STKD4GAM2400-F 8GB,14.3
Gloway International (HK) STKD4XMP2400-F 4GB,15.2
Gloway International Co. Ltd. ABY4U3000E16082C 8GB,10.8
Gloway International Co. Ltd. ABY4U3200E16082C 8GB,10.7
Gloway International Co. Ltd. STK4U2400D17082C 8GB,17.5
Gloway International Co. Ltd. TAC4U3200E16082C 8GB,16.8
Gloway International Co. Ltd. TAC4U3200E18082C 8GB,21.3
Gloway International Co. Ltd. TYA4U2400D17081C 8GB,17.1
Gloway International Co. Ltd. TYA4U2666D19081C 8GB,13.5
Gloway International Co. Ltd. TYA4U2666D19082C 8GB,15.6
Gloway International Co. Ltd. TYA4U2666D19161C 16GB,12.2
Gloway International Co. Ltd. TYA4U3000E16081C 8GB,15.9
Gloway International Co. Ltd. TYP4U3000E16082C 8GB,16.5
Gloway International Co. Ltd. TYP4U3200E16082C 8GB,17.5
Gloway International Co. Ltd. WAR4U2666D19081C 8GB,15.7
Gloway International Co. Ltd. WAR4U2666D19161C-S 16GB,16.4
Gold Key Technology Co Ltd GKE160SO102408-2400 16GB,16.6
Gold Key Technology Co Ltd GKE160SO102408-2666 16GB,16.8
Gold Key Technology Co Ltd GKE160SO102408-2933 16GB,18.0
Gold Key Technology Co Ltd GKE160SO102408-3200 16GB,17.3
Gold Key Technology Co Ltd GKE400SO51216-2400 4GB,15.4
Gold Key Technology Co Ltd GKE800SO51216-2400 8GB,13.4
Gold Key Technology Co Ltd GKE800SO102408-2666A 8GB,16.9
Gold Key Technology Co Ltd GKE800SO102408-3200 8GB,17.1
Gold Key Technology Co Ltd GKE800UD102408-2666 8GB,16.3
Gold Key Technology Co Ltd GKE800UD102408-2666A 8GB,20.3
Gold Key Technology Co Ltd NMGD416E82-4400G 16GB,17.6
Gold Key Technology Co Ltd NMGD416F82-3200D2 16GB,19.1
Gold Key Technology Co Ltd NMGD480E82-3200D 8GB,20.1
Gold Key Technology Co Ltd NMSO416E82-3200E 16GB,16.7
Gold Key Technology Co Ltd NMSO416F82-3200E 16GB,15.8
Gold Key Technology Co Ltd NMSO432F82-3200E 32GB,16.6
Gold Key Technology Co Ltd NMSO480E82-3200E 8GB,16.8
Gold Key Technology Co Ltd NMUD416E82-3000D 16GB,18.3
Gold Key Technology Co Ltd NMUD416E82-3200D 16GB,18.7
Gold Key Technology Co Ltd NMUD416E82-3600D 16GB,24.8
Gold Key Technology Co Ltd NMUD416E82-3601D 16GB,23.7
Gold Key Technology Co Ltd NMUD416E82-4000F 16GB,22.5
Gold Key Technology Co Ltd NMUD416E82-4400G 16GB,21.4
Gold Key Technology Co Ltd NMUD416E82-4600C 16GB,23.3
Gold Key Technology Co Ltd NMUD416E86-3200D 16GB,18.9
Gold Key Technology Co Ltd NMUD416F82-3200D 16GB,15.8
Gold Key Technology Co Ltd NMUD480E82-3000D 8GB,19.7
Gold Key Technology Co Ltd NMUD480E82-3200D 8GB,19.0
Gold Key Technology Co Ltd NMUD480E82-3200E 8GB,17.3
Gold Key Technology Co Ltd NMUD480E84-2666E 8GB,17.3
Gold Key Technology Co Ltd NMUD480E84-3000D 8GB,17.3
Gold Key Technology Co Ltd NMUD480E85-2666E 8GB,15.1
Gold Key Technology Co Ltd NMUD480E85-3000D 8GB,17.5
Gold Key Technology Co Ltd NMUD480E85-3200E 8GB,18.9
Gold Key Technology Co Ltd NMUD480E86-3200 8GB,19.5
Gold Key Technology Co Ltd NMUD480E86-3200D 8GB,18.3
Golden Empire CL14-14-14 D4-2400 16GB,16.8
Golden Empire CL14-16-16 D4-2400 16GB,16.5
Golden Empire CL14-16-16 D4-3000 4GB,17.7
Golden Empire CL15-15-15 D4-2133 8GB,15.2
Golden Empire CL15-15-15 D4-2400 4GB,16.4
Golden Empire CL15-15-15 D4-2666 4GB,13.4
Golden Empire CL15-15-15 D4-3000 8GB,13.8
Golden Empire CL15-17-17 D4-2666 8GB,18.1
Golden Empire CL15-17-17 D4-3000 8GB,17.5
Golden Empire CL15-17-17 D4-3200 8GB,18.6
Golden Empire CL16-16-16 D4-2400 8GB,16.4
Golden Empire CL16-16-16 D4-2800 8GB,15.1
Golden Empire CL16-16-16 D4-3000 4GB,16.0
Golden Empire CL16-16-16 D4-3200 4GB,18.6
Golden Empire CL16-18-18 D4-2666 8GB,17.4
Golden Empire CL16-18-18 D4-3000 16GB,17.2
Golden Empire CL16-18-18 D4-3200 8GB,18.3
Golden Empire CL16-18-18 D4-3400 4GB,14.4
Golden Empire CL16-20-20 D4-3200 16GB,20.2
Golden Empire CL17-17-17 D4-2400 16GB,16.3
Golden Empire CL18-20-20 D4-3000 8GB,16.5
Golden Empire CL18-20-20 D4-3200 8GB,19.9
Golden Empire CL18-20-20 D4-3600 8GB,17.7
Golden Empire CL18-22-22 D4-3600 16GB,18.1
Golden Empire CL18-24-24 D4-4000 8GB,21.4
Golden Empire CL19-19-19 D4-2666 4GB,16.6
Golden Empire CL19-25-25 D4-4000 4GB,17.5
Golden Empire CL22-22-22 D4-3200 8GB,15.3
Good Wealth Technology Ltd. 8GB,18.1
Good Wealth Technology Ltd. KETECH 8GB,17.5
Heoriady HX2666CX15D4/4G 4GB,14.7
Heoriady HX2666DT8G-TD 8GB,14.6
Heoriady M378A1K43BB2-CTD 8GB,17.3
Heoriady M471A1K43BB1-CRC 16GB,15.9
Heoriady M471A1K43CB1-CTD 8GB,10.5
Heoriady M471A4G43MB1-CTD 32GB,14.3
Hewlett-Packard 7EH55AA# 8GB,18.4
Hewlett-Packard 7EH61AA# 8GB,16.5
Hewlett-Packard 7EH64AA# 8GB,18.2
Hewlett-Packard 7EH64AA#ABC 8GB,15.8
Hewlett-Packard 7EH67AA# 8GB,16.8
Hewlett-Packard 7EH74AA#ABC 8GB,17.2
Hewlett-Packard 7EH98AA#ABB 8GB,13.9
Hewlett-Packard 7EH99AA# 16GB,16.0
Hewlett-Packard 7TE39AA#ABC 8GB,16.1
Hewlett-Packard 8MG00AA# 8GB,15.3
Hewlett-Packard 8MG07AA# 8GB,17.7
Hewlett-Packard 48U45AA# 16GB,25.7
Hong Kong Hyunion Electronics DDR4 3200 2OZ 16GB,16.0
Hoodisk Electronics Co Ltd GKE160SO102408-2400 16GB,16.4
Hoodisk Electronics Co Ltd GKE160SO102408-2666 16GB,16.7
Hoodisk Electronics Co Ltd GKE160UD102408-2666 16GB,16.6
Hoodisk Electronics Co Ltd GKE320UD204808-2666 32GB,16.9
Hoodisk Electronics Co Ltd GKE400UD51208-2400AH 4GB,17.7
Hoodisk Electronics Co Ltd GKE800SO51216-2400 8GB,16.2
Hoodisk Electronics Co Ltd GKE800SO102408-2400 8GB,15.5
Hoodisk Electronics Co Ltd GKE800SO102408-2666A 8GB,17.3
Hoodisk Electronics Co Ltd GKE800UD102408-2400 8GB,13.9
Hoodisk Electronics Co Ltd GKE800UD102408-2666 8GB,18.4
Hoodisk Electronics Co Ltd MD401GNSE-CB3M2 8GB,13.1
Hoodisk Electronics Co Ltd NMUD480E8x-2666 8GB,15.1
Hoodisk Electronics Co Ltd NMUD480E81-3200 8GB,17.2
HT Micron HTH5AN8G8NCJR-VKD 8GB,16.5
Hua Nan San Xian Technology Co Ltd HNMI8GD4240D0 8GB,10.2
Hynix Semiconductor (Hyundai Electronics) GKE160SO102408-2400 16GB,16.0
Hynix Semiconductor (Hyundai Electronics) GKE160UD102408-2133 16GB,12.7
Hynix Semiconductor (Hyundai Electronics) GKE800SO51208-2133AH 8GB,14.3
Hynix Semiconductor (Hyundai Electronics) GKE800SO51208-2400AH 8GB,14.2
Hynix Semiconductor (Hyundai Electronics) GKE800SO102408-2400 8GB,14.6
Hynix Semiconductor (Hyundai Electronics) HMA41GR7AFR4N-TF 8GB,9.1
Hynix Semiconductor (Hyundai Electronics) HMA41GR7AFR4N-UH 8GB,11.3
Hynix Semiconductor (Hyundai Electronics) HMA41GR7AFR8N-TF 8GB,11.1
Hynix Semiconductor (Hyundai Electronics) HMA41GR7AFR8N-UH 8GB,11.6
Hynix Semiconductor (Hyundai Electronics) HMA41GR7MFR4N-TF 8GB,9.8
Hynix Semiconductor (Hyundai Electronics) HMA41GR7MFR8N-TF 8GB,9.4
Hynix Semiconductor (Hyundai Electronics) HMA41GR7MFR8N-TFT1 8GB,7.8
Hynix Semiconductor (Hyundai Electronics) HMA41GS6AFR8N-TF 8GB,13.8
Hynix Semiconductor (Hyundai Electronics) HMA41GU6AFR8N-TF 8GB,15.6
Hynix Semiconductor (Hyundai Electronics) HMA41GU6MFR8N-TF 8GB,13.8
Hynix Semiconductor (Hyundai Electronics) HMA42GR7AFR4N-TF 16GB,10.0
Hynix Semiconductor (Hyundai Electronics) HMA42GR7AFR4N-UH 16GB,10.2
Hynix Semiconductor (Hyundai Electronics) HMA42GR7MFR4N-TF 16GB,9.1
Hynix Semiconductor (Hyundai Electronics) HMA81GR7AFR8N-UH 8GB,11.8
Hynix Semiconductor (Hyundai Electronics) HMA81GR7MFR8N-UH 8GB,10.4
Hynix Semiconductor (Hyundai Electronics) HMA81GS6AFR8N-UH 8GB,13.8
Hynix Semiconductor (Hyundai Electronics) HMA81GS6AFR8N-VK 8GB,15.3
Hynix Semiconductor (Hyundai Electronics) HMA81GS6CJR8N-UH 8GB,11.4
Hynix Semiconductor (Hyundai Electronics) HMA81GS6CJR8N-VK 8GB,15.3
Hynix Semiconductor (Hyundai Electronics) HMA81GS6JJR8N-VK 8GB,16.8
Hynix Semiconductor (Hyundai Electronics) HMA81GS6MFR8N-UH 8GB,13.5
Hynix Semiconductor (Hyundai Electronics) HMA81GU6AFR8N-UH 8GB,16.0
Hynix Semiconductor (Hyundai Electronics) HMA81GU6CJR8N-UH 8GB,16.2
Hynix Semiconductor (Hyundai Electronics) HMA81GU6CJR8N-VK 8GB,18.1
Hynix Semiconductor (Hyundai Electronics) HMA81GU6JJR8N-VK 8GB,17.7
Hynix Semiconductor (Hyundai Electronics) HMA82GR7AFR8N-UH 16GB,10.0
Hynix Semiconductor (Hyundai Electronics) HMA82GR7MFR4N-UH 16GB,9.1
Hynix Semiconductor (Hyundai Electronics) HMA82GR7MFR8N-UH 16GB,10.3
Hynix Semiconductor (Hyundai Electronics) HMA82GS6AFR8N-UH 16GB,13.7
Hynix Semiconductor (Hyundai Electronics) HMA82GS6CJR8N-VK 16GB,14.5
Hynix Semiconductor (Hyundai Electronics) HMA82GS6JJR8N-VK 16GB,16.2
Hynix Semiconductor (Hyundai Electronics) HMA82GS6MFR8N-TF 16GB,13.6
Hynix Semiconductor (Hyundai Electronics) HMA82GU6AFR8N-UH 16GB,15.2
Hynix Semiconductor (Hyundai Electronics) HMA82GU6CJR8N-VK 16GB,18.2
Hynix Semiconductor (Hyundai Electronics) HMA82GU6JJR8N-VK 16GB,17.5
Hynix Semiconductor (Hyundai Electronics) HMA82GU6MFR8N-TF 16GB,14.8
Hynix Semiconductor (Hyundai Electronics) HMA82GU7MFR8N-TF 16GB,13.6
Hynix Semiconductor (Hyundai Electronics) HMA84GL7AMR4N-UH 32GB,8.8
Hynix Semiconductor (Hyundai Electronics) HMA84GL7MMR4N-TF 32GB,8.9
Hynix Semiconductor (Hyundai Electronics) HMA84GR7MFR4N-TF 32GB,10.5
Hynix Semiconductor (Hyundai Electronics) HMA84GR7MFR4N-UH 32GB,9.3
Hynix Semiconductor (Hyundai Electronics) HMA451R7AFR8N-TF 4GB,10.0
Hynix Semiconductor (Hyundai Electronics) HMA451R7AFR8N-UH 4GB,9.3
Hynix Semiconductor (Hyundai Electronics) HMA451R7MFR8N-TF 4GB,9.5
Hynix Semiconductor (Hyundai Electronics) HMA451R7MFR8N-TFTD 4GB,7.8
Hynix Semiconductor (Hyundai Electronics) HMA451S6AFR8N-TF 4GB,13.8
Hynix Semiconductor (Hyundai Electronics) HMA451U6AFR8N-TF 4GB,14.6
Hynix Semiconductor (Hyundai Electronics) HMA451U6MFR8N-TF 4GB,12.2
Hynix Semiconductor (Hyundai Electronics) HMA451U7MFR8N-TF 4GB,6.9
Hynix Semiconductor (Hyundai Electronics) HMA851S6AFR6N-UH 4GB,13.5
Hynix Semiconductor (Hyundai Electronics) HMA851S6CJR6N-UH 4GB,15.6
Hynix Semiconductor (Hyundai Electronics) HMA851U6AFR6N-UH 4GB,9.4
Hynix Semiconductor (Hyundai Electronics) HMAA4GU6AJR8N-VK 32GB,18.2
Hypertec G2RT-4AFT00 16GB,17.1
Hyundai Inc AR32C16S8K2HU416R 8GB,19.0
Hyundai Inc AR32C16S8K2SU416R 8GB,19.4
Hyundai Inc AR36C18S8K2HU416R 8GB,20.0
Hyundai Inc GP-GR26C16S8K1HU408 8GB,14.3
Hyundai Inc GR26C16S8K2HU416 8GB,17.4
Inmos + 256MB,11.5
InnoDisk Corporation 16GB,7.7
InnoDisk Corporation M4C0-AGS1TCIK 16GB,18.3
InnoDisk Corporation M4C0-AGS1TCSJ 16GB,12.1
InnoDisk Corporation M4S0-4GSSNCIK 4GB,11.3
InnoDisk Corporation M4S0-4GSSNCSJ 4GB,12.1
InnoDisk Corporation M4S0-8GS1NCIK 8GB,15.5
InnoDisk Corporation M4S0-8GSSOCIK 8GB,15.9
InnoDisk Corporation M4S0-8GSSOCRG 8GB,15.7
InnoDisk Corporation M4S0-AGS1O5IK 16GB,13.1
InnoDisk Corporation M4SI-8GS1NC0K-C 8GB,17.2
InnoDisk Corporation M4SI-BGS2OC0K-A 32GB,16.6
InnoDisk Corporation M4U0-8GSSKCSJ 8GB,16.9
InnoDisk Corporation M4UE-AGS1KC0M-C 16GB,17.2
InnoDisk Corporation M4UI-AGS1KC0K-C 16GB,18.0
INTENSO 5641152 4GB,14.1
INTENSO 5641160 8GB,16.1
INTENSO 5641162 8GB,16.2
INTENSO 4GB,12.1
INTENSO GKE800UD102408-2133 8GB,17.6
INTENSO M418039 8GB,16.0
ISD Technology Limited 8GBF1X08QFHH38-135-K 8GB,15.4
ISD Technology Limited IM44GU48A30-GIIHM 4GB,14.9
ISD Technology Limited IM48GU48N21-FFFHM 8GB,15.5
ISD Technology Limited KD48GU880-32A160X 8GB,16.8
Iâ€™M Intelligent Memory Ltd. PF4OUN-2400CH0-08G-A 8GB,11.8
Jinyu 16GB,17.3
Jinyu CL16-16-16 D4-2400 8GB,17.3
JUHOR JHD2666U1908JG 8GB,12.9
JUHOR JHD2666U1916JG 16GB,16.7
JUHOR JHD3000U1908JG 8GB,11.8
JUHOR JHD3200U1816JG 8GB,13.7
King Tiger Technology Tigo-2133Mhz-8G 8GB,15.6
King Tiger Technology Tigo-2400MHz-4G 4GB,15.3
King Tiger Technology Tigo-2400MHz-8G 8GB,16.1
King Tiger Technology Tigo-X3-3200MHz-8G 8GB,18.2
King Tiger Technology TMKG8G3000C17(XMP) 8GB,18.7
King Tiger Technology TMKS8G68AHFHD-32A 8GB,19.0
King Tiger Technology TMKU8G868-240U 8GB,18.2
Kingmax Semiconductor GLAF62F-D8---------- 4GB,14.5
Kingmax Semiconductor GLAG42F-18---------- 8GB,16.0
Kingmax Semiconductor GLAG43F-18---------- 8GB,15.6
Kingmax Semiconductor GLJG42F-D8KBFA------ 8GB,14.7
Kingmax Semiconductor GLLF62F-C6---------- 4GB,17.0
Kingmax Semiconductor GLLF62F-D8---------- 4GB,16.2
Kingmax Semiconductor GLLF62F-DA---------- 4GB,15.5
Kingmax Semiconductor GLLG42F-18---------- 8GB,15.6
Kingmax Semiconductor GLLG42F-D8KCIA------ 8GB,13.5
Kingmax Semiconductor GLLG42F-D8KFGA------ 8GB,14.4
Kingmax Semiconductor GLLG42F-DA---------- 8GB,16.0
Kingmax Semiconductor GLLG43F-D8KBGA------ 8GB,14.9
Kingmax Semiconductor GLLH22F-18---------- 16GB,14.5
Kingmax Semiconductor GLLH22F-18KCGA------ 16GB,18.6
Kingmax Semiconductor GLLH22F-18KII5------ 16GB,18.9
Kingmax Semiconductor GLLH23F-18KIIP------ 16GB,15.1
Kingmax Semiconductor GLMH23F-18MCIA------ 16GB,16.2
Kingmax Semiconductor GLNG43F-18---------- 8GB,16.6
Kingmax Semiconductor GLNH23F-18---------- 16GB,16.0
Kingmax Semiconductor GSAF62F-D8---------- 4GB,15.9
Kingmax Semiconductor GSAG42F-18---------- 8GB,15.5
Kingmax Semiconductor GSAH22F-18---------- 16GB,16.2
Kingmax Semiconductor GSJF62F-DA---------- 4GB,14.4
Kingmax Semiconductor GSLF62F-D8---------- 4GB,13.1
Kingmax Semiconductor GSLG42F-18---------- 8GB,14.2
Kingmax Semiconductor GZAG43F-18---------- 8GB,9.1
Kingmax Semiconductor GZNG43F-18---------- 8GB,16.8
Kingmax Semiconductor GZOH23F-18---------- 16GB,14.7
KingSpec KingSpec 16GB,15.5
Kingston 8ATF1G64AZ-2G1B1 8GB,17.7
Kingston 8ATF1G64AZ-2G3A1 8GB,14.0
Kingston 8ATF1G64AZ-2G3A141 8GB,15.9
Kingston 8ATF1G64HZ-2G3B2 8GB,8.5
Kingston 16ATF2G64AZ-2G1B1 8GB,17.1
Kingston 99U5428-063.A00LF/ 8GB,15.3
Kingston 99U5624-001.A00G 8GB,15.6
Kingston 99U5624-003.A00G 8GB,14.6
Kingston 99U5625-015.A00G 16GB,14.4
Kingston 99U5643-001.A00G 8GB,15.6
Kingston 99U5663-001.A00G 16GB,13.3
Kingston 99U5663-003.A00G 16GB,14.6
Kingston 99U5663-006.A00G 16GB,15.2
Kingston 99U5663-007.A00G 16GB,15.5
Kingston 99U5665-001.A00G 4GB,15.2
Kingston 99U5665-004.A00G 4GB,16.4
Kingston 99U5678-029.A00G 8GB,14.6
Kingston 99U5700-010.A00G 8GB,14.2
Kingston 99U5700-014.A00G 8GB,16.1
Kingston 99U5700-027.A00G 8GB,12.5
Kingston 99U5700-028.A00G 8GB,14.7
Kingston 99U5701-003.A00G 16GB,20.9
Kingston 99U5701-036.A00G 16GB,0.8
Kingston 99U5701-049.A00G 16GB,14.9
Kingston 99U5702-020.A00G 8GB,17.6
Kingston 99U5702-025.A00G 8GB,17.7
Kingston 99U5702-089.A00G 8GB,17.1
Kingston 99U5702-094.A00G 8GB,15.0
Kingston 99U5702-095.A00G 8GB,17.4
Kingston 99U5704-001.A00G 4GB,14.5
Kingston 99U5711-001.A00G 4GB,14.5
Kingston 99U5712-002.A00G 16GB,17.6
Kingston 99U5712-009.A00G 16GB,15.6
Kingston 99U5713-001.A00G 4GB,14.2
Kingston 99U5713-002.A00G 4GB,16.4
Kingston 99U5713-003.A00G 4GB,13.6
Kingston 99U5723-002.A00G 8GB,15.1
Kingston 99U5734-014.A00G 16GB,15.4
Kingston 99U5734-036.A00G 16GB,17.0
Kingston 99U5743-031.A00G 16GB,15.5
Kingston 9905598-006.A00G 8GB,13.2
Kingston 9905598-009.A00G 8GB,13.5
Kingston 9905598-019.A00G 16GB,14.2
Kingston 9905598-025.A00G 8GB,13.4
Kingston 9905598-026.A00G 16GB,12.9
Kingston 9905598-028.A00G 8GB,13.1
Kingston 9905598-039.A00G 16GB,16.3
Kingston 9905598-040.A00G 16GB,14.7
Kingston 9905598-044.A00G 16GB,15.7
Kingston 9905599-010.A00G 4GB,16.5
Kingston 9905599-020.A00G 8GB,14.5
Kingston 9905599-025.A00G 8GB,14.5
Kingston 9905599-026.A00G 8GB,15.5
Kingston 9905599-029.A00G 4GB,16.2
Kingston 9905622-024.A00G 4GB,14.8
Kingston 9905622-025.A00G 4GB,12.3
Kingston 9905622-025.A01G 4GB,14.8
Kingston 9905622-051.A00G 8GB,16.4
Kingston 9905622-055.A00G 4GB,14.5
Kingston 9905622-057.A00G 4GB,15.9
Kingston 9905622-058.A00G 8GB,15.5
Kingston 9905622-075.A00G 8GB,12.5
Kingston 9905624-004.A00G 4GB,16.3
Kingston 9905624-007.A00G 8GB,13.8
Kingston 9905624-008.A00G 8GB,14.2
Kingston 9905624-009.A00G 8GB,14.0
Kingston 9905624-010.A00G 4GB,14.5
Kingston 9905624-013.A00G 8GB,14.5
Kingston 9905624-014.A00G 4GB,16.2
Kingston 9905624-016.A00G 8GB,15.4
Kingston 9905624-018.A00G 8GB,15.7
Kingston 9905624-019.A00G 8GB,14.7
Kingston 9905624-022.A00G 8GB,14.5
Kingston 9905624-023.A00G 8GB,14.0
Kingston 9905624-025.A00G 8GB,17.4
Kingston 9905624-033.A00G 8GB,15.9
Kingston 9905624-036.A00G 8GB,11.6
Kingston 9905624-043.A00G 8GB,17.8
Kingston 9905624-044.A00G 8GB,12.8
Kingston 9905624-045.A00G 8GB,15.5
Kingston 9905624-046.A00G 8GB,17.8
Kingston 9905624-051.A00G 8GB,15.9
Kingston 9905625-011.A00G 8GB,15.9
Kingston 9905625-029.A00G 8GB,15.4
Kingston 9905625-030.A00G 8GB,14.6
Kingston 9905625-036.A00G 16GB,16.6
Kingston 9905625-062.A00G 8GB,15.4
Kingston 9905625-065.A00G 16GB,14.4
Kingston 9905625-066.A00G 16GB,15.8
Kingston 9905625-074.A00G 16GB,12.4
Kingston 9905625-075.A00G 16GB,13.0
Kingston 9905625-076.A00G 8GB,15.7
Kingston 9905625-096.A00G 16GB,13.0
Kingston 9905625-097.A00G 16GB,17.2
Kingston 9905625-098.A00G 16GB,15.3
Kingston 9905625-139.A00G 16GB,17.5
Kingston 9905625-142.A00G 16GB,13.8
Kingston 9905625-152.A00G 16GB,15.4
Kingston 9905630-005.A00G 8GB,15.5
Kingston 9905630-007.A00G 8GB,14.2
Kingston 9905630-018.A00G 8GB,15.3
Kingston 9905630-025.A00G 8GB,15.4
Kingston 9905630-030.A00G 16GB,14.6
Kingston 9905630-031.A00G 16GB,15.5
Kingston 9905630-033.A00G 16GB,11.5
Kingston 9905630-039.A00G 16GB,11.9
Kingston 9905630-048.A00G 16GB,17.5
Kingston 9905630-051.A00G 16GB,15.6
Kingston 9905630-052.A00G 16GB,14.0
Kingston 9905630-063.A00G 16GB,16.8
Kingston 9905630-066.A00G 16GB,16.9
Kingston 9905633-017.A00G 8GB,13.7
Kingston 9905643-009.A00G 8GB,13.5
Kingston 9905663-005.A00G 16GB,15.5
Kingston 9905663-006.A00G 16GB,12.4
Kingston 9905663-007.A00G 16GB,12.9
Kingston 9905663-008.A00G 16GB,14.7
Kingston 9905663-012.A00G 16GB,15.0
Kingston 9905663-016.A00G 16GB,14.6
Kingston 9905663-021.A00G 16GB,14.2
Kingston 9905663-030.A00G 16GB,13.4
Kingston 9905664-010.A00G 4GB,13.9
Kingston 9905665-009.A00G 4GB,16.0
Kingston 9905665-011.A00G 4GB,13.6
Kingston 9905665-014.A00G 4GB,15.8
Kingston 9905665-017.A00G 4GB,15.3
Kingston 9905665-020.A00G 4GB,14.9
Kingston 9905665-021.A00G 4GB,18.0
Kingston 9905665-023.A00G 4GB,14.2
Kingston 9905668-001.A00G 8GB,13.3
Kingston 9905668-002.A00G 8GB,13.5
Kingston 9905670-012.A00G 8GB,17.5
Kingston 9905678-005.A00G 8GB,15.6
Kingston 9905678-006.A00G 4GB,14.8
Kingston 9905678-007.A00G 8GB,16.6
Kingston 9905678-012.A00G 8GB,14.8
Kingston 9905678-014.A00G 4GB,16.5
Kingston 9905678-023.A00G 8GB,15.6
Kingston 9905678-024.A00G 4GB,16.1
Kingston 9905678-026.A00G 8GB,16.4
Kingston 9905678-027.A00G 8GB,15.4
Kingston 9905678-028.A00G 8GB,15.9
Kingston 9905678-029.A00G 8GB,12.6
Kingston 9905678-033.A00G 4GB,15.6
Kingston 9905678-041.A00G 4GB,16.0
Kingston 9905678-042.A00G 8GB,15.9
Kingston 9905678-043.A00G 8GB,15.3
Kingston 9905678-044.A00G 8GB,13.4
Kingston 9905678-058.A00G 4GB,17.5
Kingston 9905678-065.A00G 8GB,13.5
Kingston 9905678-102.A00G 8GB,15.7
Kingston 9905678-105.A00G 8GB,17.4
Kingston 9905678-110.A00G 8GB,14.3
Kingston 9905678-121.A00G 8GB,16.8
Kingston 9905678-138.A00G 8GB,16.0
Kingston 9905678-139.A00G 8GB,13.2
Kingston 9905678-156.A00G 8GB,15.1
Kingston 9905678-173.A00G 8GB,10.4
Kingston 9905678-177.A00G 8GB,16.9
Kingston 9905700-011.A00G 8GB,16.2
Kingston 9905700-012.A00G 8GB,13.6
Kingston 9905700-017.A00G 8GB,16.3
Kingston 9905700-024.A00G 8GB,13.6
Kingston 9905700-025.A00G 8GB,13.5
Kingston 9905700-026.A00G 8GB,15.4
Kingston 9905700-046.A00G 16GB,15.9
Kingston 9905700-047.A00G 16GB,16.1
Kingston 9905700-048.A00G 16GB,13.9
Kingston 9905700-070.A01G 16GB,15.2
Kingston 9905700-072.A01G 16GB,17.6
Kingston 9905700-080.A00G 16GB,16.9
Kingston 9905700-110.A00G 16GB,17.6
Kingston 9905701-003.A00G 16GB,16.4
Kingston 9905701-004.A00G 16GB,14.7
Kingston 9905701-006.A00G 16GB,11.1
Kingston 9905701-008.A00G 16GB,15.5
Kingston 9905701-010.A00G 16GB,13.3
Kingston 9905701-011.A00G 16GB,17.4
Kingston 9905701-017.A00G 16GB,17.0
Kingston 9905701-018.A00G 16GB,17.7
Kingston 9905701-020.A00G 16GB,15.1
Kingston 9905701-021.A00G 16GB,17.3
Kingston 9905701-022.A00G 16GB,14.9
Kingston 9905701-029.A00G 16GB,14.7
Kingston 9905701-032.A00G 16GB,15.6
Kingston 9905701-098.A00G 16GB,16.1
Kingston 9905701-131.A00G 16GB,14.9
Kingston 9905701-132.A00G 16GB,16.4
Kingston 9905701-141.A00G 16GB,19.6
Kingston 9905701-143.A00G 16GB,15.2
Kingston 9905702-002.A00G 8GB,11.2
Kingston 9905702-006.A00G 8GB,15.1
Kingston 9905702-007.A00G 8GB,18.8
Kingston 9905702-008.A00G 8GB,14.7
Kingston 9905702-010.A00G 8GB,16.3
Kingston 9905702-012.A00G 8GB,9.6
Kingston 9905702-014.A00G 8GB,16.7
Kingston 9905702-017.A00G 8GB,16.0
Kingston 9905702-019.A00G 8GB,12.6
Kingston 9905702-020.A00G 8GB,14.3
Kingston 9905702-027.A00G 8GB,18.6
Kingston 9905702-029.A00G 8GB,14.3
Kingston 9905702-071.A00G 8GB,17.5
Kingston 9905702-082.A00G 8GB,16.7
Kingston 9905702-119.A00G 8GB,13.3
Kingston 9905702-120.A00G 8GB,16.1
Kingston 9905702-121.A00G 8GB,15.4
Kingston 9905702-135.A00G 8GB,2.8
Kingston 9905702-136.A00G 8GB,18.0
Kingston 9905702-137.A00G 8GB,16.8
Kingston 9905702-150.A00G 8GB,18.5
Kingston 9905702-184.A00G 8GB,18.4
Kingston 9905702-204.A00G 8GB,16.5
Kingston 9905702-400.A00G 8GB,18.5
Kingston 9905703-008.A00G 16GB,16.2
Kingston 9905703-009.A00G 16GB,16.4
Kingston 9905703-011.A00G 16GB,15.4
Kingston 9905704-007.A00G 4GB,14.2
Kingston 9905711-002.A00G 4GB,16.0
Kingston 9905711-007.A00G 4GB,14.7
Kingston 9905711-015.A00G 4GB,14.5
Kingston 9905711-017.A00G 4GB,14.1
Kingston 9905711-035.A00G 8GB,17.5
Kingston 9905711-038.A00G 8GB,16.7
Kingston 9905712-008.A00G 16GB,16.0
Kingston 9905712-009.A00G 16GB,14.6
Kingston 9905712-010.A00G 16GB,15.2
Kingston 9905712-016.A00G 16GB,16.8
Kingston 9905712-034.A00G 16GB,16.9
Kingston 9905712-035.A00G 16GB,14.8
Kingston 9905713-001.A00G 4GB,16.8
Kingston 9905713-004.A00G 4GB,14.5
Kingston 9905713-008.A00G 4GB,12.2
Kingston 9905713-017.A00G 4GB,15.0
Kingston 9905713-019.A00G 4GB,16.0
Kingston 9905713-026.A00G 4GB,17.5
Kingston 9905713-028.A00G 8GB,16.3
Kingston 9905713-030.A00G 8GB,16.1
Kingston 9905713-033.A00G 8GB,19.9
Kingston 9905713-035.A00G 8GB,17.4
Kingston 9905713-044.A00G 8GB,16.0
Kingston 9905734-002.A00G 16GB,16.6
Kingston 9905734-018.A00G 16GB,17.5
Kingston 9905734-020.A00G 16GB,13.5
Kingston 9905734-022.A00G 16GB,16.5
Kingston 9905734-059.A00G 16GB,15.9
Kingston 9905734-061.A00G 32GB,13.9
Kingston 9905734-062.A00G 32GB,17.4
Kingston 9905734-063.A00G 32GB,18.1
Kingston 9905734-082.A00G 16GB,17.4
Kingston 9905734-102.A00G 32GB,13.3
Kingston 9905734-180.A00G 16GB,11.2
Kingston 9905734-403.A00G 32GB,21.2
Kingston 9905734-415.A00G 16GB,21.5
Kingston 9905743-023.A00G 8GB,14.7
Kingston 9905743-034.A00G 8GB,15.9
Kingston 9905743-044.A00G 16GB,15.3
Kingston 9905743-045.A00G 16GB,16.6
Kingston 9905743-058.A00G 16GB,22.6
Kingston 9905743-150.A00G 16GB,21.0
Kingston 9905743-184.A00G 16GB,20.4
Kingston 9905744-005.A00G 16GB,17.3
Kingston 9905744-006.A00G 16GB,15.7
Kingston 9905744-011.A00G 32GB,14.4
Kingston 9905744-023.A00G 16GB,15.3
Kingston 9905744-024.A00G 16GB,15.4
Kingston 9905744-027.A00G 16GB,18.5
Kingston 9905744-035.A00G 16GB,14.8
Kingston 9905744-062.A00G 32GB,16.4
Kingston 9905744-066.A00G 32GB,17.4
Kingston 9905744-067.A00G 32GB,14.9
Kingston 9905744-077.A00G 16GB,16.8
Kingston 9905744-104.A00G 16GB,15.3
Kingston 9905744-108.A00G 16GB,15.6
Kingston 9932291-002.A00G 4GB,15.5
Kingston 9932301-P01.A00G 4GB,19.9
Kingston 9965589-005.A01G 8GB,12.5
Kingston 9965589-006.E00G 8GB,10.8
Kingston 9965589-007.D01G 8GB,9.1
Kingston 9965589-008.D01G 8GB,10.0
Kingston 9965589-008.D02G 8GB,9.7
Kingston 9965589-013.A00G 8GB,10.0
Kingston 9965589-017.D00G 8GB,12.3
Kingston 9965589-024.D01G 16GB,10.2
Kingston 9965589-026.D00G 8GB,9.4
Kingston 9965589-030.D01G 8GB,9.9
Kingston 9965589-031.D01G 2GB,10.9
Kingston 9965589-033.D00G 8GB,11.6
Kingston 9965589-035.D00G 16GB,10.0
Kingston 9965589-037.D00G 8GB,9.4
Kingston 9965589-043.E00G 16GB,10.1
Kingston 9965596-002.B00G 4GB,9.6
Kingston 9965596-016.B01G 8GB,9.5
Kingston 9965596-019.B01G 4GB,7.6
Kingston 9965596-023.B01G 8GB,8.2
Kingston 9965596-029.B00G 4GB,9.6
Kingston 9965596-031.B00G 8GB,10.9
Kingston 9965596-035.B00G 4GB,7.6
Kingston 9965596-036.B00G 8GB,12.8
Kingston 9965600-005.A00G 16GB,10.4
Kingston 9965600-005.A01G 16GB,13.9
Kingston 9965600-011.A01G 16GB,11.1
Kingston 9965600-012.A01G 16GB,11.0
Kingston 9965600-012.A02G 16GB,10.1
Kingston 9965600-018.A00G 16GB,10.4
Kingston 9965600-023.A00G 16GB,9.8
Kingston 9965600-027.A00G 16GB,9.8
Kingston 9965600-027.A01G 16GB,10.8
Kingston 9965600-033.A00G 16GB,8.8
Kingston 9965604-001.D00G 16GB,10.5
Kingston 9965604-008.C00G 8GB,11.2
Kingston 9965604-008.D00G 16GB,10.7
Kingston 9965604-016.C01G 8GB,11.3
Kingston 9965604-027.D00G 8GB,10.5
Kingston 9965604-033.D00G 16GB,10.1
Kingston 9965639-002.A01G 8GB,17.9
Kingston 9965640-001.C00G 16GB,10.1
Kingston 9965640-004.C00G 16GB,7.3
Kingston 9965640-006.A01G 32GB,11.0
Kingston 9965640-008.A01G 32GB,8.7
Kingston 9965640-013.A01G 32GB,10.1
Kingston 9965640-015.A00G 32GB,9.5
Kingston 9965640-016.A00G 32GB,8.3
Kingston 9965640-035.C00G 32GB,10.5
Kingston 9965643-002.A00G 4GB,16.0
Kingston 9965643-002.A01G 4GB,16.2
Kingston 9965643-006.A01G 8GB,12.4
Kingston 9965657-011.A00G 16GB,11.6
Kingston 9965662-002.A01G 16GB,8.6
Kingston 9965662-004.A00G 16GB,12.1
Kingston 9965662-008.A01G 16GB,9.8
Kingston 9965662-009.A00G 16GB,9.3
Kingston 9965662-010.A00G 16GB,11.0
Kingston 9965662-012.A01G 16GB,11.9
Kingston 9965662-013.A01G 16GB,9.2
Kingston 9965662-015.A00G 16GB,10.9
Kingston 9965662-016.A00G 16GB,7.9
Kingston 9965662-018.A00G 32GB,7.3
Kingston 9965662-019.A00G 32GB,9.2
Kingston 9965667-001.A00G 16GB,10.1
Kingston 9965669-005.A01G 16GB,16.5
Kingston 9965669-008.A03G 16GB,14.9
Kingston 9965669-009.A00G 8GB,10.3
Kingston 9965669-017.A00G 16GB,17.6
Kingston 9965669-018.A00G 16GB,12.1
Kingston 9965669-019.A00G 16GB,11.6
Kingston 9965669-025.A00G 8GB,15.8
Kingston 9965669-027.A00G 16GB,12.5
Kingston 9965669-031.A00G 16GB,10.9
Kingston 9965669-032.A00G 16GB,16.7
Kingston 9965684-005.A00G 8GB,14.9
Kingston 9965684-013.A00G 8GB,14.6
Kingston 9965690-002.A00G 8GB,9.7
Kingston 9965690-014.A00G 8GB,9.5
Kingston 9965690-040.A00G 4GB,9.7
Kingston 9965698-001.A00G 16GB,10.3
Kingston 9965745-002.A00G 16GB,15.8
Kingston ACR21D4S15HAG/8G 8GB,13.6
Kingston ACR24D4S7D8MB-16 16GB,15.9
Kingston ACR24D4S7S1MB-4 4GB,14.5
Kingston ACR24D4S7S8MB-8 8GB,14.3
Kingston ACR24D4U7D8MB-16 16GB,12.7
Kingston ACR24D4U7S8MB-8 8GB,15.7
Kingston ACR26D4S9D8MD-16 16GB,15.2
Kingston ACR26D4S9D8ME-16 16GB,17.0
Kingston ACR26D4S9S1KA-4 4GB,13.8
Kingston ACR26D4S9S1ME-4 4GB,13.9
Kingston ACR26D4S9S8HJ-8 8GB,15.3
Kingston ACR26D4S9S8ME-8 8GB,15.5
Kingston ACR26D4S9S8MH-8 8GB,14.3
Kingston ACR26D4U9D8ME-16 16GB,16.9
Kingston ACR26D4U9D8MH-16 16GB,16.3
Kingston ACR26D4U9S1KA-4 4GB,14.5
Kingston ACR26D4U9S8HJ-8 8GB,16.6
Kingston ACR26D4U9S8ME-8 8GB,16.7
Kingston ACR26D4U9S8ME-8X 8GB,15.8
Kingston ACR26D4U9S8MH-8 8GB,15.9
Kingston ACR32D4S2S1ME-8 8GB,15.5
Kingston ACR32D4U2S1ME-8 8GB,18.5
Kingston ACR32D4U2S1ME-8X 8GB,19.3
Kingston ACR32D4U2S8HD-8F 8GB,20.8
Kingston ACR32D4U2S8HD-8X 8GB,18.0
Kingston ACR32D4U2S8ME-16 16GB,18.1
Kingston ASU21D4U5S1MB-4 4GB,12.7
Kingston ASU21D4U5S8MB-8 8GB,16.3
Kingston CAC24D4S7D8MB-16 16GB,14.6
Kingston CBD24D4S7D8MA-16 16GB,15.1
Kingston CBD24D4S7D8MB-16 16GB,14.1
Kingston CBD24D4S7D8ME-16 16GB,15.7
Kingston CBD24D4S7S8MB-8 8GB,15.3
Kingston CBD24D4S7S8ME-8 8GB,15.1
Kingston CBD24D4U7S8MA-8 8GB,16.7
Kingston CBD26D4S9D8ME-16 16GB,15.5
Kingston CBD26D4S9S8ME-8 8GB,17.0
Kingston CBD26D4U9D8ME-16 16GB,17.5
Kingston CBD26D4U9S8ME-8 8GB,16.2
Kingston CBD26D4U9S8MH-8 8GB,17.3
Kingston CBD32D4S2D8HD-16 16GB,15.6
Kingston CBD32D4S2S1ME-8 8GB,15.4
Kingston CBD32D4U2S1ME-8 8GB,20.5
Kingston HP24D4R7D4MAM-32 32GB,11.0
Kingston HP24D4S7S8MBP-8 8GB,13.2
Kingston HP24D4U7S1MBP-4 4GB,12.7
Kingston HP24D4U7S8MBP-4 4GB,15.2
Kingston HP24D4U7S8MBP-8 8GB,14.9
Kingston HP24D4U7S8MD-8 8GB,16.0
Kingston HP24D4U7S8MH-8 8GB,16.7
Kingston HP26D4S9S1ME-4 4GB,14.4
Kingston HP26D4S9S8HJ-8 8GB,16.9
Kingston HP26D4S9S8MD-8 8GB,14.7
Kingston HP26D4S9S8ME-8 8GB,15.6
Kingston HP26D4S9S8MH-8 8GB,15.1
Kingston HP26D4S9S8MHF-8 8GB,14.8
Kingston HP26D4U6D8ME-16X 16GB,16.9
Kingston HP26D4U6S8ME-8X 8GB,17.7
Kingston HP26D4U9D8HC-16X 16GB,17.0
Kingston HP26D4U9D8ME-16X 16GB,16.8
Kingston HP26D4U9S1ME-4 4GB,16.2
Kingston HP26D4U9S8MD-8 8GB,16.6
Kingston HP26D4U9S8ME-8 8GB,16.4
Kingston HP26D4U9S8ME-8X 8GB,16.9
Kingston HP28D4S7D8HA-16X 16GB,16.0
Kingston HP32D4S2S1ME-4 4GB,16.1
Kingston HP32D4S2S1ME-8 8GB,16.2
Kingston HP32D4S2S8ME-16 16GB,15.2
Kingston HP32D4U2S1ME-8 8GB,19.7
Kingston HP32D4U2S8ME-16 16GB,19.7
Kingston HP32D4U2S8MR-8 8GB,21.9
Kingston HP32D4U8D8HC-16X 16GB,17.5
Kingston HP32D4U8D8HC-16XR 16GB,17.9
Kingston HP32D4U8D8HD-16XR 16GB,17.6
Kingston HP32D4U8S8HC-8X 8GB,16.4
Kingston HP32D4U8S8HC-8XR 8GB,17.1
Kingston HP32D4U8S8HD-8X 8GB,17.9
Kingston HP32D4U8S8HD-8XR 8GB,18.4
Kingston HP32D4U8S8ME-8X 8GB,16.4
Kingston HP32D4U8S8ME-8XR 8GB,17.2
Kingston HP37D4U1S8HC-16XR 16GB,20.4
Kingston HP37D4U1S8ME-8X 8GB,19.1
Kingston HP37D4U1S8ME-8XR 8GB,19.8
Kingston HP37D4U1S8ME-16X 16GB,19.3
Kingston HP37D4U1S8ME-16XR 16GB,19.8
Kingston HP37D4U1S8MR-8X 8GB,20.6
Kingston HP37D4U1S8MR-8XR 8GB,20.3
Kingston HX421C14FB/4 4GB,16.6
Kingston HX424C15FB2/8 8GB,17.3
Kingston HX424C15FB/8 8GB,15.9
Kingston HX424C15FB/16 16GB,15.5
Kingston HX424C15PB/4 4GB,15.5
Kingston HX426C16FB2/8 8GB,12.6
Kingston HX426C16FB2/8-SP 8GB,10.0
Kingston HX432C15PB3/16 16GB,14.6
Kingston HX432C15PB3/16G 16GB,15.8
Kingston K000MD44U 4GB,14.9
Kingston K1CXP8-MIE 16GB,15.2
Kingston K6VDX7-MIE 8GB,16.1
Kingston K9CXF2-MIE 8GB,17.6
Kingston K821PJ-MIB 16GB,13.7
Kingston K821PJ-MID 16GB,13.2
Kingston K821PJ-MIH 16GB,15.1
Kingston KC5N22-MIE 16GB,13.4
Kingston KC5N22-MIR 16GB,14.2
Kingston KCDT82-MIE 4GB,16.5
Kingston KCRXJ6-HYJ 16GB,14.2
Kingston KCRXJ6-MIE 16GB,15.8
Kingston KDK8NX-MIE 16GB,18.4
Kingston KF2666C13D4/8GX 8GB,17.3
Kingston KF2666C15S4/8G 8GB,16.4
Kingston KF2666C15S4/16G 16GB,16.6
Kingston KF2666C16D4/4G 4GB,15.4
Kingston KF2666C16D4/8G 8GB,16.3
Kingston KF2666C16D4/16G 16GB,18.3
Kingston KF2666C16D4/16GX 16GB,19.2
Kingston KF2666C16D4/32GX 32GB,19.1
Kingston KF2666C16S4/16G 16GB,14.8
Kingston KF2933C17S4/16G 16GB,16.8
Kingston KF2933C17S4/32G 32GB,16.6
Kingston KF3000C15D4/8GX 8GB,18.1
Kingston KF3000C15D4/16GX 16GB,20.6
Kingston KF3000C16D4/32GX 32GB,18.8
Kingston KF3200C16D4/4GX 4GB,19.2
Kingston KF3200C16D4/8GX 8GB,20.0
Kingston KF3200C16D4/16GX 16GB,20.7
Kingston KF3200C16D4/32GX 32GB,20.2
Kingston KF3200C18D4/8G 8GB,22.0
Kingston KF3200C20S4/8G 8GB,15.6
Kingston KF3200C20S4/16G 16GB,17.4
Kingston KF3200C20S4/16GX 16GB,16.6
Kingston KF3200C20S4/32GX 32MB,17.1
Kingston KF3600C16D4/8GX 8GB,21.0
Kingston KF3600C16D4/16GX 16GB,21.6
Kingston KF3600C17D4/8GX 8GB,21.2
Kingston KF3600C18D4/16GX 16GB,20.0
Kingston KF3600C18D4/32GX 32GB,21.4
Kingston KF3733C19D4/8GX 8GB,21.4
Kingston KF3733C19D4/16GX 16GB,19.5
Kingston KF4000C19D4/8GX 8GB,19.0
Kingston KF4000C19D4/16GX 16GB,21.0
Kingston KF4600C19D4/16GX 16GB,27.3
Kingston KF5333C20D4/8GX 8GB,24.9
Kingston KGTWW1-MIE 4GB,15.5
Kingston KHX426C13/8G 8GB,13.7
Kingston KHX2133C13D4/4GX 4GB,15.0
Kingston KHX2133C13D4/8GX 8GB,14.7
Kingston KHX2133C13S4/4G 4GB,14.8
Kingston KHX2133C13S4/8G 8GB,15.5
Kingston KHX2133C13S4/16G 16GB,14.1
Kingston KHX2133C14/8G 8GB,16.1
Kingston KHX2133C14/16G 16GB,16.8
Kingston KHX2133C14D4/4G 4GB,15.9
Kingston KHX2133C14D4/8G 8GB,16.3
Kingston KHX2133C14S4/8G 8GB,16.1
Kingston KHX2133C14S4/16G 16GB,13.6
Kingston KHX2133C15S4/8G 8GB,15.2
Kingston KHX2133ï¿½ï¿½4D4/8G 8GB,11.2
Kingston KHX2400C1C14/16G 16GB,15.6
Kingston KHX2400C12D4/4GX 4GB,15.3
Kingston KHX2400C12D4/8GX 8GB,17.3
Kingston KHX2400C12D4/16GX 16GB,16.7
Kingston KHX2400C14/16G 16GB,14.7
Kingston KHX2400C14D4/16G 16GB,16.1
Kingston KHX2400C14S4/4G 4GB,17.4
Kingston KHX2400C14S4/8G 8GB,16.4
Kingston KHX2400C14S4/16G 16GB,15.2
Kingston KHX2400C15/8G 8GB,16.6
Kingston KHX2400C15/16G 16GB,16.8
Kingston KHX2400C15D4/4G 4GB,16.8
Kingston KHX2400C15D4/8G 8GB,16.9
Kingston KHX2400C15D4/16GX 16GB,16.9
Kingston KHX2400C15S4/4G 4GB,18.2
Kingston KHX2400C15S4/8G 8GB,15.7
Kingston KHX2400C15S4/16G 16GB,16.6
Kingston KHX2666C13/8GX 8GB,17.4
Kingston KHX2666C13/16GX 16GB,17.5
Kingston KHX2666C13D4/4GX 4GB,15.6
Kingston KHX2666C13D4/8GX 8GB,18.4
Kingston KHX2666C15/8G 8GB,14.9
Kingston KHX2666C15/16GX 16GB,16.5
Kingston KHX2666C15D4/4G 4GB,17.3
Kingston KHX2666C15D4/8G 8GB,17.4
Kingston KHX2666C15S4/8G 8GB,16.5
Kingston KHX2666C15S4/16G 16GB,16.6
Kingston KHX2666C16/8G 8GB,16.8
Kingston KHX2666C16/16G 16GB,16.7
Kingston KHX2666C16D4/4G 4GB,16.9
Kingston KHX2666C16D4/16GX 16GB,17.4
Kingston KHX2666C16D4/32GX 32GB,17.0
Kingston KHX2666C16S4/16G 16GB,16.8
Kingston KHX2666C16S4/32G 32GB,16.5
Kingston KHX2800C14D4/4GX 4GB,16.8
Kingston KHX2800C14D4/8GX 8GB,16.1
Kingston KHX2933C15D4/8GX 8GB,17.4
Kingston KHX2933C17D4/8G 8GB,17.7
Kingston KHX2933C17D4/16G 16GB,17.1
Kingston KHX2933C17S4/8G 8GB,17.8
Kingston KHX2933C17S4/16G 16GB,16.7
Kingston KHX2933C17S4/32G 32GB,17.4
Kingston KHX3000C15/16GX 16GB,17.6
Kingston KHX3000C15D4/4GX 4GB,16.4
Kingston KHX3000C15D4/8GX 8GB,17.4
Kingston KHX3000C16/16GX 16GB,14.9
Kingston KHX3000C16D4/16GX 16GB,17.1
Kingston KHX3000C16D4/32GX 32GB,18.3
Kingston KHX3200C16D4/4GX 4GB,16.9
Kingston KHX3200C16D4/8GX 8GB,18.3
Kingston KHX3200C16D4/16GX 16GB,18.7
Kingston KHX3200C16D4/32GX 32GB,17.3
Kingston KHX3200C18D4/4G 4GB,16.8
Kingston KHX3200C18D4/8G 8GB,18.2
Kingston KHX3200C18D4/16G 16GB,19.7
Kingston KHX3200C20S4/8G 8GB,17.5
Kingston KHX3200C20S4/16G 16GB,16.7
Kingston KHX3200C20S4/16GX 16GB,17.2
Kingston KHX3200C20S4/32GX 32GB,17.5
Kingston KHX3300C16D4/4GX 4GB,14.2
Kingston KHX3333C16D4/8GX 8GB,18.7
Kingston KHX3333C16D4/16GX 16GB,16.8
Kingston KHX3333C17D4/4GX 4GB,12.0
Kingston KHX3466C16D4/8GX 8GB,17.3
Kingston KHX3466C16D4/16GX 16GB,18.5
Kingston KHX3466C17D4/16GX 16GB,17.8
Kingston KHX3466C19D4/8G 8GB,18.5
Kingston KHX3466C19D4/16G 16GB,18.3
Kingston KHX3600C17D4/8GX 8GB,19.1
Kingston KHX3600C17D4/16GX 16GB,18.7
Kingston KHX3600C18D4/16GX 16GB,18.2
Kingston KHX3600C18D4/32GX 32GB,17.6
Kingston KHX3733C19D4/8GX 8GB,17.6
Kingston KHX3733C19D4/16GX 16GB,18.7
Kingston KHX4000C19D4/8GX 8GB,19.9
Kingston KHX4133C19D4/8GX 8GB,19.5
Kingston KHX4266C19D4/8GX 8GB,18.5
Kingston KHX4800C19D4/8GX 8GB,18.2
Kingston KHYXPX-MID 8GB,16.6
Kingston KHYXPX-MIE 8GB,15.2
Kingston KHï¿½280C14D4/8ï¿½Xï¿½ 8GB,14.3
Kingston KHï¿½2400C15D4/8ï¿½ 8GB,13.4
Kingston KKN2NM-MIE 4GB,15.5
Kingston KKRVFX-MIB 8GB,14.7
Kingston KKRVFX-MIE 8GB,15.3
Kingston KM0VW4-MID 8GB,15.4
Kingston KMKYF9-HYA 8GB,16.9
Kingston KMKYF9-MIB 8GB,14.6
Kingston KMKYF9-MID 8GB,15.3
Kingston KMKYF9-MIH 8GB,13.3
Kingston KP6FH5-MIE 32GB,15.8
Kingston KST-2133MHZ-4G 4GB,13.1
Kingston KTD3KX-HYA 8GB,7.4
Kingston KTD3KX-MIB 8GB,13.0
Kingston KTP9W1-MID 16GB,16.5
Kingston KTP9W1-MIE 16GB,17.0
Kingston KV0M5R-MIE 8GB,16.3
Kingston KVR24N17S8/4 4GB,15.4
Kingston KWTHG4-MIE 16GB,15.0
Kingston KY7N41-MID 8GB,16.4
Kingston KY7N41-MIE 8GB,16.2
Kingston KYXC0V-MIB 16GB,15.0
Kingston KYXC0V-MID 16GB,15.6
Kingston KYXC0V-MIH 16GB,15.5
Kingston LV26D4S9S8HJ-8 8GB,17.1
Kingston LV32D4S2S8HD-8 8GB,16.9
Kingston LV32D4U2S8HD-8X 8GB,19.4
Kingston LV32D4U2S8ME-16X 16GB,19.3
Kingston LV36D4U1S8HD-8XR 8GB,21.4
Kingston M378A1K43CB2-CRC 8GB,13.9
Kingston MSI21D4S15HAG/8G 8GB,13.5
Kingston MSI24D4D4S8MB-8 8GB,10.8
Kingston MSI24D4S7D8MB-8 8GB,15.4
Kingston MSI24D4S7D8MB-16 16GB,15.4
Kingston MSI24D4S7D8MH-16 16GB,13.6
Kingston MSI24D4S7D8MHMH6 16GB,13.9
Kingston MSI24D4S7S7MH-16 16GB,13.4
Kingston MSI24D4S7S8MB-8 8GB,14.6
Kingston MSI24D4S7S8MH-8 8GB,16.6
Kingston MSI24D4S7S8S8-8 8GB,13.0
Kingston MSI24D4U7D8MD-16 16GB,16.6
Kingston MSI24D4U7D8MH-16 16GB,15.8
Kingston MSI24D4U7S8MB-8 8GB,16.9
Kingston MSI24D4U7S8MH-8 8GB,17.2
Kingston MSI26D4S9D8ME-16 16GB,15.5
Kingston MSI26D4S9S8HJ-8 8GB,16.8
Kingston MSI26D4S9S8ME-8 8GB,15.5
Kingston MSI32D4S2S1ME-8 8GB,16.6
Kingston MSISID4S9S8ME-8 8GB,14.7
Kingston RB24D4U7S8MB-8 8GB,17.3
Kingston RB26D4U9D8MEH-16 16GB,17.0
Kingston SMD4-S8G48HJ-26V 8GB,15.2
Kingston X0N6VG-HYD2 16GB,17.3
Kingston X2YH1K-MIE 16GB,17.6
Kingston X2YH1K-MIE-NX 16GB,19.3
Kingston X3XCFP-HYA 8GB,17.6
Kingston X5H5PW-MIB 8GB,16.9
Kingston X5H5PW-MIE 8GB,16.4
Kingston X6TCK6-MIE 32GB,18.9
Kingston X74R9W-MIE 8GB,18.5
Kingston X75V1H-MIE 32GB,16.7
Kingston XCCT36-MIE 16GB,17.8
Kingston XF875V-HYA 8GB,13.3
Kingston XF875V-MIH 8GB,15.0
Kingston XG9XKG-MIE 16GB,17.2
Kingston XJ69DF-HYA 8GB,14.1
Kingston XJ69DF-MIE2 8GB,16.5
Kingston XJ69DF-MIE 8GB,16.5
Kingston XJV223-MIE 16GB,17.4
Kingston XJV223-MIE-NX 16GB,18.7
Kingston XK2M26-MIE-NX 16GB,19.8
Kingston XN205T-HYD2 16GB,17.3
Kingston XN205T-MIE2 16GB,17.2
Kingston XN205T-MIE 16GB,17.3
Kingston XRGM6C-MIB 16GB,16.5
Kingston XRGM6C-MIE 16GB,16.7
Kingston XRMWRN-HYA 16GB,16.1
Kingston XRMWRN-MIE2 16GB,17.5
Kingston XRMWRN-MIE 16GB,17.0
Kingston XVTW4H-MIE 32GB,18.3
Kingston XVTW4H-MIE-NX 32GB,20.3
Kingston XW21KG-HYD-NX 8GB,18.2
Kingston XW21KG-MIE2 8GB,17.0
Kingston XW21KG-MIE-NX 8GB,18.3
Kingston XWM8G1-MIE 32GB,18.0
Kllisre 0000 8GB,10.9
Kllisre 8ATF1G64AZ-2G6E1 8GB,11.7
Kllisre 8ATF1G64AZ-2G6H1 8GB,10.8
Kllisre 99P5428-002.A00LF 8GB,11.0
Kllisre 99P54280002.A00LF 8GB,11.1
Kllisre 8GB,11.5
Kllisre D4 8G 8GB,11.6
Kllisre DDR4-8GB 8GB,11.4
Kllisre HMA81GU6AFR8N-VK 8GB,10.8
Kllisre M378A1K43BB2-CRC 8GB,11.0
Kllisre M378A1K43CB2-CRC 8GB,12.4
Kllisre M378A5143EB2-CRC 4GB,11.1
Kllisre M471A1K43CB1-CTD 8GB,11.4
Kllisre M471A3243BB0-CP50 16GB,17.1
Lenovo 16GB,18.5
Lenovo LMKU8G68AHFHD-32A 8GB,16.9
Lenovo LMKUFG68AHFHD-32A 16GB,18.2
Lexar Co Limited LD4AS016G-3200ST 16GB,15.9
Lexar Co Limited LD4AS016G-H3200GST 16GB,16.4
Lexar Co Limited LD4AU008G-H3200GST 8GB,18.1
Lexar Co Limited LD4AU016G-H2666G 16GB,16.8
Lexar Co Limited LD4AU016G-H3200GST 16GB,22.4
Lexar Co Limited LD4BU008G-H3200ULH 8GB,20.6
Maxsun MSD44G24Q0 4GB,15.5
Maxsun MSD44G24Q3 4GB,10.5
Maxsun MSD48G26Q3 8GB,13.9
Maxsun MSD48G30M3 8GB,14.4
Maxsun MSD48G30Q3 8GB,15.5
Maxsun MSD48G32Q3 8GB,13.5
Maxsun MSD416G26Q3 16GB,12.5
Memphis Electronic D4SO1G724GI-A58SD 8GB,11.7
MemxPro Inc. D4S8GHIOFFC 8GB,14.2
Micron Technology 4ATF1G64AZ-3G2B1 8GB,19.2
Micron Technology 4ATF1G64AZ-3G2E1 8GB,17.7
Micron Technology 4ATF1G64AZ-3G2F1 8GB,16.2
Micron Technology 4ATF1G64HZ-3G2B2 8GB,16.1
Micron Technology 4ATF1G64HZ-3G2E1 8GB,16.2
Micron Technology 4ATF1G64HZ-3G2E2 8GB,16.1
Micron Technology 4ATF1G64HZ-3G2F1 8GB,15.7
Micron Technology 4ATF51264AZ-2G3B1 4GB,15.6
Micron Technology 4ATF51264AZ-2G3E1 4GB,15.0
Micron Technology 4ATF51264AZ-2G3H1R 4GB,12.6
Micron Technology 4ATF51264AZ-2G6E1 4GB,16.4
Micron Technology 4ATF51264AZ-3G2E1 4GB,17.5
Micron Technology 4ATF51264AZ-3G2J1 4GB,17.4
Micron Technology 4ATF51264HZ-2G3B1 4GB,15.0
Micron Technology 4ATF51264HZ-2G3B2 4GB,15.3
Micron Technology 4ATF51264HZ-2G3E1 4GB,14.8
Micron Technology 4ATF51264HZ-2G3E2 4GB,15.8
Micron Technology 4ATF51264HZ-2G6E1 4GB,14.7
Micron Technology 4ATF51264HZ-2G6E3 4GB,16.6
Micron Technology 4ATF51264HZ-3G2J1 4GB,15.8
Micron Technology 4ATS1G64HZ-2G3B1 8GB,17.1
Micron Technology 8ATF1G64AZ-2G1A1 8GB,15.2
Micron Technology 8ATF1G64AZ-2G1B1 8GB,15.5
Micron Technology 8ATF1G64AZ-2G3A1 8GB,15.1
Micron Technology 8ATF1G64AZ-2G3B1 8GB,16.5
Micron Technology 8ATF1G64AZ-2G3E1 8GB,16.1
Micron Technology 8ATF1G64AZ-2G3H1 8GB,15.9
Micron Technology 8ATF1G64AZ-2G3H1R 8GB,14.3
Micron Technology 8ATF1G64AZ-2G6B1 8GB,19.1
Micron Technology 8ATF1G64AZ-2G6D1 8GB,15.3
Micron Technology 8ATF1G64AZ-2G6E1 8GB,16.7
Micron Technology 8ATF1G64AZ-2G6H1 8GB,16.1
Micron Technology 8ATF1G64AZ-2G6J1 8GB,17.1
Micron Technology 8ATF1G64AZ-3G2E1 8GB,16.6
Micron Technology 8ATF1G64AZ-3G2J1 8GB,16.8
Micron Technology 8ATF1G64AZ-3G2R1 8GB,20.4
Micron Technology 8ATF1G64HZ-2G1A1 8GB,14.2
Micron Technology 8ATF1G64HZ-2G2G1 8GB,14.3
Micron Technology 8ATF1G64HZ-2G3A1 8GB,13.4
Micron Technology 8ATF1G64HZ-2G3B1 8GB,14.5
Micron Technology 8ATF1G64HZ-2G3B2 8GB,14.1
Micron Technology 8ATF1G64HZ-2G3E1 8GB,13.7
Micron Technology 8ATF1G64HZ-2G3E2 8GB,15.2
Micron Technology 8ATF1G64HZ-2G3H1 8GB,14.1
Micron Technology 8ATF1G64HZ-2G6B1 8GB,14.7
Micron Technology 8ATF1G64HZ-2G6D1 8GB,15.9
Micron Technology 8ATF1G64HZ-2G6E1 8GB,15.3
Micron Technology 8ATF1G64HZ-2G6E3 8GB,15.4
Micron Technology 8ATF1G64HZ-2G6H1 8GB,15.2
Micron Technology 8ATF1G64HZ-2G6J1 8GB,16.3
Micron Technology 8ATF1G64HZ-3G2E1 8GB,17.0
Micron Technology 8ATF1G64HZ-3G2J1 8GB,16.0
Micron Technology 8ATF1G64HZ-3G2R1 8GB,16.5
Micron Technology 8ATF2G64AZ-3G2B1 16GB,19.5
Micron Technology 8ATF2G64AZ-3G2E1 16GB,19.4
Micron Technology 8ATF2G64AZ-3G2F1 16GB,20.4
Micron Technology 8ATF2G64HZ-2G3A1 16GB,14.1
Micron Technology 8ATF2G64HZ-3G2B2 16GB,15.9
Micron Technology 8ATF2G64HZ-3G2E1 16GB,16.4
Micron Technology 8ATF2G64HZ-3G2E2 16GB,16.1
Micron Technology 8ATF2G64HZ-3G2F1 16GB,16.6
Micron Technology 8ATF51264AZ-2G1A1 4GB,12.4
Micron Technology 8ATF51264AZ-2G1A2 4GB,15.4
Micron Technology 8ATF51264AZ-2G1AY 4GB,13.8
Micron Technology 8ATF51264AZ-2G1B1 4GB,14.8
Micron Technology 8ATF51264HZ-2G1A2 4GB,13.5
Micron Technology 8ATF51264HZ-2G1B1 4GB,14.4
Micron Technology 8G2666CL19 8GB,16.5
Micron Technology 8R8F1G64HZ-2G3B1 8GB,14.8
Micron Technology 9ASF1G72AZ-2G3B1 8GB,15.0
Micron Technology 9ASF1G72PZ-2G3A1 8GB,10.2
Micron Technology 9ASF1G72PZ-2G3B1 8GB,9.8
Micron Technology 9ASF1G72PZ-2G6D1 8GB,11.0
Micron Technology 9ASF1G72PZ-2G9E1 8GB,10.4
Micron Technology 9ASF51272AZ-2G3B1 4GB,15.4
Micron Technology 9ASF51272PZ-2G1A2 4GB,11.6
Micron Technology 9ASF51272PZ-2G1AX 4GB,7.7
Micron Technology 9ASF51272PZ-2G1B1 4GB,9.6
Micron Technology 9ASF51272PZ-2G3B1 4GB,9.6
Micron Technology 16A6A2G64HZ-2-2E1 16GB,17.0
Micron Technology 16ATF1G64AZ-2G1A1 8GB,12.7
Micron Technology 16ATF1G64AZ-2G1A2 8GB,15.6
Micron Technology 16ATF1G64AZ-2G1B1 8GB,15.4
Micron Technology 16ATF1G64AZ-2G3A2 8GB,15.5
Micron Technology 16ATF1G64HZ-2G1A2 8GB,14.2
Micron Technology 16ATF1G64HZ-2G1B1 8GB,13.9
Micron Technology 16ATF2G64AZ-2G1A1 16GB,14.8
Micron Technology 16ATF2G64AZ-2G1B1 16GB,15.4
Micron Technology 16ATF2G64AZ-2G3A1 16GB,14.7
Micron Technology 16ATF2G64AZ-2G3B1 16GB,16.4
Micron Technology 16ATF2G64AZ-2G3E1 16GB,12.9
Micron Technology 16ATF2G64AZ-2G3H1 16GB,14.4
Micron Technology 16ATF2G64AZ-2G6B1 16GB,18.2
Micron Technology 16ATF2G64AZ-2G6D1 16GB,14.2
Micron Technology 16ATF2G64AZ-2G6E1 16GB,15.5
Micron Technology 16ATF2G64AZ-2G6H1 16GB,17.7
Micron Technology 16ATF2G64AZ-2G6J1 16GB,16.7
Micron Technology 16ATF2G64AZ-3G2E1 16GB,20.1
Micron Technology 16ATF2G64AZ-3G2J1 16GB,17.1
Micron Technology 16ATF2G64HZ-2G1A1 16GB,13.3
Micron Technology 16ATF2G64HZ-2G1B1 16GB,14.1
Micron Technology 16ATF2G64HZ-2G3A1 16GB,12.0
Micron Technology 16ATF2G64HZ-2G3B1 16GB,14.5
Micron Technology 16ATF2G64HZ-2G3B2 16GB,16.6
Micron Technology 16ATF2G64HZ-2G3E1 16GB,15.0
Micron Technology 16ATF2G64HZ-2G3E2 16GB,16.5
Micron Technology 16ATF2G64HZ-2G3H1 16GB,12.7
Micron Technology 16ATF2G64HZ-2G6E1 16GB,15.4
Micron Technology 16ATF2G64HZ-2G6E3 16GB,16.8
Micron Technology 16ATF2G64HZ-2G6H1 16GB,14.5
Micron Technology 16ATF2G64HZ-2G6J1 16GB,15.3
Micron Technology 16ATF2G64HZ-3G2E1 16GB,16.7
Micron Technology 16ATF2G64HZ-3G2J1 16GB,15.8
Micron Technology 16ATF4G64AZ-2G6B1 32GB,13.4
Micron Technology 16ATF4G64AZ-3G2B1 32GB,17.2
Micron Technology 16ATF4G64AZ-3G2E1 32GB,15.7
Micron Technology 16ATF4G64AZ-3G2F1 32GB,22.2
Micron Technology 16ATF4G64HZ-2G6B2 32GB,16.5
Micron Technology 16ATF4G64HZ-2G6B4 32GB,16.4
Micron Technology 16ATF4G64HZ-3G2B2 32GB,16.7
Micron Technology 16ATF4G64HZ-3G2E1 32GB,17.0
Micron Technology 16ATF4G64HZ-3G2E2 32GB,15.3
Micron Technology 16ATF4G64HZ-3G2F1 32GB,19.3
Micron Technology 16G2666CL19 16GB,15.4
Micron Technology 16GB 2133MHz DIMM 16GB,17.3
Micron Technology 18ADF1G72PZ-2G1A1 8GB,9.2
Micron Technology 18ADF2G72AZ-2G3A1 16GB,17.8
Micron Technology 18ADF2G72AZ-2G3B1 16GB,13.7
Micron Technology 18ADF2G72AZ-2G6E1 16GB,18.0
Micron Technology 18ADF2G72PZ-2G3B1 16GB,11.8
Micron Technology 18ADF2G72PZ-2G6H1R 16GB,9.1
Micron Technology 18ASF1G72AZ-2G1A1 8GB,17.2
Micron Technology 18ASF1G72AZ-2G1B1 8GB,9.6
Micron Technology 18ASF1G72AZ-2G3B1 8GB,14.6
Micron Technology 18ASF1G72PDZ-2G1A1 8GB,10.9
Micron Technology 18ASF1G72PDZ-2G1B1 8GB,9.5
Micron Technology 18ASF1G72PDZ-2G3A2 8GB,10.3
Micron Technology 18ASF1G72PDZ-2G3B1 8GB,11.3
Micron Technology 18ASF1G72PDZ-2G6B1 8GB,11.2
Micron Technology 18ASF1G72PDZ-2G6E1 8GB,10.6
Micron Technology 18ASF1G72PZ-2G1A2 8GB,10.3
Micron Technology 18ASF1G72PZ-2G1AV 8GB,6.4
Micron Technology 18ASF1G72PZ-2G1B1 8GB,11.0
Micron Technology 18ASF1G72PZ-2G3B1 8GB,11.6
Micron Technology 18ASF2G72AZ-2G1A1 16GB,11.7
Micron Technology 18ASF2G72AZ-2G1B1 16GB,13.2
Micron Technology 18ASF2G72AZ-2G3B1 16GB,14.1
Micron Technology 18ASF2G72AZ-2G6D1 16GB,16.8
Micron Technology 18ASF2G72PDZ-2G3A1 16GB,7.7
Micron Technology 18ASF2G72PDZ-2G3B1 16GB,9.4
Micron Technology 18ASF2G72PDZ-2G3D1 16GB,10.6
Micron Technology 18ASF2G72PDZ-2G6D1 16GB,10.5
Micron Technology 18ASF2G72PDZ-2G6H1R 16GB,10.7
Micron Technology 18ASF2G72PZ-2G3B1 16GB,10.0
Micron Technology 36ADS2G72PZ-2G1A1 16GB,5.6
Micron Technology 36ASF2G72LZ-2G1A1 16GB,11.4
Micron Technology 36ASF2G72PZ-2G1A2 16GB,10.5
Micron Technology 36ASF2G72PZ-2G1B1 16GB,10.4
Micron Technology 36ASF2G72PZ-2G3A3 16GB,9.2
Micron Technology 36ASF2G72PZ-2G3B1 16GB,10.4
Micron Technology 36ASF2G72PZ-2G4AT 16GB,9.8
Micron Technology 36ASF2G72PZ-2G6E1 16GB,9.6
Micron Technology 36ASF4G72LZ-2G3A1 32GB,11.2
Micron Technology 36ASF4G72LZ-2G3B1 32GB,11.2
Micron Technology 36ASF4G72PZ-2G1A1 32GB,9.1
Micron Technology 36ASF4G72PZ-2G1B1 32GB,11.1
Micron Technology 36ASF4G72PZ-2G3A1 32GB,10.3
Micron Technology 36ASF4G72PZ-2G3B1 32GB,9.7
Micron Technology 36ASF4G72PZ-2G3D1 32GB,10.1
Micron Technology 36ASF4G72PZ-2G6D1 32GB,11.7
Micron Technology 36ASF4G72PZ-2G6H1 32GB,8.9
Micron Technology 72ASS4G72LZ-2G1A1 32GB,8.7
Micron Technology 72ASS4G72LZ-2G3A2 32GB,12.8
Micron Technology 72ASS8G72LZ-2G3B2 64GB,9.3
Micron Technology 72ASS8G72LZ-2G6D2 64GB,8.7
Micron Technology 9905625-004.A03LF 8GB,17.4
Micron Technology AFLD44EK2P 4GB,15.3
Micron Technology AFLD48EH1P 8GB,16.1
Micron Technology AFLD48VH1P 8GB,15.7
Micron Technology AFLD416EH1P 16GB,13.7
Micron Technology AFSD416ES1P 16GB,14.5
Micron Technology CT4G4DFS8213.8FA11 4GB,15.1
Micron Technology CT8G4DFD8213.16FA2 8GB,11.9
Micron Technology CT8G4DFD8213.16FA11 8GB,12.0
Micron Technology DDR4 8GB 2666MHz 8GB,16.5
Micron Technology DDR4 16GB 2666MHz 16GB,20.0
Micron Technology HMA81GU6AFR8N-UH 8GB,13.7
Micron Technology ILG8GS2400A 8GB,15.0
Micron Technology M471A1K43BB1-CRC 8GB,16.0
Micron Technology M471A1K43CB1-CTD 8GB,14.8
Micron Technology MTA8ATF1G64HZ-2G3A1 8GB,14.3
Micron Technology MTA8ATF1G64HZ-2G3B1 16GB,12.2
Micron Technology MTA8ATF2G64HZ-3G2E1 16GB,15.2
Micron Technology TEAMGROUP-UD4-2133 16GB,13.9
Micron Technology TEAMGROUP-UD4-2400 16GB,18.1
Micron Technology TEAMGROUP-UD4-3000 16GB,17.0
Micron Technology V-GeN D4V16GL24A8R 16GB,16.9
Mushkin 99[2/7/4]183 8GB,15.0
Mushkin 99[2/7/4]189F 4GB,14.3
Mushkin 99[2/7/4]190F 4GB,14.1
Mushkin 99[2/7/4]191[F/T] 4GB,14.5
Mushkin 99[2/7/4]191F 4GB,13.9
Mushkin 99[2/7/4]192[F/T] 4GB,15.8
Mushkin 99[2/7/4]192F 4GB,12.5
Mushkin 99[2/7/4]197F 8GB,12.8
Mushkin 99[2/7/4]198F 8GB,12.6
Mushkin 99[2/7/4]199[F/T] 8GB,15.9
Mushkin 99[2/7/4]199F 8GB,12.7
Mushkin 99[2/7/4]200[F/T] 8GB,10.5
Mushkin 99[2/7/4]200F 8GB,13.7
Mushkin 99[2/7/4]202F 4GB,15.0
Mushkin 99[2/7/4]204[F/T] 4GB,12.2
Mushkin 99[2/7/4]204F 4GB,13.4
Mushkin 99[2/7/4]205[F/T] 8GB,19.3
Mushkin 99[2/7/4]205F 8GB,13.5
Mushkin 99[2/7/4]206[F/T] 4GB,15.5
Mushkin 99[2/7/4]208F 8GB,18.9
Mushkin 99[2/7/4]209F 8GB,13.4
Mushkin MB[A/B]4U240FFFF16G 16GB,16.3
Mushkin MES4S213FF16G28 16GB,13.8
Mushkin MLA4C400JNNM16G 16GB,20.1
Mushkin MLX4C360EKKT8G 8GB,19.7
Mushkin MLX4C360GKKP16G 16GB,21.0
Mushkin MLX4C360GKKP32G 32GB,21.0
Mushkin MR[A/B]4U266GHHF8G 8GB,17.4
Mushkin MR[A/B]4U266GHHF16G 16GB,17.2
Mushkin MR[A/B]4U280HHHH8G 8GB,14.6
Mushkin MR[A/B]4U300JJJM8G 8GB,18.1
Mushkin MR[A/B]4U300JJJM16G 16GB,17.3
Mushkin MR[A/B]4U320GJJM8G 8GB,16.9
Mushkin MR[A/B]4U320LLLM8G 8GB,18.1
Mushkin MR[A/B]4U320LLLM16G 16GB,20.0
Mushkin MR[A/B]4U346GJJM8G 8GB,19.4
Mushkin MR[A/B]4U360JNNM8G 8GB,18.4
Mushkin MR[A/B]280HHHH16G 16GB,18.4
Mushkin MR[ABC]4U266GHHF8G 8GB,17.0
Mushkin MR[ABC]4U266GHHF16G 16GB,14.0
Mushkin MR[ABC]4U320GJJM8G 8GB,21.1
Mushkin MR[ABC]4U320GJJM16G 16GB,20.9
Mushkin MR[ABC]4U320GJJM32G 32GB,20.1
Mushkin MR[ABC]4U360JNNM8G 8GB,19.8
Mushkin MR[ABC]4U360JNNM16G 16GB,16.5
Mushkin MRA4S266GHHF32G 32GB,13.1
Mushkin MRA4S293MMMF32G 32GB,15.7
Mushkin MRA4S300GJJM16G 16GB,12.1
Mushkin MRA4S320GJJM16G 16GB,16.6
Mushkin MRA4S320GJJM32G 32GB,16.8
Mushkin MRA4S320NNNF8G 8GB,17.4
Mushkin MRA4S320NNNF16G 16GB,16.8
Mushkin MRA4S320NNNF32G 32GB,16.3
Mushkin MRB4U300GJJM16G 16GB,15.8
Mushkin MRX4U300GJJM16G 16GB,19.3
Mushkin MRX4U320GJJM16G 16GB,21.6
Mushkin MRX4U400JNNM16G 16GB,20.8
Nanya Technology M471A5143EB1-CRC 4GB,14.7
Nanya Technology NT8GA64D88CX3S-JR 8GB,15.1
Neo Forza GKE160SO204808-3200 16GB,14.8
Neo Forza NMGD480E82-3200D 8GB,23.2
Neo Forza NMUD416E82-3600 16GB,19.8
Neo Forza NMUD480E82-2666 8GB,16.4
Neo Forza NMUD480E82-3600 8GB,20.0
Neo Forza NMUD480E86-3200 8GB,20.1
Netac Technology Co Ltd 8GB,16.3
Netac Technology Co Ltd E40832A 8GB,16.4
Netac Technology Co Ltd EKBLACK4083016A 8GB,19.7
Netac Technology Co Ltd EKBLACK4163216AD 8GB,16.4
Netac Technology Co Ltd EKBLUE4162417AD 8GB,16.8
NSITEXE Inc Visenta 16GB,18.0
OCMEMORY OCM2933CL16-16GBH 16GB,20.1
OCMEMORY OCM3200CL16D-16GBN 8GB,19.0
OM Nanotech Pvt.Ltd V1D4L816GB2G82G83200 16GB,17.5
OM Nanotech Pvt.Ltd V1D4LF16GB1G81G82666 16GB,16.0
OM Nanotech Pvt.Ltd V1D4S816GB2G82G83200 16GB,17.4
OM Nanotech Pvt.Ltd V1D4SF32GB2G82G83200 32GB,15.2
OM Nanotech Pvt.Ltd V2D4SF32GB2G82G83200 32GB,15.1
Panram International Corporation D4N2400PS-8G 8GB,12.5
Panram International Corporation D4N2666PS-16G 16GB,17.2
Panram International Corporation D4U2666P-8G 8GB,16.2
Panram International Corporation L421008G4C1528K34O8A 8GB,17.5
Panram International Corporation M424016 4GB,12.6
Panram International Corporation M424051 4GB,11.2
Panram International Corporation PUD42133C138G4NJK 8GB,14.9
Panram International Corporation PUD42133C154G2VS 4GB,15.4
Panram International Corporation PUD42133C158G2VS 8GB,16.4
Panram International Corporation PUD42400C154G2NJK 4GB,13.5
Panram International Corporation PUD42400C154G2NJW 4GB,13.7
Panram International Corporation PUD42400C154G4NJK 4GB,18.4
Panram International Corporation PUD42400C154GNJW 4GB,13.7
Panram International Corporation PUD42400C168GVS 8GB,17.4
Panram International Corporation PUD43000C154G4NJW 4GB,19.4
Panram International Corporation PUD43000C158G2NJK 8GB,19.8
Panram International Corporation PUD43000C164G2NJK 4GB,15.9
Panram International Corporation PUD43000C168G2NJR 8GB,15.9
Panram International Corporation R748G2133U2S 8GB,13.4
Panram International Corporation W4N2400PS-8G 8GB,16.6
Panram International Corporation W4N2666PS-8G 8GB,14.8
Panram International Corporation W4N2666PS-16G 16GB,15.7
Panram International Corporation W4U2133PS-8G 8GB,15.6
Panram International Corporation W4U2400PS-4G 4GB,18.8
Panram International Corporation W4U2400PS-8G 8GB,16.9
Panram International Corporation W4U2666P-8G 8GB,17.8
Panram International Corporation W4U2666PS-8GC19 8GB,17.8
Panram International Corporation W4U3200PS-8G 8GB,20.6
Panram International Corporation W4U3200PS-16G 16GB,19.4
Patriot Memory (PDP Systems) 2133 C14 Series 8GB,14.5
Patriot Memory (PDP Systems) 2400 C14 Series 8GB,17.6
Patriot Memory (PDP Systems) 2400 C15 Series 4GB,17.1
Patriot Memory (PDP Systems) 2400 C16 Series 16GB,15.6
Patriot Memory (PDP Systems) 2400 C17 8GB,14.4
Patriot Memory (PDP Systems) 2666 C15 Series 4GB,16.3
Patriot Memory (PDP Systems) 2666 C16 Series 8GB,16.6
Patriot Memory (PDP Systems) 2666 C18 Series 16GB,16.1
Patriot Memory (PDP Systems) 2800 C16 Series 8GB,16.4
Patriot Memory (PDP Systems) 2800 C18 Series 16GB,18.0
Patriot Memory (PDP Systems) 3000 C15 Series 8GB,18.0
Patriot Memory (PDP Systems) 3000 C16 Series 4GB,17.2
Patriot Memory (PDP Systems) 3000 C18 Series 16GB,15.5
Patriot Memory (PDP Systems) 3200 C16 Series 8GB,18.7
Patriot Memory (PDP Systems) 3200 C18 Series 8GB,21.6
Patriot Memory (PDP Systems) 3400 C16 Series 8GB,17.9
Patriot Memory (PDP Systems) 3600 C14 Series 8GB,22.3
Patriot Memory (PDP Systems) 3600 C16 Series 8GB,19.8
Patriot Memory (PDP Systems) 3600 C17 Series 4GB,17.9
Patriot Memory (PDP Systems) 3600 C18 Series 32GB,19.3
Patriot Memory (PDP Systems) 3600 C20 Series 8GB,21.0
Patriot Memory (PDP Systems) 3733 C17 Series 8GB,19.9
Patriot Memory (PDP Systems) 3866 C18 Series 8GB,20.9
Patriot Memory (PDP Systems) 4000 C16 Series 8GB,21.3
Patriot Memory (PDP Systems) 4000 C19 Series 8GB,19.1
Patriot Memory (PDP Systems) 4000 C20 Series 8GB,18.7
Patriot Memory (PDP Systems) 4133 C19 Series 8GB,18.8
Patriot Memory (PDP Systems) 4266 C18 Series 8GB,17.4
Patriot Memory (PDP Systems) 4400 C18 Series 8GB,20.3
Patriot Memory (PDP Systems) 4400 C19 Series 8GB,20.0
Patriot Memory (PDP Systems) PSD44G213341 4GB,15.0
Patriot Memory (PDP Systems) PSD44G213381 4GB,16.5
Patriot Memory (PDP Systems) PSD44G213382 4GB,17.7
Patriot Memory (PDP Systems) PSD44G240041 4GB,15.6
Patriot Memory (PDP Systems) PSD44G240081 4GB,14.3
Patriot Memory (PDP Systems) PSD44G240081S 4GB,14.8
Patriot Memory (PDP Systems) PSD44G240082 4GB,15.4
Patriot Memory (PDP Systems) PSD44G266641 4GB,15.0
Patriot Memory (PDP Systems) PSD44G266681 4GB,17.9
Patriot Memory (PDP Systems) PSD44G266682 4GB,17.3
Patriot Memory (PDP Systems) PSD48G21332 8GB,13.3
Patriot Memory (PDP Systems) PSD48G21332S 8GB,16.1
Patriot Memory (PDP Systems) PSD48G24002 8GB,17.4
Patriot Memory (PDP Systems) PSD48G26662 8GB,17.2
Patriot Memory (PDP Systems) PSD48G213381 8GB,14.9
Patriot Memory (PDP Systems) PSD48G213381S 8GB,12.7
Patriot Memory (PDP Systems) PSD48G213382 8GB,16.9
Patriot Memory (PDP Systems) PSD48G240081 8GB,15.2
Patriot Memory (PDP Systems) PSD48G240082 8GB,17.0
Patriot Memory (PDP Systems) PSD48G266681 8GB,15.4
Patriot Memory (PDP Systems) PSD48G266681S 8GB,16.2
Patriot Memory (PDP Systems) PSD48G266682 8GB,17.2
Patriot Memory (PDP Systems) PSD48G320081 8GB,17.7
Patriot Memory (PDP Systems) PSD416G21332 16GB,16.3
Patriot Memory (PDP Systems) PSD416G21332S 16GB,10.3
Patriot Memory (PDP Systems) PSD416G24002 16GB,16.2
Patriot Memory (PDP Systems) PSD416G24002S 16GB,13.7
Patriot Memory (PDP Systems) PSD416G26662 16GB,16.6
Patriot Memory (PDP Systems) PSD416G26662S 16GB,16.4
Patriot Memory (PDP Systems) PSD416G32002 16GB,18.7
Patriot Memory (PDP Systems) PSD416G266681 16GB,16.0
Patriot Memory (PDP Systems) PSD416G320081 16GB,18.7
Patriot Memory (PDP Systems) PSD416G320081S 16GB,16.5
Patriot Memory (PDP Systems) PSD432G32002 32GB,18.0
Patriot Memory (PDP Systems) PSD432G32002S 32GB,14.8
"PNY Technologies, Inc. 8GBF1X08LFHH35-12-K 8GB",16.0
"PNY Technologies, Inc. 8GBF1X08LIII43-12-K 8GB",16.2
"PNY Technologies, Inc. 8GBF1X08QFHH36-135-K 8GB",18.0
"PNY Technologies, Inc. 8GBF1X08QFHH38-135-K 8GB",18.1
"PNY Technologies, Inc. 8GBF1X08QFHH39-135-K 8GB",20.3
"PNY Technologies, Inc. 8GBF1X08RHJJ40-135-K 8GB",19.5
"PNY Technologies, Inc. 8GBF1X08SHLL44-135-K 8GB",21.1
"PNY Technologies, Inc. 8GBF1X08VIPP46-15-K3 8GB",22.3
"PNY Technologies, Inc. 8GBF2X04HEEE35-12-K 8GB",16.1
"PNY Technologies, Inc. 8GBF2X04JEEE35-12-K 8GB",17.5
"PNY Technologies, Inc. 8GBF2X04JEEE36-12-K 8GB",17.6
"PNY Technologies, Inc. 8GBU1X08JGGG39-12-K 8GB",16.4
"PNY Technologies, Inc. 8GBU1X08LIII43-12-K 8GB",14.8
"PNY Technologies, Inc. 8GBU1X08QJLL42-12-K 8GB",18.1
"PNY Technologies, Inc. 16GF1X16LIII43-12-K 16GB",15.3
"PNY Technologies, Inc. 16GF2X08QFHH36-135-K 16GB",19.0
"PNY Technologies, Inc. 16GF2X08RHJJ42-135-K 16GB",18.7
"PNY Technologies, Inc. 16GF2X08RHLL42-135-K 16GB",22.2
"PNY Technologies, Inc. 16GF2X16QFHH36-135-K 16GB",18.8
"PNY Technologies, Inc. 16GU1X16LIII43-12-K 16GB",16.2
"PNY Technologies, Inc. 16GU2X08LIII43-12-K 16GB",14.9
"PNY Technologies, Inc. 16GU2X08QJLL42-12-K 16GB",16.2
"PNY Technologies, Inc. 16GU2X08QJLL52-12-K 16GB",19.2
"PNY Technologies, Inc. 32GU2X16LIII43-12-K 32GB",16.4
"PNY Technologies, Inc. M4S16S681LJJJ43-12 16GB",14.9
"PNY Technologies, Inc. M4S16S682LJJJ43-12 16GB",16.1
"PNY Technologies, Inc. M4S16S682QMMM52-12 16GB",16.2
"PNY Technologies, Inc. M4U08S681LJJJ43-12 8GB",14.1
"PNY Technologies, Inc. M4U16S682QMMM52-12 16GB",16.6
PUSKILL PJ8TFK1GM8 8GB,14.1
PUSKILL PJ16TFK1GM8 16GB,12.7
PUSKILL PJ16TFK512M8 8GB,13.8
Ramaxel Technology RMSA3230KB78HAF2133 8GB,11.3
Ramaxel Technology RMSA3260KC78HAF-2666 8GB,16.7
Ramaxel Technology RMSA3260MB78HAF2400 8GB,13.9
Ramaxel Technology RMSA3260MD78HAF-2666 8GB,15.9
Ramaxel Technology RMSA3260ME78HAF-2666 8GB,15.9
Ramaxel Technology RMSA3260MH78H8H-2666 8GB,13.6
Ramaxel Technology RMSA3260MH78HAF-2666 8GB,14.3
Ramaxel Technology RMSA3260NA78HAF-2400 8GB,13.8
Ramaxel Technology RMSA3270MB76H8F2400 2GB,10.5
Ramaxel Technology RMSA3270MB86H9F2400 4GB,14.2
Ramaxel Technology RMSA3270ME86H9F-2666 4GB,15.7
Ramaxel Technology RMSA3300ME78HBF-2666 16GB,15.5
Ramaxel Technology RMSA3300MH78HBF-2666 16GB,14.6
Ramaxel Technology RMSA3310ME96HAF-3200 8GB,14.5
Ramaxel Technology RMSA3310MJ86H9F-3200 4GB,15.7
Ramaxel Technology RMSA3320KE78HAF-3200 8GB,16.7
Ramaxel Technology RMSA3320ME88HBF-3200 16GB,17.0
Ramaxel Technology RMSA3320MJ78HAF-3200 8GB,16.7
Ramaxel Technology RMSA3330ME88HCF-3200 32GB,17.6
Ramaxel Technology RMSA3330MJ78HBF-3200 16GB,16.6
Ramaxel Technology RMSA3340MB88HBF-3200 16GB,16.3
Ramaxel Technology RMUA5090KB78HAF2133 8GB,14.9
Ramaxel Technology RMUA5090KE68H9F2133 4GB,15.2
Ramaxel Technology RMUA5110KE68H9F-2400 4GB,13.6
Ramaxel Technology RMUA5110MB78HAF2400 8GB,16.0
Ramaxel Technology RMUA5110MB78HAF-2400 8GB,13.6
Ramaxel Technology RMUA5110MD78HAF-2666 8GB,16.7
Ramaxel Technology RMUA5110ME78HAF-2666 8GB,16.0
Ramaxel Technology RMUA5110MF68H9F-2666 4GB,15.8
Ramaxel Technology RMUA5110MH78HAF-2666 8GB,16.0
Ramaxel Technology RMUA5120MB86H9F2400 4GB,16.3
Ramaxel Technology RMUA5120ME86H9F-2666 4GB,15.4
Ramaxel Technology RMUA5180ME78HBF-2666 16GB,16.6
Ramaxel Technology RMUA5180MH78HBF-2666 16GB,14.6
Ramaxel Technology RMUA5200MR78HAF-3200 8GB,20.0
Ramsta Ramsta-2400Mhz-4G 4GB,14.5
Ramsta Ramsta-2400Mhz-8G 8GB,12.0
Ramsta Ramsta-2666MHz-4G 4GB,14.4
Roa Logic BV DDR4 3200 2OZ 8GB,18.7
Roa Logic BV iGame DDR4 8G 3000 8GB,14.4
Roa Logic BV W4U2666CX1-8G 8GB,17.4
Samsung 8G2666CL19 8GB,16.3
Samsung 18ASF1G72PDZ-2G1B1 16GB,9.8
Samsung 9905599-020.A00G 16GB,15.6
Samsung AX8G04AND42401R.RDM 8GB,10.6
Samsung D471A1K43CB1-CTD 8GB,14.6
Samsung M371A2K43CB0-CTD 8GB,17.0
Samsung M378A1G43DB0-CPB 8GB,15.9
Samsung M378A1G43EB1-CPB 8GB,16.0
Samsung M378A1G43EB1-CRC 8GB,16.1
Samsung M378A1G43TB1-CTD 8GB,16.9
Samsung M378A1G44AB0-CWE 8GB,17.1
Samsung M378A1G44BB0-CWE 8GB,16.6
Samsung M378A1K43BB1-CPB 8GB,15.7
Samsung M378A1K43BB1-CRC 8GB,15.9
Samsung M378A1K43BB1-CTD 16GB,17.3
Samsung M378A1K43BB2-CRC 8GB,16.3
Samsung M378A1K43BB2-CTD 8GB,17.9
Samsung M378A1K43CB2-CRC 8GB,16.3
Samsung M378A1K43CB2-CTD 8GB,16.5
Samsung M378A1K43DB2-CTD 8GB,16.5
Samsung M378A1K43DB2-CVF 8GB,16.0
Samsung M378A1K43EB2-CVF 8GB,17.4
Samsung M378A1K43EB2-CWE 8GB,20.5
Samsung M378A2G43AB3-CWE 16GB,18.3
Samsung M378A2G43BB3-CWE 16GB,18.9
Samsung M378A2G43MB1-CTD 16GB,11.6
Samsung M378A2G43MX3-CTD 16GB,15.4
Samsung M378A2G43MX3-CWE 16GB,21.6
Samsung M378A2K43BB1-CPB 16GB,16.4
Samsung M378A2K43BB1-CRC 16GB,17.4
Samsung M378A2K43CB1-CRC 16GB,16.2
Samsung M378A2K43CB1-CTD 16GB,16.6
Samsung M378A2K43DB1-CTD 16GB,16.7
Samsung M378A2K43DB1-CVF 16GB,17.5
Samsung M378A2K43EB1-CWE 16GB,21.0
Samsung M378A4G43AB2-CVF 32GB,16.2
Samsung M378A4G43AB2-CWE 32GB,18.0
Samsung M378A4G43BB2-CWE 32GB,18.3
Samsung M378A4G43MB1-CTD 32GB,15.6
Samsung M378A5143DB0-CPB 4GB,14.9
Samsung M378A5143EB1-CPB 4GB,15.0
Samsung M378A5143TB2-CTD 4GB,10.3
Samsung M378A5244BB0-CRC 4GB,16.2
Samsung M378A5244CB0-CRC 4GB,15.5
Samsung M378A5244CB0-CTD 4GB,15.9
Samsung M378A5244CB0-CVF 4GB,15.5
Samsung M378A5244CB0-CWE 4GB,17.8
Samsung M386A2G40DB0-CPB 16GB,10.0
Samsung M386A4G40DM0-CPB 32GB,9.1
Samsung M386A4G40DM1-CRC 32GB,10.3
Samsung M386A4K40BB0-CRC 32GB,11.8
Samsung M386A8K40BM1-CRC 64GB,10.4
Samsung M386A8K40BMB-CPB 64GB,9.1
Samsung M386A8K40BMB-CRC 64GB,11.2
Samsung M386A8K40CM2-CRC 64GB,8.2
Samsung M391A1G43DB0-CPB 8GB,11.7
Samsung M391A1G43EB1-CPB 8GB,12.4
Samsung M391A1G43EB1-CRC 8GB,13.6
Samsung M391A1K43BB1-CRC 8GB,14.2
Samsung M391A1K43BB2-CTD 8GB,17.5
Samsung M391A2K43BB1-CPB 16GB,14.9
Samsung M391A2K43BB1-CRC 16GB,17.0
Samsung M391A2K43BB1-CTD 16GB,18.8
Samsung M392A4K40BM0-CRC 32GB,10.8
Samsung M393A1G40DB0-B`B 8GB,10.4
Samsung M393A1G40DB0-CPB 8GB,10.9
Samsung M393A1G40DB1-CRC 8GB,10.2
Samsung M393A1G40EB1-CPB 8GB,11.0
Samsung M393A1G40EB1-CRC 8GB,9.7
Samsung M393A1G43DB0-CPB 8GB,10.4
Samsung M393A1G43DB1-CRC 8GB,10.8
Samsung M393A1G43EB1-CRC 8GB,11.0
Samsung M393A1K43BB0-CRC 8GB,11.4
Samsung M393A1K43BB1-CTD 8GB,8.2
Samsung M393A1K43DB0-CRC0Q 8GB,10.6
Samsung M393A2G40DB0-CPB 16GB,10.3
Samsung M393A2G40DB1-CRC 16GB,9.5
Samsung M393A2G40DBD-CP1???? 16GB,9.6
Samsung M393A2G40EB1-CPB 16GB,9.5
Samsung M393A2G40EB1-CRC 16GB,9.9
Samsung M393A2G40EB2-CTD 16GB,8.5
Samsung M393A2K40BB0-CPB 16GB,5.3
Samsung M393A2K40BB1-CRC 16GB,9.0
Samsung M393A2K40BB2-CTD 16GB,9.1
Samsung M393A2K40CB1-CRC 16GB,10.1
Samsung M393A2K40CB2-CTD 16GB,9.7
Samsung M393A2K43BB1-CPB 16GB,11.8
Samsung M393A2K43BB1-CRC 16GB,10.6
Samsung M393A2K43BB1-CRCA1 16GB,7.5
Samsung M393A2K43BB1-CTD 16GB,11.7
Samsung M393A2K43CB1-CRC 16GB,11.0
Samsung M393A2K43DB3-CWE 16GB,10.4
Samsung M393A4K40BB0-CPB 32GB,9.2
Samsung M393A4K40BB1-CRC 32GB,10.5
Samsung M393A4K40BB2-CTD 32GB,11.7
Samsung M393A4K40CB1-CRC 32GB,11.0
Samsung M393A4K40CB2-CTD 32GB,11.3
Samsung M393A8K40B21-CTC 64GB,8.9
Samsung M393A5143DB0-CPB 4GB,10.3
Samsung M393A5143DB0-CRC 4GB,9.3
Samsung M471A1A43CB1-CRC 8GB,11.2
Samsung M471A1A43DB0-CPB 8GB,12.3
Samsung M471A1G43DB0-0-B 8GB,13.8
Samsung M471A1G43DB0-CPB 8GB,14.3
Samsung M471A1G43EB1-CPB 8GB,11.6
Samsung M471A1G43EB1-CRC 8GB,14.8
Samsung M471A1G44AB0-CWE 8GB,15.4
Samsung M471A1G44BB0-CWE 8GB,15.2
Samsung M471A1K1KBB0-CPB 8GB,11.7
Samsung M471A1K1KBB1-CRC 8GB,12.6
Samsung M471A1K1KCB1-CRC 8GB,14.3
Samsung M471A1K43BB0-CPB 8GB,14.1
Samsung M471A1K43BB1-CRC 8GB,15.3
Samsung M471A1K43BB1-CTD 8GB,15.0
Samsung M471A1K43CB1-CRC 8GB,14.6
Samsung M471A1K43CB1-CRCR 8GB,14.7
Samsung M471A1K43CB1-CTD 8GB,16.2
Samsung M471A1K43CBCBCRC 8GB,9.3
Samsung M471A1K43DB1-CTD 8GB,16.2
Samsung M471A1K43DB1-CWE 8GB,16.4
Samsung M471A1K43EB1-CWE 8GB,16.4
Samsung M471A2G43AB2-CWE 16GB,16.2
Samsung M471A2G43BB2-CWE 16GB,15.5
Samsung M471A2K43BB1-CPB 16GB,14.5
Samsung M471A2K43BB1-CRC 16GB,15.1
Samsung M471A2K43BB1-CTD 16GB,17.0
Samsung M471A2K43CB1-CRC 16GB,14.3
Samsung M471A2K43CB1-CRCR 16GB,15.9
Samsung M471A2K43CB1-CTCT 16GB,15.9
Samsung M471A2K43CB1-CTD 16GB,16.1
Samsung M471A2K43CBCBCRC 16GB,15.7
Samsung M471A2K43DB1-CTD 16GB,16.3
Samsung M471A2K43DB1-CWE 16GB,16.2
Samsung M471A2K43EB1-CTD 16GB,16.0
Samsung M471A2K43EB1-CWE 16GB,16.4
Samsung M471A4G43AB1-CWE 32GB,16.2
Samsung M471A4G43BB1-CWE 32GB,15.5
Samsung M471A4G43MB1-CTD 32GB,15.3
Samsung M471A5143DB0-CPB 4GB,14.3
Samsung M471A5143EB0-CPB 4GB,13.8
Samsung M471A5143EB1-CRC 4GB,15.8
Samsung M471A5143SB1-CRC 4GB,14.9
Samsung M471A5244BB0-CRC 4GB,14.0
Samsung M471A5244CB0-CRC 4GB,14.8
Samsung M471A5244CB0-CTD 4GB,15.6
Samsung M471A5244CB0-CWE 4GB,16.1
Samsung M471A5644EB0-CPB 2GB,13.2
Samsung M474A1G43DB0-CPB 8GB,9.7
Samsung M474A1G43EB1-CRC 8GB,17.2
Samsung M474A2K43BB1-CPB 16GB,14.3
Samsung M474A2K43BB1-CRC 16GB,15.9
Samsung M474A4G43AB1-CWE 32GB,17.7
Samsung M474A4G43MB1-CTD 32GB,19.7
Samsung M47472K43DB1-CTD 16GB,15.5
Samsung SF4641G8CKHI6DFSDS 8GB,15.3
Samsung SF4721G4CKHH6DFSDS 8GB,10.4
Samsung SH5724G4UNC26P2-SC 32GB,10.9
Samsung T471A1K43CB1-CRC 8GB,13.8
Samsung V-GeN D4S4GL30A16TS5 4GB,16.7
Samsung V-GeN D4S4GL32A8TL 4GB,18.5
Samsung V-GeN D4S8GL24A8 8GB,14.1
Samsung V-GeN D4S8GL26A8TL5 8GB,18.0
Samsung V-GeN D4S8GL30A8TX5 8GB,16.8
Samsung V-GeN D4S8GL32A8TL 8GB,16.8
Samsung V-GeN D4S16GL26A8TL6 16GB,16.0
Samsung V-GeN D4S16GL32A8TS 16GB,19.1
SanMax Technologies Inc. SMD4-E16G48ME-26V 16GB,14.2
SanMax Technologies Inc. SMD4-S8G48ME-26V 8GB,15.1
SanMax Technologies Inc. SMD4-U4G26SC-26V 4GB,17.3
SanMax Technologies Inc. SMD4-U4G28HA-21P 4GB,15.4
SanMax Technologies Inc. SMD4-U8G28MA-21P 8GB,13.0
SanMax Technologies Inc. SMD4-U8G46ME-32AA 8GB,18.2
SanMax Technologies Inc. SMD4-U8G48HA-24RF 8GB,16.7
SanMax Technologies Inc. SMD4-U8G48MA-24R 8GB,15.5
SanMax Technologies Inc. SMD4-U8G48MB-24RX 8GB,17.5
SanMax Technologies Inc. SMD4-U8G48ME-26V 8GB,18.9
SanMax Technologies Inc. SMD4-U16G48HD1-29Y 16GB,17.5
SanMax Technologies Inc. SMD4-U16G48MB-24R 16GB,15.7
SanMax Technologies Inc. SMD4-U16G48MH-26V 16GB,18.0
SanMax Technologies Inc. SMD4-U16G48MJ-32AA 16GB,17.7
SanMax Technologies Inc. SMD4-U16G88ME-32AA 16GB,21.9
SanMax Technologies Inc. SMD-8G28HP-21P 8GB,13.8
Shanghai Kuxin Microelectronics Ltd NMSO416E82-2400E 16GB,15.6
Shanghai Kuxin Microelectronics Ltd NMSO480E82-2400 8GB,15.5
Shanghai Kuxin Microelectronics Ltd NMUD416E82-3200 16GB,20.1
Shanghai Kuxin Microelectronics Ltd NMUD416E82-3600 16GB,20.4
Shanghai Kuxin Microelectronics Ltd NMUD440D82-2400E 4GB,12.5
Shanghai Kuxin Microelectronics Ltd NMUD480E82-2400E 8GB,17.2
Shanghai Kuxin Microelectronics Ltd NMUD480E82-2666 8GB,17.7
Shanghai Kuxin Microelectronics Ltd NMUD480E82-3000 8GB,18.7
Shanghai Kuxin Microelectronics Ltd NMUD480E82-3200 8GB,20.5
Shanghai Kuxin Microelectronics Ltd NMUD480E82-3600 8GB,20.4
Shanghai Kuxin Microelectronics Ltd NMUD480E86-3000 8GB,20.2
Shanghai Kuxin Microelectronics Ltd NMUD480E86-3200 8GB,19.5
Shenshan (Shenzhen) Electronic KZ26UE5116TZR8 8GB,15.6
Shenzen Recadata Storage Technology 8GB,17.0
Shenzhen Chuangshifeida Technology DERLER 16GB2666MHz 16GB,14.3
Shenzhen Jinge Information Co. Ltd. BRBP1G48G16C2400 8GB,17.2
ShenZhen Juhor Precision Tech Co Ltd SED3200U1816 16GB,19.3
Shenzhen Longsys Electronics Co Ltd FD4AS3200C8GZH 8GB,15.7
Shenzhen Micro Innovation Industry KF2666DDCD4 8GB,15.1
Shenzhen Micro Innovation Industry KF3200DDCD4 16GB,21.3
Shenzhen Micro Innovation Industry PSD41626D19P1 16GB,18.1
Shenzhen Technology Co Ltd 8GB,15.9
Shenzhen Veineda Technology Co Ltd 8ATF1G64AZ-2G6E1 8GB,10.2
Shenzhen Xingmem Technology Corp 8ATF51264AZ-2G1A1 4GB,15.3
Shenzhen Xingmem Technology Corp 16GB,14.3
Shenzhen Xingmem Technology Corp CM4X8GF2133C1XMP 8GB,13.5
Shenzhen Xingmem Technology Corp CM4X8GF2400C1XMP 8GB,14.7
Shenzhen Xingmem Technology Corp CM4X8GF2666C1XMP 8GB,14.5
Shenzhen Xingmem Technology Corp KRE-D4U2400M/4G 4GB,15.1
Shenzhen Xingmem Technology Corp KRE-D4U2400M/8G 8GB,15.3
Shenzhen Xingmem Technology Corp M378A1K43BB1-CPB 8GB,13.8
Shenzhen Xingmem Technology Corp S949B2UUH-ITR 8GB,14.9
Silicon Power Computer & Communications 8GB,18.1
Silicon Power Computer & Communications SP004GBLFU213N02 4GB,13.4
Silicon Power Computer & Communications SP004GBLFU240C02 4GB,14.8
Silicon Power Computer & Communications SP004GBLFU240N02 4GB,15.7
Silicon Power Computer & Communications SP004GBLFU240W02 4GB,15.7
Silicon Power Computer & Communications SP008GBLFU213B02 8GB,15.4
Silicon Power Computer & Communications SP008GBLFU213N02 8GB,13.9
Silicon Power Computer & Communications SP008GBLFU240B02 8GB,15.1
Silicon Power Computer & Communications SP008GBLFU266B02 8GB,17.9
Silicon Power Computer & Communications SP008GBSFU240B02 8GB,15.1
Silicon Power Computer & Communications SP008GXLZU266BSA 8GB,15.1
Silicon Power Computer & Communications SP008GXLZU320BSA 8GB,17.7
Silicon Power Computer & Communications SP008GXLZU320BSB 8GB,17.1
Silicon Power Computer & Communications SP016GBLFU240B02 16GB,16.3
Silicon Power Computer & Communications SP016GBLFU266B02 16GB,18.7
Silicon Power Computer & Communications SP016GBSFU266B02 16GB,16.8
Silicon Power Computer & Communications SP016GBSFU266F02 16GB,16.3
Silicon Power Computer & Communications SP016GXLZU320BSA 16GB,17.9
Silicon Power Computer & Communications SP016GXLZU320BSB 16GB,18.4
Silicon Power Computer & Communications SP016GXLZU360BSA 16GB,18.8
SK Hynix GKE160SO102408-2400 16GB,15.9
SK Hynix GKE160SO102408-3000 16GB,18.6
SK Hynix GKE160UD102408-2133 16GB,13.1
SK Hynix GKE160UD102408-2400 16GB,15.5
SK Hynix GKE800SO51208-2133AH 8GB,14.0
SK Hynix GKE800SO102408-2400 8GB,14.2
SK Hynix GKE800UD102408-2133 8GB,17.2
SK Hynix GKE800UD102408-2400 8GB,15.3
SK Hynix HMA41GR7AFR4N-TF 8GB,10.3
SK Hynix HMA41GR7AFR4N-UH 8GB,11.3
SK Hynix HMA41GR7AFR8N-TF 8GB,10.1
SK Hynix HMA41GR7AFR8N-UH 8GB,10.5
SK Hynix HMA41GR7BJR4N-UH 8GB,12.5
SK Hynix HMA41GR7MFR4N-TF 8GB,10.5
SK Hynix HMA41GR7MFR4N-TFTD 8GB,9.1
SK Hynix HMA41GR7MFR8N-TF 8GB,10.1
SK Hynix HMA41GR7MFR8N-TFT1 8GB,10.9
SK Hynix HMA41GS6AFR8N-TF 8GB,13.9
SK Hynix HMA41GU6AFR8N-TF 8GB,15.8
SK Hynix HMA41GU6MFR8N-TF 8GB,15.1
SK Hynix HMA41GU7AFR8N-TF 8GB,14.4
SK Hynix HMA42GR7AFR4N-TF 16GB,10.7
SK Hynix HMA42GR7AFR4N-UH 16GB,10.6
SK Hynix HMA42GR7MFR4N-TF 16GB,10.1
SK Hynix HMA42GR7MFR4N-TFTD 16GB,8.9
SK Hynix HMA81GR7AFR8N-UH 8GB,9.9
SK Hynix HMA81GR7AFR8N-VK 8GB,8.8
SK Hynix HMA81GR7MFR8N-UH 8GB,9.8
SK Hynix HMA81GS6AFR8N-UH 8GB,14.4
SK Hynix HMA81GS6AFR8N-VK 8GB,15.1
SK Hynix HMA81GS6CJR8N-UH 8GB,14.6
SK Hynix HMA81GS6CJR8N-VK 8GB,15.6
SK Hynix HMA81GS6CJR8N-XN 8GB,16.5
SK Hynix HMA81GS6DJR8N-VK 8GB,15.8
SK Hynix HMA81GS6DJR8N-XN 8GB,16.2
SK Hynix HMA81GS6JJR8N-VK 8GB,16.0
SK Hynix HMA81GS6MFR8N-UH 8GB,13.4
SK Hynix HMA81GU6AFR8N-UH 8GB,16.1
SK Hynix HMA81GU6CJR8N-UH 8GB,15.6
SK Hynix HMA81GU6CJR8N-VK 8GB,16.2
SK Hynix HMA81GU6CJR8N-XN 8GB,17.6
SK Hynix HMA81GU6DJR8N-VK 8GB,16.2
SK Hynix HMA81GU6DJR8N-WM 8GB,15.9
SK Hynix HMA81GU6DJR8N-XN 8GB,18.9
SK Hynix HMA81GU6JJR8N-VK 8GB,16.8
SK Hynix HMA81GU6MFR8N-UH 8GB,16.4
SK Hynix HMA81GU7AFR8N-UH 8GB,14.1
SK Hynix HMA81GU7CJR8N-VK 8GB,15.7
SK Hynix HMA82GR7AFR4N-TF 16GB,7.9
SK Hynix HMA82GR7AFR4N-VK 16GB,11.5
SK Hynix HMA82GR7AFR8N-UH 16GB,9.3
SK Hynix HMA82GR7AFR8N-VK 16GB,9.1
SK Hynix HMA82GR7JJR8N-VK 16GB,11.6
SK Hynix HMA82GR7MFR4N-UH 16GB,10.1
SK Hynix HMA82GR7MFR8N-UH 16GB,9.4
SK Hynix HMA82GR8AMR4N-TF 16GB,10.4
SK Hynix HMA82GS6AFR8N-UH 16GB,14.4
SK Hynix HMA82GS6AFRFR-UH 16GB,14.1
SK Hynix HMA82GS6CJR8N-UH 16GB,12.7
SK Hynix HMA82GS6CJR8N-V-V 16GB,16.2
SK Hynix HMA82GS6CJR8N-VK 16GB,15.7
SK Hynix HMA82GS6CJR8N-XN 16GB,15.1
SK Hynix HMA82GS6DJR8N-VK 16GB,15.5
SK Hynix HMA82GS6DJR8N-WM 16GB,15.8
SK Hynix HMA82GS6DJR8N-XN 16GB,15.8
SK Hynix HMA82GS6JJR8N-VK 16GB,15.8
SK Hynix HMA82GS6MFR8N-TF 16GB,13.8
SK Hynix HMA82GS7AFR8N-UH 16GB,13.7
SK Hynix HMA82GS7CJR8N-VK 16GB,16.3
SK Hynix HMA82GU6AFR8N-TF 16GB,16.4
SK Hynix HMA82GU6AFR8N-UH 16GB,16.6
SK Hynix HMA82GU6CJR8N-VK 16GB,16.7
SK Hynix HMA82GU6CJR8N-XN 16GB,17.9
SK Hynix HMA82GU6DJR8N-VK 16GB,15.3
SK Hynix HMA82GU6DJR8N-WM 16GB,15.9
SK Hynix HMA82GU6DJR8N-XN 16GB,16.7
SK Hynix HMA82GU6JJR8N-VK 16GB,16.4
SK Hynix HMA82GU6MFR8N-TF 16GB,16.1
SK Hynix HMA82GU7AFR8N-UH 16GB,13.2
SK Hynix HMA82GU7MFR8N-TF 16GB,13.7
SK Hynix HMA84GL7AFR4N-UH 32GB,10.8
SK Hynix HMA84GL7AMR4N-TF 32GB,9.2
SK Hynix HMA84GL7AMR4N-UH 32GB,12.0
SK Hynix HMA84GL7MMR4N-TF 32GB,9.6
SK Hynix HMA84GR7AFR4N-UH 32GB,10.7
SK Hynix HMA84GR7AFR4N-VK 32GB,10.3
SK Hynix HMA84GR7JJR4N-VK 32GB,10.8
SK Hynix HMA84GR7MFR4N-TF 32GB,9.2
SK Hynix HMA84GR7MFR4N-UH 32GB,8.9
SK Hynix HMA425S6AFR6N-UH 2GB,13.5
SK Hynix HMA425S6BJR6N-UH 2GB,14.2
SK Hynix HMA451R7AFR8N-TF 4GB,9.3
SK Hynix HMA451R7AFR8N-UH 4GB,10.3
SK Hynix HMA451R7MFR8N-TF 4GB,10.6
SK Hynix HMA451R7MFR8N-TFTD 4GB,9.3
SK Hynix HMA451S6AFR8N-TF 4GB,14.5
SK Hynix HMA451U6AFR8N-TF 4GB,14.8
SK Hynix HMA451U6MFR8N-TF 4GB,15.1
SK Hynix HMA451U7AFR8N-TF 4GB,13.2
SK Hynix HMA451U7MFR8N-TF 4GB,11.1
SK Hynix HMA851S6AFR6N-UH 4GB,14.3
SK Hynix HMA851S6CJR6N-UH 4GB,15.2
SK Hynix HMA851S6CJR6N-VK 4GB,15.5
SK Hynix HMA851S6CJR6N-XN 4GB,14.7
SK Hynix HMA851S6DJR6N-VK 4GB,15.3
SK Hynix HMA851S6DJR6N-XN 4GB,15.4
SK Hynix HMA851S6JJR6N-VK 4GB,15.5
SK Hynix HMA851U6AFR6N-UH 4GB,15.5
SK Hynix HMA851U6CJR6N-UH 4GB,15.6
SK Hynix HMA851U6CJR6N-VK 4GB,16.5
SK Hynix HMA851U6DJR6N-WM 4GB,15.9
SK Hynix HMA851U6DJR6N-XN 4GB,16.2
SK Hynix HMA851U6JJR6N-VK 4GB,16.4
SK Hynix HMAA1GS6CJR6N-XN 8GB,15.7
SK Hynix HMAA1GU6CJR6N-XN 8GB,17.9
SK Hynix HMAA2GS6AJR8N-XN 16GB,16.1
SK Hynix HMAA2GS6CJR8N-XN 16GB,16.0
SK Hynix HMAA2GU6AJR8N-XN 16GB,18.7
SK Hynix HMAA2GU6CJR8N-XN 16GB,19.2
SK Hynix HMAA4GS6AJR8N-VK 32GB,15.9
SK Hynix HMAA4GS6AJR8N-XN 32GB,16.5
SK Hynix HMAA4GS6CJR8N-XN 32GB,16.6
SK Hynix HMAA4GS6MJR8N-VK 32GB,14.7
SK Hynix HMAA4GU6AJR8N-VK 32GB,17.9
SK Hynix HMAA4GU6AJR8N-WM 32GB,18.7
SK Hynix HMAA4GU6AJR8N-XN 32GB,17.1
SK Hynix HMAA4GU6CJR8N-XN 32GB,21.2
SK Hynix HMAA8GL7MMR4N-UH 64GB,8.3
SK Hynix MMA82GS6CJR8N-VK 16GB,16.4
SK Hynix S949A4UUH-ITR 16GB,12.7
SK Hynix V-GeN D4H4GL26A8TL5 4GB,17.7
SK Hynix V-GeN D4H4GL26A8TL 4GB,16.2
SK Hynix V-GeN D4H4GL30A8TX5 4GB,15.8
SK Hynix V-GeN D4H8GL26A8TX5 8GB,17.7
Smart Modular SF4641G8CK8I6GKSEG 8GB,16.5
Smart Modular SF4641G8CK8I8GKSBG 8GB,16.2
Smart Modular SF4641G8CK8I8HLSBG 8GB,17.1
Smart Modular SF4641G8CK8IEHLSBG 8GB,15.5
Smart Modular SF4641G8CK8IWGKSEG 8GB,13.8
Smart Modular SF4641G8CKHI6DFSDS 8GB,15.2
Smart Modular SF4641G8CKHI6DFSEG 8GB,16.9
Smart Modular SF4641G8CKHIWDFSEG 8GB,15.6
Smart Modular SF4642G8CK8I8HLSBG 16GB,18.4
Smart Modular SF4642G8CK8IEHLSBG 16GB,17.0
Smart Modular SF4721G8CKHH6DFSDS 8GB,10.0
Smart Modular SF4722G4CKHH6DFSDS 16GB,10.3
Smart Modular SF464128CK8I6GKSEG 4GB,15.5
Smart Modular SF464128CKHI6DFSEG 4GB,15.3
Smart Modular SF464128CKHIWDFSEG 4GB,14.6
Smart Modular SMS4TDC3C0K0446SCG 4GB,14.5
Smart Modular SMS4WEC3C0K0446SCG 4GB,16.1
Smart Modular SMS4WEC8C1K0446FCG 8GB,15.9
Smart Modular SMU4TDC3C0K0464SCG 4GB,18.1
Smart Modular SMU4WEC3C0K0464SCG 4GB,15.3
Smart Modular SMU4WEC8C1K0464FCG 8GB,17.4
Solarflare Communications CT16G4DFD824A.C16FBR 16GB,14.3
SpecTek Incorporated 16G2666CL19 16GB,16.8
SpecTek Incorporated 16G 2666 CL 19 16GB,12.7
Super Talent F21UB8GS 8GB,14.0
Super Talent F24EA8GS 8GB,11.6
Super Talent F24EB8GS 8GB,15.9
Super Talent F24SB8GH 8GB,16.0
Super Talent F24UB16GV 16GB,16.0
Super Talent F26UB16GH 16GB,8.7
Super Talent F3200UA8G 8GB,18.9
"Tammuz Co., Ltd. TZD1G808U26-SK001 16GB",19.6
Tanbassh 8G 2666MHZ 8GB,10.2
Team Group Inc. 16GB,15.3
Team Group Inc. DDR4 2666 8GB,13.0
Team Group Inc. DDR4 2800 8GB,14.6
Team Group Inc. DDR4 3000 4GB,16.7
Team Group Inc. DDR4 3600 8GB,17.0
Team Group Inc. Team-Elite-2133 4GB,14.3
Team Group Inc. Team-Elite-2400 4GB,14.6
Team Group Inc. TEAMGROUP-D4-3600 4GB,21.7
Team Group Inc. TEAMGROUP-D4-3733 8GB,20.0
Team Group Inc. TEAMGROUP-D4-3866 4GB,21.6
Team Group Inc. TEAMGROUP-ED4-2400 16GB,13.2
Team Group Inc. TEAMGROUP-Ind-2666 8GB,15.9
Team Group Inc. TEAMGROUP-lnd-2133 8GB,12.2
Team Group Inc. TEAMGROUP-SD4-2133 8GB,9.4
Team Group Inc. TEAMGROUP-SD4-2400 16GB,14.6
Team Group Inc. TEAMGROUP-SD4-2666 16GB,15.6
Team Group Inc. TEAMGROUP-SD4-3200 16GB,16.4
Team Group Inc. TEAMGROUP-UD4-2133 8GB,15.3
Team Group Inc. TEAMGROUP-UD4-2400 8GB,16.0
Team Group Inc. TEAMGROUP-UD4-2666 8GB,16.3
Team Group Inc. TEAMGROUP-UD4-2800 8GB,17.5
Team Group Inc. TEAMGROUP-UD4-2933 8GB,17.7
Team Group Inc. TEAMGROUP-UD4-3000 8GB,17.6
Team Group Inc. TEAMGROUP-UD4-3200 8GB,19.0
Team Group Inc. TEAMGROUP-UD4-3600 8GB,19.7
Team Group Inc. TEAMGROUP-UD4-3733 8GB,18.4
Team Group Inc. TEAMGROUP-UD4-3866 8GB,18.1
Team Group Inc. TEAMGROUP-UD4-4000 4GB,20.4
Team Group Inc. TEAMGROUP-UD4-4133 8GB,18.9
Team Group Inc. TEAMGROUP-UD4-4300 8GB,23.6
Team Group Inc. TEAMGROUP-UD4-4500 8GB,18.0
Team Group Inc. TEAMGROUP-UD4-4800 8GB,19.6
Team Group Inc. TEAMGROUP-UD4-5066 8GB,20.4
Team Group Inc. TEANGROUP-UD4-2400 8GB,17.1
Teclast TLD416G26A30 16GB,15.9
Teikon TMA41GU6AFR8N-TFSC 8GB,17.5
Teikon TMA81GS6AFR8N-UHSC 8GB,14.3
Teikon TMA81GS6CJR8N-VKSC 8GB,13.7
Teikon TMA81GU6AFR8N-UHSC 8GB,16.6
Teikon TMA451S6AFR8N-TFSC 4GB,14.6
Teikon TMA851S6AFR6N-UHHC 4GB,13.5
Teikon TMA851S6CJR6N-VKSC 4GB,17.0
Teikon TMA851U6AFR6N-UHHC 4GB,11.9
Teikon TMA851U6CJR6N-VKSC 4GB,16.1
Terabyte Co Ltd RCX2-16G3000R 8GB,19.5
Terabyte Co Ltd RCX2-16G3600A 8GB,13.2
Thermaltake Technology Co Ltd CL-W262-CA00SW-A 8GB,21.0
Thermaltake Technology Co Ltd R009D408GX2-3000C16B 8GB,16.4
Thermaltake Technology Co Ltd R009D408GX2-3200C16A 8GB,17.8
Thermaltake Technology Co Ltd R009D408GX2-3600C18B 8GB,18.4
Thermaltake Technology Co Ltd R009D408GX2-4000C19A 8GB,18.0
Thermaltake Technology Co Ltd R009D408GX2-4400C19A 8GB,17.8
Thermaltake Technology Co Ltd R009D408GX2-4600C19A 8GB,18.7
Thermaltake Technology Co Ltd R009D416GX2-3600C18A 16GB,19.8
Thermaltake Technology Co Ltd R017D408GX2-3600C18A 8GB,19.3
Thermaltake Technology Co Ltd R017D408GX2-4000C19A 8GB,20.2
Thermaltake Technology Co Ltd R017D408GX2-4400C19A 8GB,17.5
Thermaltake Technology Co Ltd R019D408GX2-3200C16A 8GB,18.4
Thermaltake Technology Co Ltd R019D408GX2-3600C18A 8GB,14.8
Thermaltake Technology Co Ltd R021D408GX2-3600C18D 8GB,19.6
Thermaltake Technology Co Ltd R022D408GX2-3200C16A 8GB,19.9
Thermaltake Technology Co Ltd R022D408GX2-3600C18A 8GB,18.2
Thermaltake Technology Co Ltd R022D408GX2-4600C19A 8GB,21.6
Thermaltake Technology Co Ltd R022R432GX2-3600C18A 32GB,20.2
Thermaltake Technology Co Ltd RA24D408GX2-3200C16A 8GB,15.7
Thermaltake Technology Co Ltd RA24D408GX2-3600C18A 8GB,17.2
Thermaltake Technology Co Ltd RA24D408GX2-4400C19A 8GB,20.2
Transcend Information AQD-D4U4GN21-SG 4GB,16.6
Transcend Information AQD-SD4U4GN21-SG 4GB,13.6
Transcend Information AQD-SD4U8GE21-SG 8GB,14.2
Transcend Information AQD-SD4U16GN21-SE 16GB,13.5
Transcend Information JM2400HLB-8G 8GB,16.8
Transcend Information JM2400HSB-8G 8GB,13.9
Transcend Information JM2666HLB-8G 8GB,15.8
Transcend Information JM2666HLB-16G 16GB,16.4
Transcend Information JM2666HLE-16G 16GB,15.5
Transcend Information JM2666HLG-8G 8GB,15.6
Transcend Information JM2666HLG-16GK 8GB,17.2
Transcend Information JM2666HSB-8G 8GB,14.6
Transcend Information JM2666HSB-16G 16GB,16.9
Transcend Information JM2666HSE-16G 16GB,13.2
Transcend Information JM3200HLB-8G 8GB,16.0
Transcend Information JM3200HLB-16G 16GB,22.9
Transcend Information JM3200HLB-16GK 8GB,15.5
Transcend Information JM3200HLE-16G 16GB,19.2
Transcend Information JM3200HLE-32G 32GB,18.6
Transcend Information JM3200HLE-32GK 16GB,16.9
Transcend Information JM3200HLG-8G 8GB,17.4
Transcend Information JM3200HSE-32G 32GB,16.3
Transcend Information TS1GLH64V1H 8GB,14.5
Transcend Information TS1GLH64V4B 8GB,17.4
Transcend Information TS1GLH64V4H 8GB,17.3
Transcend Information TS1GLH72V1H 8GB,11.8
Transcend Information TS1GSH64V1H 8GB,14.2
Transcend Information TS1GSH64V4B 8GB,12.8
Transcend Information TS2GLH64V1B 16GB,14.7
Transcend Information TS2GLH64V4B 16GB,17.2
Transcend Information TS2GLH64V6B 16GB,17.9
Transcend Information TS2GSH64V1B 16GB,12.0
Transcend Information TS2GSH64V4B 16GB,15.3
Transcend Information TS2GSH64V6B 16GB,16.4
Transcend Information TS512MLH64V1H 4GB,16.4
Transcend Information TS512MLH64V4H 4GB,16.6
Transcend Information TS512MSH64V1H 4GB,15.1
Transcend Information TS512MSH64V4H 4GB,5.3
UMAX Technology 16GB,14.5
UMAX Technology D4-2133-4GB-512X8-L 4GB,16.0
UMAX Technology D4-2400-4GB-512X8-L 4GB,17.1
UMAX Technology D4-2666-8GB-1024X8-L 8GB,14.8
UMAX Technology D4-3200-16G-1024X8-L 16GB,18.6
V-Color Technology Inc. TA48G30S815G 8GB,17.2
V-Color Technology Inc. TA48G30S815GK 8GB,21.8
V-Color Technology Inc. TA48G32S816SK 8GB,18.8
V-Color Technology Inc. TA48G36S818BN 8GB,20.1
V-Color Technology Inc. TA48G36S818BNK 8GB,19.0
V-Color Technology Inc. TC48G24S817 8GB,14.9
V-Color Technology Inc. TC416G24D817 16GB,15.0
V-Color Technology Inc. TD8G16C16-UHK 8GB,17.9
V-Color Technology Inc. TD48G26S819-VC 8GB,17.4
V-Color Technology Inc. TD416G26D819-VC 16GB,16.5
V-Color Technology Inc. TD416G32S822 16GB,19.6
V-Color Technology Inc. TL8G32816C-E0P2AAS 8GB,17.3
V-Color Technology Inc. TL8G36818C-E0P2AAK 8GB,17.5
V-Color Technology Inc. TL8G36818C-E0P2AAS 8GB,19.8
V-Color Technology Inc. TL8G36818C-I2PSAAS 8GB,20.4
V-Color Technology Inc. TL8G36818D-E6PRKWK 8GB,19.5
V-Color Technology Inc. TL8G36818D-E6PRSWK 8GB,16.8
V-Color Technology Inc. TL8G36818D-E6PRWWK 8GB,18.9
V-Color Technology Inc. TL48G24S815RGB 8GB,14.5
V-Color Technology Inc. TL48G26S8KRRGB16 8GB,17.7
V-Color Technology Inc. TL48G30S8KGRGB15 8GB,16.4
V-Color Technology Inc. TL48G30S8KSRGB15 8GB,19.7
V-Color Technology Inc. TL48G30S816KRGB 8GB,19.2
V-Color Technology Inc. TL48G32S8KGRGB16 8GB,17.1
V-Color Technology Inc. TL48G32S8KSRGB16 8GB,19.2
V-Color Technology Inc. TL48G32S8RRGB16 8GB,15.5
V-Color Technology Inc. TL48G36S8KBNRGB18 8GB,17.0
V-Color Technology Inc. TN48G24S817-VHA/R 8GB,15.6
V-Color Technology Inc. TN48G26S819-SB 8GB,16.8
V-Color Technology Inc. TN416G24D817-VHA/R 16GB,14.9
V-Color Technology Inc. TN416G26D819-SB 16GB,16.1
V-Color Technology Inc. TN432G26D819 32GB,14.9
V-Color Technology Inc. TO416G32D816CSPSXS 16GB,23.2
V-Color Technology Inc. TO432G42D819CSGAKK 32GB,17.9
V-GEN D4H4GL26A8TS5 4GB,16.2
V-GEN D4H4GL30A8TS5 4GB,15.6
V-GEN D4H4GS24A8 4GB,14.7
V-GEN D4H8GL26A8TS6 8GB,17.6
V-GEN D4H8GL32A8TS 8GB,17.5
V-GEN D4H8GL36A8TXV 8GB,20.0
V-GEN D4H8GS24A8 8GB,15.1
V-GEN D4H16GS24A8 16GB,14.5
V-GEN D4M8GL26A8TS6 8GB,17.0
V-GEN D4R8GL24A8R 8GB,14.7
V-GEN D4S4GL32A16TS 4GB,15.9
V-GEN D4S8GL30A8TS5 8GB,18.3
V-GEN D4S8GL32A8TS 8GB,18.7
Vasekey M378A1K43BB2-CPB 8GB,13.5
Vasekey VSKD41APC32MHZ8G 8GB,16.2
Virtium Technology Inc. VL4Aï¿½1G63A-N6SE-NI 8GB,11.1
Virtium Technology Inc. VL33A1G63F-N6S 8GB,11.1
Wilk Elektronik S.A. GR2133D464L15/8G 8GB,14.5
Wilk Elektronik S.A. GR2133D464L15S/4G 4GB,15.7
Wilk Elektronik S.A. GR2133D464L15S/8G 8GB,14.8
Wilk Elektronik S.A. GR2133S464L15/8G 8GB,14.8
Wilk Elektronik S.A. GR2133S464L15/16G 16GB,14.0
Wilk Elektronik S.A. GR2133S464L15S/8G 8GB,13.2
Wilk Elektronik S.A. GR2400D464L17S/4G 4GB,17.4
Wilk Elektronik S.A. GR2400D464L17S/8G 8GB,16.7
Wilk Elektronik S.A. GR2400S464L17/16G 16GB,16.1
Wilk Elektronik S.A. GR2400S464L17S/8G 8GB,15.3
Wilk Elektronik S.A. GR2666D464L19/16G 16GB,16.7
Wilk Elektronik S.A. GR2666D464L19/16GN 16GB,15.0
Wilk Elektronik S.A. GR2666D464L19S/4G 4GB,16.1
Wilk Elektronik S.A. GR2666D464L19S/8G 8GB,15.4
Wilk Elektronik S.A. GR2666S464L19/16G 16GB,15.8
Wilk Elektronik S.A. GR2666S464L19/32G 32GB,16.3
Wilk Elektronik S.A. GR2666S464L19S/8G 8GB,17.2
Wilk Elektronik S.A. GR3200D464L22/16G 16GB,21.2
Wilk Elektronik S.A. GR3200D464L22S/16G 16GB,19.7
Wilk Elektronik S.A. GR3200S464L22/16G 16GB,16.6
Wilk Elektronik S.A. GR3200S464L22S/8G 8GB,14.6
Wilk Elektronik S.A. GX2133D464L15S/8G 8GB,13.6
Wilk Elektronik S.A. GX2400S464L17S/8G-S1 8GB,16.5
Wilk Elektronik S.A. GX2426D464S/8GSBS2 8GB,18.5
Wilk Elektronik S.A. GX3000D464L16S/8G 8GB,18.1
Wilk Elektronik S.A. GX3236D464S/8GSBS1 8GB,21.9
Wilk Elektronik S.A. GY2133D464L15/8G 8GB,13.3
Wilk Elektronik S.A. GY2133D464L15S/4G 4GB,15.0
Wilk Elektronik S.A. GY2133D464L15S/8G 8GB,14.7
Wilk Elektronik S.A. GY2400D464L15/8G 8GB,17.3
Wilk Elektronik S.A. GY2400D464L15S/4G 4GB,16.3
Wilk Elektronik S.A. GY2400D464L15S/8G 8GB,14.7
Wilk Elektronik S.A. GY2666D464L16/8G 8GB,17.8
Wilk Elektronik S.A. GY2666D464L16S/8G 8GB,14.3
Wilk Elektronik S.A. IR2133D464L15S/4G 4GB,15.6
Wilk Elektronik S.A. IR2133D464L15S/8G 8GB,15.3
Wilk Elektronik S.A. IR2400D464L15S/4G 4GB,16.9
Wilk Elektronik S.A. IR2400D464L15S/8G 8GB,17.0
Wilk Elektronik S.A. IR2400D464L17/16G 16GB,16.8
Wilk Elektronik S.A. IR2400D464L17S/4G 4GB,14.1
Wilk Elektronik S.A. IR2400D464L17S/8G 8GB,14.9
Wilk Elektronik S.A. IRH2400D464L17S/8G 8GB,16.7
Wilk Elektronik S.A. IRH2666D464L19/16G 16GB,16.7
Wilk Elektronik S.A. IRH2666D464L19S/8G 8GB,16.9
Wilk Elektronik S.A. IRH3000D464L16S/8G 8GB,19.2
Wilk Elektronik S.A. IRH3200D464L16/16G 16GB,21.9
Wilk Elektronik S.A. IRH3200D464L16S/8G 8GB,17.7
Wilk Elektronik S.A. IRP3600D4V64L17/16G 16GB,17.7
Wilk Elektronik S.A. IRP3600D4V64L17S/8G 8GB,17.9
Wilk Elektronik S.A. IRP3600D4V64L18/16G 16GB,21.0
Wilk Elektronik S.A. IRP3600D4V64L18S/8G 8GB,21.0
Wilk Elektronik S.A. IRP4000D4V64L18S/8G 8GB,17.9
Wilk Elektronik S.A. IRX2666D464L16S/8G 8GB,17.0
Wilk Elektronik S.A. IRX3000D464L16/16G 16GB,17.6
Wilk Elektronik S.A. IRX3000D464L16S/4G 4GB,16.7
Wilk Elektronik S.A. IRX3000D464L16S/8G 8GB,18.7
Wilk Elektronik S.A. IRX3200D464L16/16G 16GB,20.6
Wilk Elektronik S.A. IRX3200D464L16A/16G 16GB,21.8
Wilk Elektronik S.A. IRX3200D464L16S/8G 8GB,19.4
Wilk Elektronik S.A. IRX3200D464L16SA/8G 8GB,19.1
Wilk Elektronik S.A. IRXS2666D464L16/16G 16GB,14.7
Wilk Elektronik S.A. IRXS2666D464L16S/8G 8GB,17.6
Wilk Elektronik S.A. W-HK26S16G 16GB,17.6
Wilk Elektronik S.A. W-MEM2666S416G 16GB,16.9
Wilk Elektronik S.A. W-P1N52AA 8GB,17.6
Xinshirui (Shenzhen) Electronics Co V01D4L84GB5285282666 4GB,13.6
Xinshirui (Shenzhen) Electronics Co V01D4LF8GB5285282666 8GB,15.2
Zotac Technology Ltd OD48G32S816-ZHC 8GB,20.9
