Bench_Name,Score
686 Gen,188
AArch64,833
AArch64 rev 2 (aarch64),2430
AArch64 rev 4 (aarch64),1815
AC8257V-WAB,827
AC8259V-WAB,956
Allwinner A133,680
Allwinner A333,1331
Allwinner A523,1909
Allwinner A527,2187
Allwinner A537,2128
Allwinner A733,3095
Allwinner H618,660
Allwinner h728,1953
AMD 3015Ce,2113
AMD 3015e,2628
AMD 3020e,2404
AMD 4700S,17645
AMD A10 Micro-6700T APU,1426
AMD A10 PRO-7350B APU,1865
AMD A10 PRO-7800B APU,3308
AMD A10 PRO-7850B APU,3441
AMD A10-4600M APU,1952
AMD A10-4655M APU,1652
AMD A10-4657M APU,1759
AMD A10-5700 APU,2757
AMD A10-5745M APU,1775
AMD A10-5750M APU,2040
AMD A10-5757M APU,1994
AMD A10-5800B APU,2994
AMD A10-5800K APU,2968
AMD A10-6700 APU,3109
AMD A10-6700T APU,2299
AMD A10-6790B APU,1938
AMD A10-6790K APU,3112
AMD A10-6800B APU,3126
AMD A10-6800K APU,3156
AMD A10-7300 APU,1749
AMD A10-7400P,2134
AMD A10-7700K APU,3185
AMD A10-7800 APU,3215
AMD A10-7850K APU,3395
AMD A10-7860K,3187
AMD A10-7870K,3514
AMD A10-7890K,3575
AMD A10-8700P,2247
AMD A10-8750,3205
AMD A10-8780P,2907
AMD A10-8850,3467
AMD A10-9600P,2324
AMD A10-9620P,2536
AMD A10-9630P,3052
AMD A10-9700,3560
AMD A10-9700E,3250
AMD A12-9700P,2426
AMD A12-9720P,2637
AMD A12-9730P,3005
AMD A12-9800,3732
AMD A12-9800E,3416
AMD A4 Micro-6400T APU,1082
AMD A4 PRO-3340B,1719
AMD A4 PRO-7300B APU,1457
AMD A4 PRO-7350B,1512
AMD A4-1200 APU,375
AMD A4-1250 APU,421
AMD A4-1350 APU,911
AMD A4-3300 APU,982
AMD A4-3300M APU,726
AMD A4-3305M APU,767
AMD A4-3310MX APU,789
AMD A4-3320M APU,668
AMD A4-3330MX APU,761
AMD A4-3400 APU,1075
AMD A4-3420 APU,1079
AMD A4-4000 APU,1163
AMD A4-4020 APU,1269
AMD A4-4300M APU,973
AMD A4-4355M APU,801
AMD A4-5000 APU,1274
AMD A4-5050 APU,1328
AMD A4-5100 APU,1301
AMD A4-5150M APU,969
AMD A4-5300 APU,1363
AMD A4-5300B APU,1255
AMD A4-6210 APU,1497
AMD A4-6250J APU,1619
AMD A4-6300 APU,1439
AMD A4-6300B APU,1328
AMD A4-6320 APU,1532
AMD A4-7210 APU,1657
AMD A4-7300 APU,1543
AMD A4-9120,1215
AMD A4-9120C,875
AMD A4-9120e,853
AMD A4-9125,1196
AMD A6 Micro-6500T APU,1146
AMD A6 PRO-7050B APU,971
AMD A6 PRO-7400B,1640
AMD A6-1450 APU,1062
AMD A6-3400M APU,1237
AMD A6-3410MX APU,1274
AMD A6-3420M APU,1317
AMD A6-3430MX APU,1389
AMD A6-3500 APU,1439
AMD A6-3600 APU,1780
AMD A6-3620 APU,1891
AMD A6-3650 APU,2092
AMD A6-3670 APU,2219
AMD A6-4400M APU,991
AMD A6-4455M APU,810
AMD A6-5200 APU,1661
AMD A6-5345M APU,1122
AMD A6-5350M APU,1207
AMD A6-5357M APU,1219
AMD A6-5400B APU,1465
AMD A6-5400K APU,1287
AMD A6-6310 APU,1669
AMD A6-6400B APU,1573
AMD A6-6400K APU,1511
AMD A6-6420B APU,1550
AMD A6-6420K APU,1587
AMD A6-7000,925
AMD A6-7310 APU,1746
AMD A6-7400K APU,1680
AMD A6-7470K,1799
AMD A6-7480,1758
AMD A6-8500P,1445
AMD A6-8550,1762
AMD A6-9200,1161
AMD A6-9210,1188
AMD A6-9220,1323
AMD A6-9220C,1053
AMD A6-9220e,959
AMD A6-9225,1328
AMD A6-9230,1303
AMD A6-9400,2717
AMD A6-9500,1874
AMD A6-9500E,1713
AMD A8 PRO-7150B APU,1551
AMD A8 PRO-7600B APU,3013
AMD A8-3500M APU,1374
AMD A8-3510MX APU,1631
AMD A8-3520M APU,1426
AMD A8-3530MX APU,1616
AMD A8-3550MX APU,1687
AMD A8-3800 APU,2051
AMD A8-3820 APU,2181
AMD A8-3850 APU,2432
AMD A8-3870K APU,2400
AMD A8-4500M APU,1697
AMD A8-4555M APU,1344
AMD A8-5500 APU,2618
AMD A8-5500B APU,2617
AMD A8-5545M APU,1628
AMD A8-5550M APU,1820
AMD A8-5557M APU,1831
AMD A8-5600K APU,2859
AMD A8-6410 APU,1767
AMD A8-6500 APU,2437
AMD A8-6500B APU,2244
AMD A8-6500T APU,1983
AMD A8-6600K APU,3010
AMD A8-7050,1039
AMD A8-7100 APU,1654
AMD A8-7200P,2158
AMD A8-7410 APU,1813
AMD A8-7500,3302
AMD A8-7600 APU,3206
AMD A8-7650K,3112
AMD A8-7670K,3289
AMD A8-7680,3523
AMD A8-7690K,2157
AMD A8-8600P,2464
AMD A8-8650,3103
AMD A8-9600,3279
AMD A9-9400,1313
AMD A9-9410,1542
AMD A9-9420,1534
AMD A9-9420e,1098
AMD A9-9425,1525
AMD A9-9430,1676
AMD A9-9820,3958
AMD Athlon 1500+,191
AMD Athlon 1640B,376
AMD Athlon 2000+,254
AMD Athlon 200GE,4108
AMD Athlon 2100+,268
AMD Athlon 2200+,236
AMD Athlon 220GE,4444
AMD Athlon 2400+,300
AMD Athlon 240GE,4566
AMD Athlon 2500+,243
AMD Athlon 2600+,289
AMD Athlon 2650e,250
AMD Athlon 2800+,291
AMD Athlon 2850e,333
AMD Athlon 3000G,4437
AMD Athlon 300GE,4279
AMD Athlon 300U,3824
AMD Athlon 3100+,315
AMD Athlon 3200+,298
AMD Athlon 320GE,4443
AMD Athlon 4,182
AMD Athlon 5000 Dual-Core,872
AMD Athlon 5150 APU,1418
AMD Athlon 5200 Dual-Core,869
AMD Athlon 5350 APU,1802
AMD Athlon 5370 APU,1950
AMD Athlon 64 2000+,154
AMD Athlon 64 2200+,374
AMD Athlon 64 2600+,243
AMD Athlon 64 2800+,295
AMD Athlon 64 3000+,342
AMD Athlon 64 3100+,484
AMD Athlon 64 3200+,311
AMD Athlon 64 3300+,375
AMD Athlon 64 3400+,317
AMD Athlon 64 3500+,367
AMD Athlon 64 3600+,391
AMD Athlon 64 3700+,394
AMD Athlon 64 3800+,350
AMD Athlon 64 4000+,340
AMD Athlon 64 FX-25,517
AMD Athlon 64 FX-34,247
AMD Athlon 64 FX-51,284
AMD Athlon 64 FX-53,421
AMD Athlon 64 FX-55,404
AMD Athlon 64 FX-57,517
AMD Athlon 64 FX-59,465
AMD Athlon 64 FX-60 Dual Core,709
AMD Athlon 64 FX-62 Dual Core,993
AMD Athlon 64 FX-72,1167
AMD Athlon 64 FX-74,972
AMD Athlon 64 X2 4200+,767
AMD Athlon 64 X2 Dual Core 3400+,531
AMD Athlon 64 X2 Dual Core 3600+,618
AMD Athlon 64 X2 Dual Core 3800+,623
AMD Athlon 64 X2 Dual Core 4000+,692
AMD Athlon 64 X2 Dual Core 4200+,741
AMD Athlon 64 X2 Dual Core 4400+,676
AMD Athlon 64 X2 Dual Core 4600+,720
AMD Athlon 64 X2 Dual Core 4800+,732
AMD Athlon 64 X2 Dual Core 5000+,807
AMD Athlon 64 X2 Dual Core 5200+,859
AMD Athlon 64 X2 Dual Core 5400+,907
AMD Athlon 64 X2 Dual Core 5600+,912
AMD Athlon 64 X2 Dual Core 5800+,799
AMD Athlon 64 X2 Dual Core 6000+,948
AMD Athlon 64 X2 Dual Core 6400+,954
AMD Athlon 64 X2 Dual Core BE-230,601
AMD Athlon 64 X2 Dual Core BE-2300,594
AMD Athlon 64 X2 Dual Core BE-2350,573
AMD Athlon 64 X2 Dual-Core TK-42,577
AMD Athlon 64 X2 Dual-Core TK-53,602
AMD Athlon 64 X2 Dual-Core TK-55,518
AMD Athlon 64 X2 Dual-Core TK-57,619
AMD Athlon 64 X2 QL-60,661
AMD Athlon 64 X2 QL-62,525
AMD Athlon 64 X2 QL-64,618
AMD Athlon 64 X2 QL-65,664
AMD Athlon 64 X2 QL-66,641
AMD Athlon 64 X2 QL-67,582
AMD Athlon 7450 Dual-Core,872
AMD Athlon 7550 Dual-Core,977
AMD Athlon 7750 Dual-Core,997
AMD Athlon 7850 Dual-Core,1058
AMD Athlon 7850 Dual-Core 2.8G,187
AMD Athlon Dual Core 4050e,674
AMD Athlon Dual Core 4450B,728
AMD Athlon Dual Core 4450e,727
AMD Athlon Dual Core 4850B,727
AMD Athlon Dual Core 4850e,799
AMD Athlon Dual Core 5000B,856
AMD Athlon Dual Core 5050e,846
AMD Athlon Dual Core 5200B,823
AMD Athlon Dual Core 5400B,914
AMD Athlon Dual Core 5600B,737
AMD Athlon Gold 3150C,2917
AMD Athlon Gold 3150G,6922
AMD Athlon Gold 3150U,3861
AMD Athlon Gold 7220U,4903
AMD Athlon Gold PRO 3150G,7468
AMD Athlon Gold PRO 3150GE,7006
AMD Athlon Gold PRO 4150GE,8259
AMD Athlon II 160u,358
AMD Athlon II 170u,355
AMD Athlon II Dual-Core M300,670
AMD Athlon II Dual-Core M320,770
AMD Athlon II Dual-Core M340,807
AMD Athlon II N330 Dual-Core,665
AMD Athlon II N350 Dual-Core,856
AMD Athlon II N370 Dual-Core,899
AMD Athlon II Neo K125,322
AMD Athlon II Neo K145,298
AMD Athlon II Neo K325 Dual-Core,439
AMD Athlon II Neo K345 Dual-Core,527
AMD Athlon II Neo N36L Dual-Core,487
AMD Athlon II P320 Dual-Core,724
AMD Athlon II P340 Dual-Core,740
AMD Athlon II P360 Dual-Core,760
AMD Athlon II X2 210e,1089
AMD Athlon II X2 215,1018
AMD Athlon II X2 220,1060
AMD Athlon II X2 225,880
AMD Athlon II X2 235e,1079
AMD Athlon II X2 240,1061
AMD Athlon II X2 240e,1007
AMD Athlon II X2 245,1137
AMD Athlon II X2 245e,1133
AMD Athlon II X2 250,1187
AMD Athlon II X2 250e,1202
AMD Athlon II X2 250u,615
AMD Athlon II X2 255,1210
AMD Athlon II X2 260,1255
AMD Athlon II X2 260u,718
AMD Athlon II X2 265,1337
AMD Athlon II X2 270,1350
AMD Athlon II X2 270u,675
AMD Athlon II X2 280,1384
AMD Athlon II X2 4300e,990
AMD Athlon II X2 4400e,989
AMD Athlon II X2 4450e,587
AMD Athlon II X2 B22,1081
AMD Athlon II X2 B24,1124
AMD Athlon II X2 B26,1260
AMD Athlon II X2 B28,1265
AMD Athlon II X3 400e,1320
AMD Athlon II X3 405e,1331
AMD Athlon II X3 415e,1481
AMD Athlon II X3 420e,1557
AMD Athlon II X3 425,1601
AMD Athlon II X3 425e,1493
AMD Athlon II X3 435,1645
AMD Athlon II X3 440,1743
AMD Athlon II X3 445,1840
AMD Athlon II X3 450,1866
AMD Athlon II X3 455,1940
AMD Athlon II X3 460,1965
AMD Athlon II X4 553,2418
AMD Athlon II X4 555,2526
AMD Athlon II X4 557,2567
AMD Athlon II X4 559,2652
AMD Athlon II X4 600e,1795
AMD Athlon II X4 605e,1964
AMD Athlon II X4 610e,1959
AMD Athlon II X4 615e,2024
AMD Athlon II X4 620,2002
AMD Athlon II X4 620e,1938
AMD Athlon II X4 630,2173
AMD Athlon II X4 631 Quad-Core,2106
AMD Athlon II X4 635,2250
AMD Athlon II X4 638 Quad-Core,2260
AMD Athlon II X4 640,2282
AMD Athlon II X4 6400e,1795
AMD Athlon II X4 641 Quad-Core,2313
AMD Athlon II X4 645,2381
AMD Athlon II X4 650,2507
AMD Athlon II X4 651 Quad-Core,2433
AMD Athlon II X4 655,2487
AMD Athlon L110,211
AMD Athlon LE-1600,412
AMD Athlon LE-1620,421
AMD Athlon LE-1640,430
AMD Athlon LE-1660,416
AMD Athlon MP,150
AMD Athlon MP 1700+,220
AMD Athlon MP 2400+,284
AMD Athlon MP 2800+,324
AMD Athlon Neo MV-40,281
AMD Athlon Neo X2 Dual Core 6850e,482
AMD Athlon Neo X2 Dual Core L325,556
AMD Athlon Neo X2 Dual Core L335,529
AMD Athlon PRO 200GE,3897
AMD Athlon PRO 300GE,4228
AMD Athlon PRO 300U,4080
AMD Athlon PRO 3045B,2770
AMD Athlon QI-46,274
AMD Athlon Silver 10,3543
AMD Athlon Silver 3050C,2879
AMD Athlon Silver 3050e,2978
AMD Athlon Silver 3050GE,4545
AMD Athlon Silver 3050U,2940
AMD Athlon Silver 7120e,3837
AMD Athlon Silver 7120U,3026
AMD Athlon Silver PRO 3125GE,4633
AMD Athlon TF-20,265
AMD Athlon TF-36,338
AMD Athlon X2 215,996
AMD Athlon X2 235e,1097
AMD Athlon X2 240,921
AMD Athlon X2 240e,1015
AMD Athlon X2 250,855
AMD Athlon X2 255,938
AMD Athlon X2 280,1327
AMD Athlon X2 340 Dual Core,1334
AMD Athlon X2 370K Dual Core,1439
AMD Athlon X2 440,866
AMD Athlon X2 450,1295
AMD Athlon X2 Dual Core 3250e,348
AMD Athlon X2 Dual Core 6850e,564
AMD Athlon X2 Dual Core BE-2300,570
AMD Athlon X2 Dual Core BE-2350,591
AMD Athlon X2 Dual Core BE-2400,674
AMD Athlon X2 Dual Core BE-2450,708
AMD Athlon X2 Dual Core L310,353
AMD Athlon X2 Dual Core LS-5800,570
AMD Athlon X3 425,1516
AMD Athlon X3 435,1781
AMD Athlon X3 440,1438
AMD Athlon X3 445,1584
AMD Athlon X3 455,1783
AMD Athlon X4 530,1786
AMD Athlon X4 605e,1733
AMD Athlon X4 620,1810
AMD Athlon X4 635,2001
AMD Athlon X4 640,2115
AMD Athlon X4 730,2278
AMD Athlon X4 740 Quad Core,2646
AMD Athlon X4 750 Quad Core,2751
AMD Athlon X4 750K Quad Core,2897
AMD Athlon X4 760K Quad Core,2966
AMD Athlon X4 830,3018
AMD Athlon X4 840,3327
AMD Athlon X4 845,3754
AMD Athlon X4 850,2756
AMD Athlon X4 860K,3408
AMD Athlon X4 870K,3452
AMD Athlon X4 880K,3635
AMD Athlon X4 950,3548
AMD Athlon X4 970,3677
AMD Athlon XP 1500,183
AMD Athlon XP 1500+,167
AMD Athlon XP 1600+,174
AMD Athlon XP 1700,224
AMD Athlon XP 1700+,176
AMD Athlon XP 1800+,195
AMD Athlon XP 1900+,203
AMD Athlon XP 2000+,195
AMD Athlon XP 2100+,210
AMD Athlon XP 2200+,214
AMD Athlon XP 2300+,302
AMD Athlon XP 2400+,234
AMD Athlon XP 2500+,231
AMD Athlon XP 2600+,242
AMD Athlon XP 2700+,256
AMD Athlon XP 2800+,260
AMD Athlon XP 2900+,276
AMD Athlon XP 3000+,262
AMD Athlon XP 3100+,282
AMD Athlon XP 3200+,281
AMD Athlon XP 3400+,371
AMD Athlon XP Pro3+,239
AMD Athlon XP-M,352
AMD Athlon XP1600+,183
AMD Athlon XP1900+,230
AMD Athlon XP2100+,187
AMD Athlon XP2200+,261
AMD Athlon XP2400+,243
AMD Athlon64 X2 Dual Core 4600+,803
AMD BC-250,13933
AMD C-30,178
AMD C-50,262
AMD C-60,290
AMD C-60 APU,316
AMD C-70 APU,315
AMD Custom APU 0932,9434
AMD E-240,195
AMD E-300 APU,338
AMD E-350,430
AMD E-350 APU,423
AMD E-350D APU,486
AMD E-450 APU,440
AMD E1 Micro-6200T APU,600
AMD E1-1200 APU,381
AMD E1-1500 APU,385
AMD E1-2100 APU,406
AMD E1-2200 APU,474
AMD E1-2500 APU,594
AMD E1-6010 APU,544
AMD E1-6015 APU,597
AMD E1-6050J APU,1385
AMD E1-7010 APU,613
AMD E2-1800 APU,452
AMD E2-2000 APU,496
AMD E2-3000 APU,743
AMD E2-3000M APU,668
AMD E2-3200 APU,976
AMD E2-3800 APU,1136
AMD E2-6110 APU,1244
AMD E2-7015,611
AMD E2-7015 APU,654
AMD E2-7110 APU,1494
AMD E2-9000,971
AMD E2-9000e,883
AMD E2-9010,1110
AMD E2-9030,983
AMD Embedded G-Series GX-215JJ Radeon R2E,1094
AMD Embedded G-Series GX-224IJ Radeon R4E,1271
AMD Embedded G-Series GX-420GI Radeon R7E,1607
AMD Embedded R-Series RX-216GD,1628
AMD Embedded R-Series RX-418GD Radeon R6,3426
AMD Embedded R-Series RX-421BD,3000
AMD Embedded R-Series RX-421ND,3024
AMD EPYC 3101 4-Core,6050
AMD EPYC 3151,8306
AMD EPYC 3201,8672
AMD EPYC 3251,13705
AMD EPYC 3451,19532
AMD EPYC 4124P,18139
AMD EPYC 4244P,26797
AMD EPYC 4245P,31075
AMD EPYC 4344P,33325
AMD EPYC 4345P,36123
AMD EPYC 4364P,34386
AMD EPYC 4464P,47514
AMD EPYC 4465P,49871
AMD EPYC 4484PX,50547
AMD EPYC 4545P,54296
AMD EPYC 4564P,64443
AMD EPYC 4565P,64067
AMD EPYC 4584PX,59128
AMD EPYC 4585PX,68893
AMD EPYC 7203,17717
AMD EPYC 7203P,22017
AMD EPYC 7232P,17712
AMD EPYC 7251,14935
AMD EPYC 7252,18414
AMD EPYC 7261,11149
AMD EPYC 7262,20779
AMD EPYC 7272,25771
AMD EPYC 7281,21653
AMD EPYC 7282,30289
AMD EPYC 72F3,27252
AMD EPYC 7301,14991
AMD EPYC 7302,33499
AMD EPYC 7302P,32114
AMD EPYC 7303,28572
AMD EPYC 7303P,34976
AMD EPYC 7313,38938
AMD EPYC 7313P,40454
AMD EPYC 7343,43778
AMD EPYC 7351,23079
AMD EPYC 7351P,24587
AMD EPYC 7352,39906
AMD EPYC 7371,30830
AMD EPYC 73F3,46103
AMD EPYC 7401P,27836
AMD EPYC 7402,46388
AMD EPYC 7402P,43288
AMD EPYC 7413,50641
AMD EPYC 7443,56743
AMD EPYC 7443P,56984
AMD EPYC 7451,26639
AMD EPYC 7452,45969
AMD EPYC 7453,48453
AMD EPYC 7473X,59280
AMD EPYC 74F3,60666
AMD EPYC 7501,24925
AMD EPYC 7502,51871
AMD EPYC 7502P,51366
AMD EPYC 7513,58869
AMD EPYC 7532,50765
AMD EPYC 7542,45020
AMD EPYC 7543,61463
AMD EPYC 7543P,66590
AMD EPYC 7551,26078
AMD EPYC 7551P,38111
AMD EPYC 7552,57414
AMD EPYC 7571,28574
AMD EPYC 7573X,69432
AMD EPYC 75F3,64505
AMD EPYC 7601,34102
AMD EPYC 7642,58698
AMD EPYC 7643,76259
AMD EPYC 7643P,77307
AMD EPYC 7662,72298
AMD EPYC 7663,81717
AMD EPYC 7663P,81725
AMD EPYC 7702,68811
AMD EPYC 7702P,61760
AMD EPYC 7713,83018
AMD EPYC 7713P,81542
AMD EPYC 7742,69808
AMD EPYC 7763,84492
AMD EPYC 7773X,90279
AMD EPYC 7A23,81296
AMD EPYC 7B12,66044
AMD EPYC 7B13,80293
AMD EPYC 7C13,76392
AMD EPYC 7D12,41746
AMD EPYC 7F32,23253
AMD EPYC 7F52,40951
AMD EPYC 7F72,52840
AMD EPYC 7H12,69633
AMD EPYC 7J13,84786
AMD EPYC 7K23,81183
AMD EPYC 7K62,59533
AMD EPYC 7R12,48934
AMD EPYC 7R13,79420
AMD EPYC 7R32,63969
AMD EPYC 7R43,83535
AMD EPYC 7T83,81757
AMD EPYC 7V12,70622
AMD EPYC 7V13,81764
AMD EPYC 7V73X,79738
AMD EPYC 8024P,20427
AMD EPYC 8124P,36117
AMD EPYC 8224P,46052
AMD EPYC 8324P,57127
AMD EPYC 8324PN 32-Core,8375
AMD EPYC 8434P,66490
AMD EPYC 8534P,71900
AMD EPYC 9015,30689
AMD EPYC 9115,48936
AMD EPYC 9115 Emb,40376
AMD EPYC 9124,42982
AMD EPYC 9135,56948
AMD EPYC 9174F,54146
AMD EPYC 9175F,67634
AMD EPYC 9184X,48058
AMD EPYC 9224,48967
AMD EPYC 9254,64001
AMD EPYC 9255,76580
AMD EPYC 9274F,73982
AMD EPYC 9275F,84620
AMD EPYC 9334,65568
AMD EPYC 9335,65811
AMD EPYC 9354,73240
AMD EPYC 9354P,74813
AMD EPYC 9355P,96603
AMD EPYC 9374F,82009
AMD EPYC 9375F,95768
AMD EPYC 9384X,72121
AMD EPYC 9454,87961
AMD EPYC 9454P,94689
AMD EPYC 9455 Emb,110697
AMD EPYC 9455P,116927
AMD EPYC 9474F,102255
AMD EPYC 9475F,122476
AMD EPYC 9534,89492
AMD EPYC 9535,114528
AMD EPYC 9554,102607
AMD EPYC 9554P,104920
AMD EPYC 9555 Emb,133832
AMD EPYC 9555P,135990
AMD EPYC 9565,135221
AMD EPYC 9575F,147998
AMD EPYC 9634,107944
AMD EPYC 9654,119259
AMD EPYC 9654P,117647
AMD EPYC 9655,156110
AMD EPYC 9655P,160490
AMD EPYC 9684X,122017
AMD EPYC 9734,102286
AMD EPYC 9745,130698
AMD EPYC 9754,98450
AMD EPYC 9754 Emb,115016
AMD EPYC 9755,166328
AMD EPYC 9845,152985
AMD EPYC 9965,160542
AMD EPYC 9B14,119505
AMD EPYC 9B45,158790
AMD EPYC 9D25,114275
AMD EPYC 9J14,124637
AMD EPYC 9R14,116475
AMD EPYC 9R45,6940
AMD EPYC 9V74,117606
AMD EPYC Embedded 7292P,30542
AMD EPYC Embedded 8224P,48869
AMD EPYC Embedded 9654P,116927
AMD EPYC Embedded 9755,164010
AMD FirePro A320 APU,2153
AMD FX-4100 Quad-Core,2629
AMD FX-4130 Quad-Core,2714
AMD FX-4150 Quad-Core,3010
AMD FX-4170 Quad-Core,3124
AMD FX-4200 Quad-Core,3119
AMD FX-4300 Quad-Core,2994
AMD FX-4320,3172
AMD FX-4330,3146
AMD FX-4350 Quad-Core,3195
AMD FX-6100 Six-Core,3700
AMD FX-6120 Six-Core,3849
AMD FX-6130 Six-Core,4353
AMD FX-6200 Six-Core,4114
AMD FX-6300 Six-Core,4232
AMD FX-6330 Six-Core,4433
AMD FX-6350 Six-Core,4661
AMD FX-670K Quad-Core,3046
AMD FX-7500 APU,1942
AMD FX-7600P,2557
AMD FX-7600P APU,2856
AMD FX-770K Quad-Core,3178
AMD FX-8100 Eight-Core,4095
AMD FX-8120 Eight-Core,4635
AMD FX-8140 Eight-Core,4860
AMD FX-8150 Eight-Core,5318
AMD FX-8300 Eight-Core,5328
AMD FX-8310 Eight-Core,5005
AMD FX-8320 Eight-Core,5478
AMD FX-8320E Eight-Core,5136
AMD FX-8350 Eight-Core,6092
AMD FX-8370 Eight-Core,6174
AMD FX-8370E Eight-Core,5350
AMD FX-870K Quad Core,3237
AMD FX-8800P,2814
AMD FX-9370 Eight-Core,6368
AMD FX-9590 Eight-Core,6832
AMD FX-9800P,2514
AMD FX-9830P,3306
AMD FX-B4150 Quad-Core,3369
AMD G-T40E,289
AMD G-T40N,298
AMD G-T40R,120
AMD G-T44R,116
AMD G-T48E,417
AMD G-T52R,177
AMD G-T56E,442
AMD G-T56N,484
AMD Geode NX,172
AMD Geode NX 1750,189
AMD Geode NX 2400+,400
AMD GX-210JA SOC,248
AMD GX-212JC SOC,642
AMD GX-217GA SOC,793
AMD GX-218GL SOC,754
AMD GX-222GC SOC,1044
AMD GX-412HC,1095
AMD GX-412TC SOC,650
AMD GX-415GA SOC,1405
AMD GX-416RA SOC,1604
AMD GX-420CA SOC,1785
AMD GX-420MC SOC,1796
AMD GX-424CC SOC,1823
AMD K7,262
AMD Opteron 1210,573
AMD Opteron 1210 HE,602
AMD Opteron 1212,593
AMD Opteron 1212 HE,791
AMD Opteron 1214,763
AMD Opteron 1214 HE,806
AMD Opteron 1216,781
AMD Opteron 1216 HE,727
AMD Opteron 1218,910
AMD Opteron 1218 HE,937
AMD Opteron 1220,1036
AMD Opteron 1222,1089
AMD Opteron 1352,1547
AMD Opteron 1354,1635
AMD Opteron 1356,1703
AMD Opteron 1381,1797
AMD Opteron 1385,2185
AMD Opteron 1389,2079
AMD Opteron 140,258
AMD Opteron 142,278
AMD Opteron 144,316
AMD Opteron 146,346
AMD Opteron 148,392
AMD Opteron 150,393
AMD Opteron 152,428
AMD Opteron 154,457
AMD Opteron 165,531
AMD Opteron 170,648
AMD Opteron 175,682
AMD Opteron 180,746
AMD Opteron 185,695
AMD Opteron 2212,826
AMD Opteron 2214,883
AMD Opteron 2214 HE,920
AMD Opteron 2216,987
AMD Opteron 2218,1036
AMD Opteron 2220,1106
AMD Opteron 2220 SE,909
AMD Opteron 2222,1198
AMD Opteron 2224 SE,1248
AMD Opteron 2350,1737
AMD Opteron 2354,1509
AMD Opteron 2356,1829
AMD Opteron 2373 EE,1744
AMD Opteron 2374 HE,1730
AMD Opteron 2376,1338
AMD Opteron 2378,1864
AMD Opteron 2380,1548
AMD Opteron 2384,2024
AMD Opteron 2386 SE,2074
AMD Opteron 2393 SE,1317
AMD Opteron 2419 EE,1902
AMD Opteron 2427,1995
AMD Opteron 2431,2894
AMD Opteron 2435,3061
AMD Opteron 246,411
AMD Opteron 248,310
AMD Opteron 250,422
AMD Opteron 252,494
AMD Opteron 254,451
AMD Opteron 256,626
AMD Opteron 265,626
AMD Opteron 270,736
AMD Opteron 275,839
AMD Opteron 280,765
AMD Opteron 285,956
AMD Opteron 290,952
AMD Opteron 3250 HE,2061
AMD Opteron 3260 HE,2283
AMD Opteron 3280,3783
AMD Opteron 3320 EE,1918
AMD Opteron 3350 HE,2699
AMD Opteron 3365,4125
AMD Opteron 3380,4358
AMD Opteron 4122,1913
AMD Opteron 4130,2342
AMD Opteron 4162 EE,2058
AMD Opteron 4170 HE,2382
AMD Opteron 4174 HE,2986
AMD Opteron 4184,2872
AMD Opteron 4226,3400
AMD Opteron 4274 HE,5776
AMD Opteron 4280,4504
AMD Opteron 4284,4665
AMD Opteron 4332 HE,3911
AMD Opteron 4334,3949
AMD Opteron 4365 EE,3582
AMD Opteron 4376 HE,4318
AMD Opteron 4386,3273
AMD Opteron 6128,2826
AMD Opteron 6128 HE,2932
AMD Opteron 6134,1910
AMD Opteron 6136,3381
AMD Opteron 6164 HE,3478
AMD Opteron 6172,2615
AMD Opteron 6174,3697
AMD Opteron 6176 SE,4539
AMD Opteron 6212,3973
AMD Opteron 6220,4753
AMD Opteron 6234,4072
AMD Opteron 6238,5625
AMD Opteron 6272,5240
AMD Opteron 6274,5643
AMD Opteron 6276,6348
AMD Opteron 6281,7279
AMD Opteron 6282 SE,6385
AMD Opteron 6287 SE,6925
AMD Opteron 6328,5306
AMD Opteron 6344,6069
AMD Opteron 6348,7850
AMD Opteron 6366 HE,5613
AMD Opteron 6376,5572
AMD Opteron 6378,5889
AMD Opteron 6380,6687
AMD Opteron 6386 SE,8291
AMD Opteron 8354,1664
AMD Opteron 8439 SE,2479
AMD Opteron X2170 APU,1911
AMD Opteron X3216 APU,1517
AMD Opteron X3418 APU,2764
AMD Opteron X3421 APU,3306
AMD Phenom 2 X4 12000,2080
AMD Phenom 7950 Quad-Core,1842
AMD Phenom 8250 Triple-Core,1114
AMD Phenom 8250e Triple-Core,1084
AMD Phenom 8400 Triple-Core,1164
AMD Phenom 8450 Triple-Core,1200
AMD Phenom 8450e Triple-Core,1206
AMD Phenom 8600 Triple-Core,1267
AMD Phenom 8600B Triple-Core,1455
AMD Phenom 8650 Triple-Core,1218
AMD Phenom 8750 Triple-Core,1445
AMD Phenom 8750B Triple-Core,1188
AMD Phenom 8850 Triple-Core,1142
AMD Phenom 8850B Triple-Core,1281
AMD Phenom 9100e Quad-Core,1353
AMD Phenom 9150e Quad-Core,1427
AMD Phenom 9350e Quad-Core,1659
AMD Phenom 9450e Quad-Core,1455
AMD Phenom 9500 Quad-Core,1564
AMD Phenom 9550 Quad-Core,1698
AMD Phenom 9600 Quad-Core,1607
AMD Phenom 9600B Quad-Core,1807
AMD Phenom 9650 Quad-Core,1782
AMD Phenom 9750 Quad-Core,1846
AMD Phenom 9750B Quad-Core,1520
AMD Phenom 9850 Quad-Core,1712
AMD Phenom 9850B Quad-Core,1946
AMD Phenom 9950 Quad-Core,1861
AMD Phenom FX-5000 Quad-Core,1599
AMD Phenom FX-5200 Quad-Core,1699
AMD Phenom FX-7750 Quad-Core,2227
AMD Phenom II 42 TWKR Black Edition,2046
AMD Phenom II N620 Dual-Core,992
AMD Phenom II N640 Dual-Core,1181
AMD Phenom II N660 Dual-Core,1083
AMD Phenom II N830 3+1,1768
AMD Phenom II N830 Triple-Core,1248
AMD Phenom II N850 Triple-Core,1318
AMD Phenom II N870 Triple-Core,1324
AMD Phenom II N930 Quad-Core,1622
AMD Phenom II N950 Quad-Core,1616
AMD Phenom II N970 Quad-Core,1728
AMD Phenom II P650 Dual-Core,1018
AMD Phenom II P820 Triple-Core,1125
AMD Phenom II P840 Triple-Core,1079
AMD Phenom II P860 Triple-Core,1250
AMD Phenom II P920 Quad-Core,1006
AMD Phenom II P940 Quad-Core,1319
AMD Phenom II P960 Quad-Core,1412
AMD Phenom II X2 511,1265
AMD Phenom II X2 521,1349
AMD Phenom II X2 545,1224
AMD Phenom II X2 550,1201
AMD Phenom II X2 555,1306
AMD Phenom II X2 560,1381
AMD Phenom II X2 565,1453
AMD Phenom II X2 570,1437
AMD Phenom II X2 B53,1190
AMD Phenom II X2 B55,1233
AMD Phenom II X2 B57,1260
AMD Phenom II X2 B59,1411
AMD Phenom II X3 700e,1451
AMD Phenom II X3 705e,1519
AMD Phenom II X3 710,1601
AMD Phenom II X3 715,1553
AMD Phenom II X3 720,1600
AMD Phenom II X3 740,1424
AMD Phenom II X3 B73,1671
AMD Phenom II X3 B75,1800
AMD Phenom II X3 B77,1844
AMD Phenom II X4 805,2001
AMD Phenom II X4 810,2049
AMD Phenom II X4 820,2108
AMD Phenom II X4 830,2104
AMD Phenom II X4 840,2463
AMD Phenom II X4 840T,2367
AMD Phenom II X4 850,2497
AMD Phenom II X4 8700e,1394
AMD Phenom II X4 900e,1727
AMD Phenom II X4 905e,2014
AMD Phenom II X4 910,1840
AMD Phenom II X4 910e,2141
AMD Phenom II X4 920,2252
AMD Phenom II X4 925,2253
AMD Phenom II X4 940,2386
AMD Phenom II X4 945,2418
AMD Phenom II X4 955,2562
AMD Phenom II X4 960T,2358
AMD Phenom II X4 965,2665
AMD Phenom II X4 970,2785
AMD Phenom II X4 973,2204
AMD Phenom II X4 975,2638
AMD Phenom II X4 977,2377
AMD Phenom II X4 980,2977
AMD Phenom II X4 B05e,1906
AMD Phenom II X4 B15e,1825
AMD Phenom II X4 B25,2108
AMD Phenom II X4 B35,2417
AMD Phenom II X4 B40,2341
AMD Phenom II X4 B45,2327
AMD Phenom II X4 B50,2466
AMD Phenom II X4 B55,2612
AMD Phenom II X4 B60,2627
AMD Phenom II X4 B65,2690
AMD Phenom II X4 B70,2303
AMD Phenom II X4 B93,2159
AMD Phenom II X4 B95,2427
AMD Phenom II X4 B97,2567
AMD Phenom II X4 B99,2536
AMD Phenom II X6 1035T,3016
AMD Phenom II X6 1045T,3225
AMD Phenom II X6 1055T,3394
AMD Phenom II X6 1065T,3423
AMD Phenom II X6 1075T,3542
AMD Phenom II X6 1090T,3824
AMD Phenom II X6 1100T,3957
AMD Phenom II X6 1405T,3371
AMD Phenom II X620 Dual-Core,1262
AMD Phenom II X640 Dual-Core,1165
AMD Phenom II X920 Quad-Core,1669
AMD Phenom II X940 Quad-Core,1797
AMD Phenom Ultra X4 24500,2501
AMD Phenom X2 Dual-Core GE-4060,1031
AMD Phenom X2 Dual-Core GE-5060,1566
AMD Phenom X2 Dual-Core GE-5560,1271
AMD Phenom X2 Dual-Core GE-6060,1722
AMD Phenom X2 Dual-Core GE-7060,1010
AMD Phenom X2 Dual-Core GP-5000,692
AMD Phenom X2 Dual-Core GP-7730,884
AMD Phenom X3 8550,1151
AMD Phenom X4 Quad-Core GP-9500,1297
AMD Phenom X4 Quad-Core GP-9530,1228
AMD Phenom X4 Quad-Core GP-9600,1649
AMD Phenom X4 Quad-Core GP-9730,1784
AMD Phenom X4 Quad-Core GP-9830,1672
AMD Phenom X4 Quad-Core GP-9930,1656
AMD Phenom X4 Quad-Core GS-5560,710
AMD Phenom X4 Quad-Core GS-6560,1063
AMD PRO A10-8700B,2154
AMD PRO A10-8730B,2246
AMD PRO A10-8750B,3069
AMD PRO A10-8770,3570
AMD PRO A10-8770E,2997
AMD PRO A10-8850B,3752
AMD PRO A10-9700,3607
AMD PRO A10-9700B,2530
AMD PRO A10-9700E,3060
AMD PRO A12-8800B,2584
AMD PRO A12-8830B,2626
AMD PRO A12-8870,3812
AMD PRO A12-8870E,2983
AMD PRO A12-9800,3751
AMD PRO A12-9800B,2705
AMD PRO A12-9800E,3092
AMD PRO A4-3350B APU,1748
AMD PRO A4-4350B,1073
AMD PRO A4-8350B,1690
AMD PRO A6-7350B,1299
AMD PRO A6-8500B,1592
AMD PRO A6-8530B,1246
AMD PRO A6-8550B,1882
AMD PRO A6-8570,1912
AMD PRO A6-8570E,1571
"AMD PRO A6-8580 R5, 8 COMPUTE CORES 2C+6G",2105
AMD PRO A6-9500,1847
AMD PRO A6-9500B,1363
AMD PRO A6-9500E,1689
AMD PRO A8-8600B,2197
AMD PRO A8-8650B,3230
AMD PRO A8-8670E,3232
AMD PRO A8-9600,3308
AMD PRO A8-9600B,2204
AMD QC-4000,1155
AMD R-260H APU,954
AMD R-272F APU,1215
AMD R-460L APU,1538
AMD R-464L APU,1773
AMD RX-225FB,892
AMD RX-425BB,2637
AMD RX-427BB,2673
AMD Ryzen 3 1200,6265
AMD Ryzen 3 1300X,6923
AMD Ryzen 3 210,13583
AMD Ryzen 3 2200G,6720
AMD Ryzen 3 2200GE,5964
AMD Ryzen 3 2200U,3657
AMD Ryzen 3 2300U,5493
AMD Ryzen 3 2300X,7581
AMD Ryzen 3 30,9035
AMD Ryzen 3 3100,11524
AMD Ryzen 3 3100U with Radeon Vega Mobile Gfx,3348
AMD Ryzen 3 3200G,6983
AMD Ryzen 3 3200GE,7131
AMD Ryzen 3 3200U,3724
AMD Ryzen 3 3250C,3169
AMD Ryzen 3 3250U,3682
AMD Ryzen 3 3300U,5630
AMD Ryzen 3 3300X,12581
AMD Ryzen 3 3350U,5693
AMD Ryzen 3 3500U,5946
AMD Ryzen 3 4100,11046
AMD Ryzen 3 4300G,10054
AMD Ryzen 3 4300GE,11194
AMD Ryzen 3 4300U,7362
AMD Ryzen 3 5300G,13008
AMD Ryzen 3 5300GE,12810
AMD Ryzen 3 5300U,9309
AMD Ryzen 3 5400U,10928
AMD Ryzen 3 5425U,11361
AMD Ryzen 3 7320C,8193
AMD Ryzen 3 7320U,8505
AMD Ryzen 3 7330U,10326
AMD Ryzen 3 7335U,12434
AMD Ryzen 3 7440U,13100
AMD Ryzen 3 8300G,13990
AMD Ryzen 3 8300GE,13443
AMD Ryzen 3 8440U,11957
AMD Ryzen 3 PRO 1200,5257
AMD Ryzen 3 PRO 1300,7137
AMD Ryzen 3 PRO 210,12323
AMD Ryzen 3 PRO 2100GE,4066
AMD Ryzen 3 PRO 2200G,6612
AMD Ryzen 3 PRO 2200GE,6081
AMD Ryzen 3 PRO 2300U,5676
AMD Ryzen 3 PRO 3200G,6508
AMD Ryzen 3 PRO 3200GE,6753
AMD Ryzen 3 PRO 3300U,5775
AMD Ryzen 3 PRO 4200G,10831
AMD Ryzen 3 PRO 4200GE,10930
AMD Ryzen 3 PRO 4350G,10912
AMD Ryzen 3 PRO 4350GE,10935
AMD Ryzen 3 PRO 4355GE,10693
AMD Ryzen 3 PRO 4450U,9337
AMD Ryzen 3 PRO 5350G,13777
AMD Ryzen 3 PRO 5350GE,12615
AMD Ryzen 3 PRO 5355G,14033
AMD Ryzen 3 PRO 5355GE,12761
AMD Ryzen 3 PRO 5450U,10678
AMD Ryzen 3 PRO 5475U,11184
AMD Ryzen 3 PRO 7330U,12296
AMD Ryzen 3 PRO 7335U,12148
AMD Ryzen 3 PRO 8300G,13368
AMD Ryzen 3 PRO 8300GE,14448
AMD Ryzen 5 1400,7737
AMD Ryzen 5 150,18212
AMD Ryzen 5 1500X,9064
AMD Ryzen 5 1600,12253
AMD Ryzen 5 1600X,12992
AMD Ryzen 5 220,18583
AMD Ryzen 5 230,19624
AMD Ryzen 5 240,22491
AMD Ryzen 5 2400G,8725
AMD Ryzen 5 2400GE,7214
AMD Ryzen 5 2500U,6495
AMD Ryzen 5 2500X,9365
AMD Ryzen 5 2600,13132
AMD Ryzen 5 2600E,12346
AMD Ryzen 5 2600H,8002
AMD Ryzen 5 2600X,13868
AMD Ryzen 5 3350G,8911
AMD Ryzen 5 3350GE,9049
AMD Ryzen 5 3400G,9178
AMD Ryzen 5 3400GE,8722
AMD Ryzen 5 3450U,6530
AMD Ryzen 5 3500,12771
AMD Ryzen 5 3500C,5861
AMD Ryzen 5 3500U,6805
AMD Ryzen 5 3500X,13169
AMD Ryzen 5 3501U with Radeon Vega Mobile Gfx,7116
AMD Ryzen 5 3550H,7629
AMD Ryzen 5 3550U,7681
AMD Ryzen 5 3580U,7179
AMD Ryzen 5 3580U with Radeon Vega Mobile Gfx,8491
AMD Ryzen 5 3600,17666
AMD Ryzen 5 3600X,18123
AMD Ryzen 5 3600XT,18515
AMD Ryzen 5 40,9103
AMD Ryzen 5 4400G,17160
AMD Ryzen 5 4500,15969
AMD Ryzen 5 4500U,10650
AMD Ryzen 5 4600G,15946
AMD Ryzen 5 4600GE,15821
AMD Ryzen 5 4600H,14113
AMD Ryzen 5 4600HS,14251
AMD Ryzen 5 4600U,12921
AMD Ryzen 5 5500,19256
AMD Ryzen 5 5500GT,19002
AMD Ryzen 5 5500H,11329
AMD Ryzen 5 5500U,12650
AMD Ryzen 5 5500X3D,20302
AMD Ryzen 5 5560U,15206
AMD Ryzen 5 5600,21518
AMD Ryzen 5 5600F,19132
AMD Ryzen 5 5600G,19654
AMD Ryzen 5 5600GE,18017
AMD Ryzen 5 5600GT,20168
AMD Ryzen 5 5600H,16406
AMD Ryzen 5 5600T,21893
AMD Ryzen 5 5600U,14951
AMD Ryzen 5 5600X,21837
AMD Ryzen 5 5600X3D,21887
AMD Ryzen 5 5600XT,22283
AMD Ryzen 5 5625U,14500
AMD Ryzen 5 6600H,18222
AMD Ryzen 5 6600HS Creator Edition,17674
AMD Ryzen 5 6600U,16946
AMD Ryzen 5 7235HS,12329
AMD Ryzen 5 7400,20902
AMD Ryzen 5 7400F,25514
AMD Ryzen 5 7430U,15468
AMD Ryzen 5 7500F,26551
AMD Ryzen 5 7500X3D,25112
AMD Ryzen 5 7520C,8104
AMD Ryzen 5 7520U,8944
AMD Ryzen 5 7530U,15084
AMD Ryzen 5 7533HS,15248
AMD Ryzen 5 7535H,14065
AMD Ryzen 5 7535HS,17642
AMD Ryzen 5 7535U,16787
AMD Ryzen 5 7540U,18606
AMD Ryzen 5 7545U,20205
AMD Ryzen 5 7545U with Radeon 740M Graphics,19339
AMD Ryzen 5 7600,26976
AMD Ryzen 5 7600X,28293
AMD Ryzen 5 7600X3D,25839
AMD Ryzen 5 7640HS,22793
AMD Ryzen 5 7640S,19339
AMD Ryzen 5 7640U,20472
AMD Ryzen 5 7645HX,26224
AMD Ryzen 5 8400F,24420
AMD Ryzen 5 8500G,21417
AMD Ryzen 5 8500GE,21125
AMD Ryzen 5 8540U,18352
AMD Ryzen 5 8600G,25198
AMD Ryzen 5 8640HS,19894
AMD Ryzen 5 8640U,19961
AMD Ryzen 5 8645HS,22036
AMD Ryzen 5 9500F,28424
AMD Ryzen 5 9600,29286
AMD Ryzen 5 9600X,30087
AMD Ryzen 5 Microsoft Surface Edition,7243
AMD Ryzen 5 PRO 1500,8981
AMD Ryzen 5 PRO 1600,11875
AMD Ryzen 5 PRO 215,18054
AMD Ryzen 5 PRO 220,18471
AMD Ryzen 5 PRO 230,19036
AMD Ryzen 5 PRO 2400G,8537
AMD Ryzen 5 PRO 2400GE,7795
AMD Ryzen 5 PRO 2500U,6612
AMD Ryzen 5 PRO 2600,13315
AMD Ryzen 5 PRO 3350G,9097
AMD Ryzen 5 PRO 3350GE,9643
AMD Ryzen 5 PRO 3400G,9022
AMD Ryzen 5 PRO 3400GE,7716
AMD Ryzen 5 PRO 3500U,6916
AMD Ryzen 5 PRO 3600,17164
AMD Ryzen 5 PRO 4400G,16401
AMD Ryzen 5 PRO 4400GE,14795
AMD Ryzen 5 PRO 4500U,12117
AMD Ryzen 5 PRO 4650G,16004
AMD Ryzen 5 PRO 4650GE,15325
AMD Ryzen 5 PRO 4650U,12007
AMD Ryzen 5 PRO 4655G,16220
AMD Ryzen 5 PRO 4655GE,14102
AMD Ryzen 5 PRO 5645,21904
AMD Ryzen 5 PRO 5650G,20396
AMD Ryzen 5 PRO 5650GE,18075
AMD Ryzen 5 PRO 5650U,14031
AMD Ryzen 5 PRO 5655G,19198
AMD Ryzen 5 PRO 5655GE,18063
AMD Ryzen 5 PRO 5675U,13929
AMD Ryzen 5 PRO 6650H,18549
AMD Ryzen 5 PRO 6650U,16089
AMD Ryzen 5 PRO 7445,22819
AMD Ryzen 5 PRO 7530U,14132
AMD Ryzen 5 Pro 7535U,15756
AMD Ryzen 5 PRO 7540U,17470
AMD Ryzen 5 PRO 7545U,18744
AMD Ryzen 5 PRO 7640HS,21958
AMD Ryzen 5 PRO 7640U,21287
AMD Ryzen 5 PRO 7645,27564
AMD Ryzen 5 PRO 8500G,21906
AMD Ryzen 5 PRO 8500GE,21549
AMD Ryzen 5 PRO 8540U,18207
AMD Ryzen 5 PRO 8600G,25277
AMD Ryzen 5 PRO 8600GE,23710
AMD Ryzen 5 PRO 8640HS,21396
AMD Ryzen 5 PRO 8640U,22923
AMD Ryzen 5 PRO 8645HS,23569
AMD Ryzen 5 PRO 9645,31434
AMD Ryzen 7 170,21763
AMD Ryzen 7 1700,14755
AMD Ryzen 7 1700X,15607
AMD Ryzen 7 1800X,16274
AMD Ryzen 7 250,25298
AMD Ryzen 7 255,29041
AMD Ryzen 7 260,28182
AMD Ryzen 7 2700,15605
AMD Ryzen 7 2700E,14657
AMD Ryzen 7 2700U,6824
AMD Ryzen 7 2700X,17434
AMD Ryzen 7 2800H,8170
AMD Ryzen 7 3700C,6714
AMD Ryzen 7 3700U,7014
AMD Ryzen 7 3700X,22400
AMD Ryzen 7 3750H,7937
AMD Ryzen 7 3780U,7444
AMD Ryzen 7 3800X,22974
AMD Ryzen 7 3800XT,23426
AMD Ryzen 7 4700G,20071
AMD Ryzen 7 4700GE,19636
AMD Ryzen 7 4700U,13116
AMD Ryzen 7 4800H,17910
AMD Ryzen 7 4800HS,17921
AMD Ryzen 7 4800U,16385
AMD Ryzen 7 4850U Mobile,17110
AMD Ryzen 7 4980U Microsoft Surface Edition,17469
AMD Ryzen 7 5700,24244
AMD Ryzen 7 5700G,24266
AMD Ryzen 7 5700GE,21484
AMD Ryzen 7 5700U,15403
AMD Ryzen 7 5700X,26584
AMD Ryzen 7 5700X3D,26308
AMD Ryzen 7 5800,25719
AMD Ryzen 7 5800H,20560
AMD Ryzen 7 5800HS,19432
AMD Ryzen 7 5800HS Creator Edition,17636
AMD Ryzen 7 5800U,18027
AMD Ryzen 7 5800X,27679
AMD Ryzen 7 5800X3D,28302
AMD Ryzen 7 5800XT,28037
AMD Ryzen 7 5825C,14561
AMD Ryzen 7 5825U,17879
AMD Ryzen 7 6800H,22801
AMD Ryzen 7 6800HS,22464
AMD Ryzen 7 6800HS Creator Edition,21276
AMD Ryzen 7 6800U,20734
AMD Ryzen 7 6810U,22741
AMD Ryzen 7 7435H,22730
AMD Ryzen 7 7435HS,22764
AMD Ryzen 7 7445H,19643
AMD Ryzen 7 7445HS,18693
AMD Ryzen 7 7700,34361
AMD Ryzen 7 7700G,32432
AMD Ryzen 7 7700X,35532
AMD Ryzen 7 7730U,17303
AMD Ryzen 7 7735H,23154
AMD Ryzen 7 7735HS,22366
AMD Ryzen 7 7735U,20332
AMD Ryzen 7 7736U,21696
AMD Ryzen 7 7745HX,32344
AMD Ryzen 7 7800X3D,34281
AMD Ryzen 7 7840H,27189
AMD Ryzen 7 7840HS,28386
AMD Ryzen 7 7840HX,41365
AMD Ryzen 7 7840S,23290
AMD Ryzen 7 7840U,24386
AMD Ryzen 7 8700F,30991
AMD Ryzen 7 8700G,31550
AMD Ryzen 7 8745H,29185
AMD Ryzen 7 8745HS,28677
AMD Ryzen 7 8745HX,31525
AMD Ryzen 7 8840HS,24812
AMD Ryzen 7 8840HX,43117
AMD Ryzen 7 8840U,23369
AMD Ryzen 7 8845H,26682
AMD Ryzen 7 8845HS,28381
AMD Ryzen 7 9700F,37006
AMD Ryzen 7 9700X,37040
AMD Ryzen 7 9800X3D,39966
AMD Ryzen 7 9850X3D,41339
AMD Ryzen 7 Extreme Edition,16562
AMD Ryzen 7 H 250,24508
AMD Ryzen 7 H 255,28740
AMD Ryzen 7 H 260,28362
AMD Ryzen 7 PRO 1700,14707
AMD Ryzen 7 PRO 1700X,15522
AMD Ryzen 7 PRO 250,21482
AMD Ryzen 7 PRO 2700,15224
AMD Ryzen 7 PRO 2700U,6954
AMD Ryzen 7 PRO 2700X,16959
AMD Ryzen 7 PRO 3700,22722
AMD Ryzen 7 PRO 3700U,7196
AMD Ryzen 7 PRO 4700G,19715
AMD Ryzen 7 PRO 4750G,20220
AMD Ryzen 7 PRO 4750GE,18435
AMD Ryzen 7 PRO 4750U,14629
AMD Ryzen 7 PRO 5750G,23784
AMD Ryzen 7 PRO 5750GE,21014
AMD Ryzen 7 PRO 5755G,23858
AMD Ryzen 7 PRO 5755GE,20870
AMD Ryzen 7 PRO 5800H,19461
AMD Ryzen 7 PRO 5845,26054
AMD Ryzen 7 PRO 5850U,16645
AMD Ryzen 7 PRO 5875U,16672
AMD Ryzen 7 PRO 6850H,23332
AMD Ryzen 7 PRO 6850HS,22322
AMD Ryzen 7 PRO 6850U,20506
AMD Ryzen 7 PRO 6860Z,20084
AMD Ryzen 7 PRO 7730U,17947
AMD Ryzen 7 Pro 7735U,18489
AMD Ryzen 7 PRO 7745,34826
AMD Ryzen 7 PRO 7840HS,26803
AMD Ryzen 7 PRO 7840U,24391
AMD Ryzen 7 PRO 8700G,31142
AMD Ryzen 7 PRO 8700GE,28288
AMD Ryzen 7 PRO 8840H,27994
AMD Ryzen 7 PRO 8840HS,26654
AMD Ryzen 7 PRO 8840U,23992
AMD Ryzen 7 PRO 8845HS,28726
AMD Ryzen 7 PRO 9745,37082
AMD Ryzen 7 PRO 9755,38100
AMD Ryzen 9 270,29129
AMD Ryzen 9 3900,30587
AMD Ryzen 9 3900X,32490
AMD Ryzen 9 3900XT,32482
AMD Ryzen 9 3950X,38435
AMD Ryzen 9 4900H,18821
AMD Ryzen 9 4900HS,18754
AMD Ryzen 9 4950U Mobile,16290
AMD Ryzen 9 5900,33972
AMD Ryzen 9 5900H,14172
AMD Ryzen 9 5900HS,21090
AMD Ryzen 9 5900HS Creator Edition,18169
AMD Ryzen 9 5900HX,22056
AMD Ryzen 9 5900X,38911
AMD Ryzen 9 5900XT,43872
AMD Ryzen 9 5950X,45292
AMD Ryzen 9 5980HS,20257
AMD Ryzen 9 5980HX,23132
AMD Ryzen 9 6900HS,22889
AMD Ryzen 9 6900HS Creator Edition,20853
AMD Ryzen 9 6900HX,24115
AMD Ryzen 9 6980HX,26817
AMD Ryzen 9 7845HX,44661
AMD Ryzen 9 7900,48044
AMD Ryzen 9 7900X,51262
AMD Ryzen 9 7900X3D,50213
AMD Ryzen 9 7940H,28449
AMD Ryzen 9 7940HS,29848
AMD Ryzen 9 7940HX,53325
AMD Ryzen 9 7945HX,54080
AMD Ryzen 9 7945HX3D,57735
AMD Ryzen 9 7950X,62180
AMD Ryzen 9 7950X3D,62321
AMD Ryzen 9 8940HX,50238
AMD Ryzen 9 8945H,29979
AMD Ryzen 9 8945HS,29367
AMD Ryzen 9 8945HX,51518
AMD Ryzen 9 9850HX,51722
AMD Ryzen 9 9900X,54411
AMD Ryzen 9 9900X3D,56196
AMD Ryzen 9 9950X,65762
AMD Ryzen 9 9950X3D,70158
AMD Ryzen 9 9950X3D2,72484
AMD Ryzen 9 9955HX,56076
AMD Ryzen 9 9955HX3D,62710
AMD Ryzen 9 PRO 3900,31232
AMD Ryzen 9 PRO 5945,34549
AMD Ryzen 9 PRO 6950H,23832
AMD Ryzen 9 PRO 6950HS,22631
AMD Ryzen 9 PRO 7940HS,27096
AMD Ryzen 9 PRO 7945,47065
AMD Ryzen 9 PRO 8945HS,30470
AMD Ryzen 9 PRO 9945,48634
AMD Ryzen 9 PRO 9965X3D,64196
AMD Ryzen AI 5 330,12977
AMD Ryzen AI 5 330 with Radeon 890M,13880
AMD Ryzen AI 5 340,19603
AMD Ryzen AI 5 430,13378
AMD Ryzen AI 5 435,18361
AMD Ryzen AI 5 PRO 340,19196
AMD Ryzen AI 5 PRO 435,20323
AMD Ryzen AI 7 350,24927
AMD Ryzen AI 7 445,19065
AMD Ryzen AI 7 450,26262
AMD Ryzen AI 7 H 350,26253
AMD Ryzen AI 7 PRO 350,24108
AMD Ryzen AI 7 PRO 360,22100
AMD Ryzen AI 7 PRO 450,26176
AMD Ryzen AI 9 365,30369
AMD Ryzen AI 9 465,29220
AMD Ryzen AI 9 H 365,30514
AMD Ryzen AI 9 H 465,32465
AMD Ryzen AI 9 HX 370,35059
AMD Ryzen AI 9 HX 375,35361
AMD Ryzen AI 9 HX 470,37502
AMD Ryzen AI 9 HX PRO 370,33250
AMD Ryzen AI 9 HX PRO 375,33530
AMD Ryzen AI 9 HX PRO 470,34863
AMD Ryzen AI Max 385,33476
AMD Ryzen AI Max 390,41552
AMD Ryzen AI Max Pro 380,24431
AMD Ryzen AI Max Pro 385,32026
AMD Ryzen AI Max Pro 390,42757
AMD RYZEN AI MAX+ 388,32709
AMD RYZEN AI MAX+ 392,44617
AMD Ryzen AI Max+ 395,55050
AMD Ryzen AI Max+ Pro 395,51643
AMD Ryzen AI Z2 Extreme,22303
AMD Ryzen Embedded R1102G,908
AMD Ryzen Embedded R1305G,3095
AMD Ryzen Embedded R1505G,3804
AMD Ryzen Embedded R1600,3264
AMD Ryzen Embedded R1606G,4107
AMD Ryzen Embedded R2312,3488
AMD Ryzen Embedded R2314,5749
AMD Ryzen Embedded R2514,6688
AMD Ryzen Embedded R2544,8210
AMD Ryzen Embedded V1202B,3617
AMD Ryzen Embedded V1404I,6007
AMD Ryzen Embedded V1500B,4513
AMD Ryzen Embedded V1605B,6740
AMD Ryzen Embedded V1756B,8026
AMD Ryzen Embedded V1780B,7800
AMD Ryzen Embedded V1807B,8259
AMD Ryzen Embedded V1807F,7775
AMD Ryzen Embedded V2516,13129
AMD Ryzen Embedded V2546,12284
AMD Ryzen Embedded V2718,15432
AMD Ryzen Embedded V2748,17471
AMD Ryzen Embedded V2A46,4999
AMD Ryzen Embedded V3C14,11812
AMD Ryzen Embedded V3C18I,13856
AMD Ryzen Embedded V3C48,20203
AMD Ryzen Threadripper 1900X,16834
AMD Ryzen Threadripper 1920,22066
AMD Ryzen Threadripper 1920X,23062
AMD Ryzen Threadripper 1950X,27766
AMD Ryzen Threadripper 2920X,25213
AMD Ryzen Threadripper 2950X,29458
AMD Ryzen Threadripper 2970WX,31011
AMD Ryzen Threadripper 2990WX,32058
AMD Ryzen Threadripper 2990X,25874
AMD Ryzen Threadripper 3960X,54784
AMD Ryzen Threadripper 3970X,62891
AMD Ryzen Threadripper 3990X,79684
AMD Ryzen Threadripper 7960X,83410
AMD Ryzen Threadripper 7970X,99265
AMD Ryzen Threadripper 7980X,135642
AMD Ryzen Threadripper 9960X 24-Cores,92579
AMD Ryzen Threadripper 9970X,107215
AMD Ryzen Threadripper 9980X,143003
AMD Ryzen Threadripper PRO 3945WX,33414
AMD Ryzen Threadripper PRO 3955WX,39874
AMD Ryzen Threadripper PRO 3975WX,62226
AMD Ryzen Threadripper PRO 3995WX,82482
AMD Ryzen Threadripper PRO 5945WX,40161
AMD Ryzen Threadripper PRO 5955WX,48822
AMD Ryzen Threadripper PRO 5965WX,65886
AMD Ryzen Threadripper PRO 5975WX,74874
AMD Ryzen Threadripper PRO 5995WX,94448
AMD Ryzen Threadripper PRO 7945WX,49673
AMD Ryzen Threadripper PRO 7955WX,60056
AMD Ryzen Threadripper PRO 7965WX,82173
AMD Ryzen Threadripper PRO 7975WX,95489
AMD Ryzen Threadripper PRO 7985WX,131837
AMD Ryzen Threadripper PRO 7995WX,140967
AMD Ryzen Threadripper PRO 9945WX,55939
AMD Ryzen Threadripper PRO 9955WX,67107
AMD Ryzen Threadripper PRO 9965WX,92687
AMD Ryzen Threadripper PRO 9975WX,105068
AMD Ryzen Threadripper PRO 9985WX,151377
AMD Ryzen Threadripper PRO 9995WX,173025
AMD Ryzen Z1,18370
AMD Ryzen Z1 Extreme,24639
AMD Ryzen Z2,25744
AMD Ryzen Z2 A,9948
AMD Ryzen Z2 Extreme,23649
AMD Ryzen Z2 Go,11293
AMD Sempron 130,511
AMD Sempron 140,514
AMD Sempron 145,546
AMD Sempron 150,597
AMD Sempron 200U,149
AMD Sempron 2100+,255
AMD Sempron 210U,267
AMD Sempron 2200+,184
AMD Sempron 2300+,207
AMD Sempron 240,1278
AMD Sempron 2400+,205
AMD Sempron 2500+,207
AMD Sempron 2600+,253
AMD Sempron 2650 APU,534
AMD Sempron 2800+,243
AMD Sempron 3000+,299
AMD Sempron 3100+,298
AMD Sempron 3200+,251
AMD Sempron 3300+,315
AMD Sempron 3400+,292
AMD Sempron 3500+,232
AMD Sempron 3600+,337
AMD Sempron 3800+,360
AMD Sempron 3850 APU,1189
AMD Sempron Dual Core 2100,506
AMD Sempron Dual Core 2200,563
AMD Sempron Dual Core 2300,555
AMD Sempron Dual Core 4700,536
AMD Sempron Dual Core 4900,611
AMD Sempron LE-1100,315
AMD Sempron LE-1150,251
AMD Sempron LE-1200,349
AMD Sempron LE-1250,337
AMD Sempron LE-1300,417
AMD Sempron LE-1600,348
AMD Sempron LE-1620,413
AMD Sempron LE-1640,493
AMD Sempron LE-250,319
AMD Sempron M100,332
AMD Sempron M120,281
AMD Sempron SI-40,288
AMD Sempron SI-42,245
AMD Sempron X2 180,826
AMD Sempron X2 190,879
AMD Sempron X2 198 Dual-Core,930
AMD Turion 64 Mobile MK-36,334
AMD Turion 64 Mobile MK-38,362
AMD Turion 64 Mobile ML-28,254
AMD Turion 64 Mobile ML-30,277
AMD Turion 64 Mobile ML-32,285
AMD Turion 64 Mobile ML-34,319
AMD Turion 64 Mobile ML-37,334
AMD Turion 64 Mobile ML-40,336
AMD Turion 64 Mobile ML-42,400
AMD Turion 64 Mobile ML-44,384
AMD Turion 64 Mobile MT-28,273
AMD Turion 64 Mobile MT-30,246
AMD Turion 64 Mobile MT-32,286
AMD Turion 64 Mobile MT-34,279
AMD Turion 64 Mobile MT-37,274
AMD Turion 64 Mobile MT-40,349
AMD Turion 64 X2 Mobile TL-50,486
AMD Turion 64 X2 Mobile TL-52,536
AMD Turion 64 X2 Mobile TL-56,480
AMD Turion 64 X2 Mobile TL-58,485
AMD Turion 64 X2 Mobile TL-60,645
AMD Turion 64 X2 Mobile TL-62,668
AMD Turion 64 X2 Mobile TL-64,716
AMD Turion 64 X2 Mobile TL-66,716
AMD Turion 64 X2 Mobile TL-68,866
AMD Turion Dual-Core RM-70,561
AMD Turion Dual-Core RM-72,649
AMD Turion Dual-Core RM-74,588
AMD Turion Dual-Core RM-75,659
AMD Turion II Dual-Core Mobile M500,751
AMD Turion II Dual-Core Mobile M520,855
AMD Turion II Dual-Core Mobile M540,912
AMD Turion II N530 Dual-Core,855
AMD Turion II N550 Dual-Core,877
AMD Turion II Neo K625 Dual-Core,618
AMD Turion II Neo K685 Dual-Core,684
AMD Turion II Neo N40L Dual-Core,634
AMD Turion II Neo N54L Dual-Core,869
AMD Turion II P520 Dual-Core,870
AMD Turion II P540 Dual-Core,922
AMD Turion II P560 Dual-Core,970
AMD Turion II Ultra Dual-Core Mobile M600,955
AMD Turion II Ultra Dual-Core Mobile M620,814
AMD Turion II Ultra Dual-Core Mobile M640,1034
AMD Turion II Ultra Dual-Core Mobile M660,1011
AMD Turion Neo X2 Dual Core L625,468
AMD Turion X2 Dual Core L510,603
AMD Turion X2 Dual Core Mobile RM-70,497
AMD Turion X2 Dual Core Mobile RM-76,691
AMD Turion X2 Dual-Core Mobile RM-70,612
AMD Turion X2 Dual-Core Mobile RM-72,656
AMD Turion X2 Dual-Core Mobile RM-74,652
AMD Turion X2 Dual-Core Mobile RM-75,733
AMD Turion X2 Dual-Core Mobile RM-76,799
AMD Turion X2 Dual-Core Mobile RM-77,562
AMD Turion X2 Ultra Dual-Core Mobile ZM-80,506
AMD Turion X2 Ultra Dual-Core Mobile ZM-82,645
AMD Turion X2 Ultra Dual-Core Mobile ZM-84,802
AMD Turion X2 Ultra Dual-Core Mobile ZM-85,828
AMD Turion X2 Ultra Dual-Core Mobile ZM-86,695
AMD Turion X2 Ultra Dual-Core Mobile ZM-87,783
AMD TurionX2 Dual Core Mobile RM-70,536
AMD TurionX2 Dual Core Mobile RM-72,471
AMD TurionX2 Ultra DualCore Mobile ZM-85,841
AMD TurionX2 Ultra DualCore Mobile ZM-87,599
AMD V105,184
AMD V120,390
AMD V140,422
AMD V160,360
AMD Z-01,305
AMD Z-60 APU,262
AMD-K6 3D,59
AMD-K6-III,70
AMD-K7,262
Amlogic,661
Amlogic AMLA311D2,3522
Amlogic AMLS905D3,815
Amlogic AMLS905X2,754
Amlogic AMLS905X4,500
Amlogic AMLS905X5,1681
Amlogic AMLS905X5M,1221
Amlogic AMLT982,972
Ampere Altra Max,72121
Ampere ARM - 192 Core 3200 MHz,57444
Android virtual,6500
AOSP ranchu,2270
ap201,565
Apple A11 Bionic,4443
Apple A12 Bionic,5054
Apple A12X Bionic,11047
Apple A12Z Bionic,9365
Apple A13 Bionic,5792
Apple A14 Bionic,8548
Apple A15 Bionic,9878
Apple A16,9834
Apple A16 Bionic,10893
Apple A17 Pro,12182
Apple A18,12388
Apple A18 Pro,12837
Apple A18 Pro (MacBook Neo),11809
Apple A19,14448
Apple A19 Pro,14811
Apple A8,1533
Apple A8X,2387
Apple A9,2076
Apple A9X,2508
Apple M1 8 Core 3200 MHz,14128
Apple M1 Max 10 Core 3200 MHz,22159
Apple M1 Pro 10 Core 3200 MHz,21931
Apple M1 Pro 8 Core 3200 MHz,17184
Apple M1 Ultra 20 Core,41380
Apple M2 8 Core 3500 MHz,15653
Apple M2 Max 12 Core 3680 MHz,26865
Apple M2 Pro 10 Core 3480 MHz,21976
Apple M2 Pro 12 Core 3480 MHz,26689
Apple M2 Ultra 24 Core,50892
Apple M3 8 Core,19080
Apple M3 Max 14 Core,36207
Apple M3 Max 16 Core,41257
Apple M3 Pro 11 Core,24812
Apple M3 Pro 12 Core,23993
Apple M3 Ultra 28 Core,69044
Apple M3 Ultra 32 Core,72912
Apple M4 10 Core,23646
Apple M4 8 Core,20818
Apple M4 9 Core,22183
Apple M4 Max 14 Core,38417
Apple M4 Max 16 Core,43970
Apple M4 Pro 12 Core,32708
Apple M4 Pro 14 Core,38019
Apple M5 10 Core,27058
Apple M5 Max 18 Core,57534
Apple M5 Pro 15 Core,49337
Apple M5 Pro 18 Core,57147
ARM - 1 Core 0 MHz,1895
ARM - 10 Core 0 MHz,10088
ARM - 10 Core 2000 MHz,9787
ARM - 12 Core 0 MHz,14163
ARM - 12 Core 2000 MHz,16944
ARM - 12 Core 2601 MHz,7508
ARM - 14 Core 2601 MHz,8050
ARM - 16 Core 0 MHz,19753
ARM - 2 Core 0 MHz,2368
ARM - 20 Core 0 MHz,22504
ARM - 32 Core 2911 MHz,8132
ARM - 32 Core 3000 MHz,8376
ARM - 32 Core 3300 MHz,8684
ARM - 4 Core 0 MHz,5208
ARM - 4 Core 1800 MHz,3185
ARM - 4 Core 1804 MHz,3336
ARM - 4 Core 2016 MHz,3653
ARM - 5 Core 2808 MHz,25147
ARM - 6 Core 0 MHz,9128
ARM - 6 Core 1800 MHz,2039
ARM - 8 Core 0 MHz,7469
ARM - 8 Core 1766 MHz,4080
ARM - 8 Core 1800 MHz,3178
ARM - 8 Core 2208 MHz,2270
ARM - 8 Core 2424 MHz,8610
ARM - 8 Core 3628 MHz,1738
ARM Ampere-1 4 Core 0 MHz,3034
ARM Ampere-1a 192 Core 2600 MHz,47202
ARM Apple M1 (Virtual) 4 Core 0 MHz,10123
ARM Apple M1 Max (Virtual) 10 Core 0 MHz,21197
ARM ARMv7 rev 0 (v7l) 4 Core 0 MHz,335
ARM ARMv7 rev 1 (v7l) 4 Core 1608 MHz,776
ARM ARMv7 rev 1 (v7l) 4 Core 1800 MHz,913
ARM ARMv7 rev 3 (v7l) 4 Core 2065 MHz,984
ARM ARMv7 rev 3 (v7l) 4 Core 2116 MHz,1115
ARM ARMv7 rev 4 (v7l) 2 Core 960 MHz,119
ARM ARMv7 rev 4 (v7l) 4 Core 1200 MHz,398
ARM ARMv7 rev 4 (v7l) 4 Core 1400 MHz,444
ARM ARMv7 rev 5 (v7l) 2 Core 0 MHz,113
ARM ARMv7 rev 5 (v7l) 4 Core 1200 MHz,325
ARM ARMv8 6 Core 0 MHz,4262
ARM ARMv8 8 Core 2500 MHz,4102
ARM ARMv8 rev 1 (v8l) 4 Core 1510 MHz,1042
ARM ARMv8 rev 1 (v8l) 4 Core 1984 MHz,1473
ARM ARMv8 rev 1 (v8l) 6 Core 1510 MHz,2553
ARM ARMv8 rev 1 (v8l) 6 Core 1971 MHz,2876
ARM ARMv8 rev 1 (v8l) 6 Core 1984 MHz,2776
ARM Avalanche-M2 4 Core 2424 MHz,8012
ARM CIX P1 CD8180 7 Core 2500 MHz,5505
ARM Cortex-A15 4 Core 1400 MHz,1185
ARM Cortex-A15 4 Core 1500 MHz,1304
ARM Cortex-A15 4 Core 2000 MHz,923
ARM Cortex-A15 8 Core 1400 MHz,1160
ARM Cortex-A17 3 Core 0 MHz,503
ARM Cortex-A17 4 Core 1800 MHz,781
ARM Cortex-A35 4 Core 0 MHz,413
ARM Cortex-A35 4 Core 1200 MHz,327
ARM Cortex-A35 4 Core 1296 MHz,323
ARM Cortex-A35 4 Core 1512 MHz,336
ARM Cortex-A35 4 Core 2004 MHz,546
ARM Cortex-A53 1 Core 0 MHz,65
ARM Cortex-A53 2 Core 0 MHz,139
ARM Cortex-A53 4 Core 0 MHz,355
ARM Cortex-A53 4 Core 1000 MHz,215
ARM Cortex-A53 4 Core 1008 MHz,313
ARM Cortex-A53 4 Core 1152 MHz,340
ARM Cortex-A53 4 Core 1199 MHz,408
ARM Cortex-A53 4 Core 1200 MHz,266
ARM Cortex-A53 4 Core 1296 MHz,416
ARM Cortex-A53 4 Core 1300 MHz,261
ARM Cortex-A53 4 Core 1333 MHz,207
ARM Cortex-A53 4 Core 1368 MHz,391
ARM Cortex-A53 4 Core 1392 MHz,417
ARM Cortex-A53 4 Core 1400 MHz,260
ARM Cortex-A53 4 Core 1416 MHz,466
ARM Cortex-A53 4 Core 1500 MHz,363
ARM Cortex-A53 4 Core 1512 MHz,470
ARM Cortex-A53 4 Core 1536 MHz,224
ARM Cortex-A53 4 Core 1600 MHz,478
ARM Cortex-A53 4 Core 1608 MHz,462
ARM Cortex-A53 4 Core 1704 MHz,556
ARM Cortex-A53 4 Core 1800 MHz,510
ARM Cortex-A53 4 Core 1908 MHz,638
ARM Cortex-A53 4 Core 1968 MHz,571
ARM Cortex-A53 4 Core 2016 MHz,462
ARM Cortex-A53 4 Core 2040 MHz,593
ARM Cortex-A53 4 Core 600 MHz,220
ARM Cortex-A53 6 Core 1896 MHz,1851
ARM Cortex-A53 8 Core 1512 MHz,741
ARM Cortex-A55 2 Core 0 MHz,330
ARM Cortex-A55 4 Core 0 MHz,415
ARM Cortex-A55 4 Core 1416 MHz,505
ARM Cortex-A55 4 Core 1800 MHz,630
ARM Cortex-A55 4 Core 1908 MHz,698
ARM Cortex-A55 4 Core 1992 MHz,673
ARM Cortex-A55 4 Core 2000 MHz,711
ARM Cortex-A55 4 Core 2016 MHz,755
ARM Cortex-A55 4 Core 2100 MHz,695
ARM Cortex-A55 4 Core 2124 MHz,742
ARM Cortex-A55 4 Core 2208 MHz,798
ARM Cortex-A55 4 Core 2508 MHz,958
ARM Cortex-A55 6 Core 1800 MHz,987
ARM Cortex-A55 8 Core 1416 MHz,1122
ARM Cortex-A55 8 Core 1500 MHz,536
ARM Cortex-A55 8 Core 1800 MHz,3165
ARM Cortex-A57 2 Core 1479 MHz,318
ARM Cortex-A57 4 Core 0 MHz,888
ARM Cortex-A57 4 Core 1479 MHz,956
ARM Cortex-A57 4 Core 1734 MHz,1170
ARM Cortex-A57 4 Core 1912 MHz,990
ARM Cortex-A57 4 Core 2014 MHz,1229
ARM Cortex-A57 4 Core 2035 MHz,1364
ARM Cortex-A57 4 Core 2091 MHz,1148
ARM Cortex-A57 4 Core 2295 MHz,1080
ARM Cortex-A57 8 Core 1500 MHz,1022
ARM Cortex-A57 8 Core 1766 MHz,3766
ARM Cortex-A7 2 Core 1000 MHz,157
ARM Cortex-A7 2 Core 1080 MHz,142
ARM Cortex-A7 2 Core 960 MHz,111
ARM Cortex-A7 2 Core 996 MHz,137
ARM Cortex-A7 4 Core 1000 MHz,278
ARM Cortex-A7 4 Core 1008 MHz,269
ARM Cortex-A7 4 Core 1200 MHz,229
ARM Cortex-A7 4 Core 1296 MHz,253
ARM Cortex-A7 4 Core 1300 MHz,343
ARM Cortex-A7 4 Core 1368 MHz,354
ARM Cortex-A7 4 Core 1392 MHz,318
ARM Cortex-A7 4 Core 900 MHz,232
ARM Cortex-A715 4 Core 2200 MHz,3432
ARM Cortex-A72 1 Core 0 MHz,400
ARM Cortex-A72 16 Core 0 MHz,5192
ARM Cortex-A72 16 Core 2000 MHz,5110
ARM Cortex-A72 16 Core 2200 MHz,5470
ARM Cortex-A72 2 Core 0 MHz,693
ARM Cortex-A72 2 Core 1199 MHz,509
ARM Cortex-A72 2 Core 1703 MHz,842
ARM Cortex-A72 4 Core 0 MHz,2088
ARM Cortex-A72 4 Core 1000 MHz,608
ARM Cortex-A72 4 Core 1200 MHz,174
ARM Cortex-A72 4 Core 1416 MHz,927
ARM Cortex-A72 4 Core 1500 MHz,617
ARM Cortex-A72 4 Core 1600 MHz,667
ARM Cortex-A72 4 Core 1700 MHz,541
ARM Cortex-A72 4 Core 1750 MHz,335
ARM Cortex-A72 4 Core 1800 MHz,671
ARM Cortex-A72 4 Core 1850 MHz,199
ARM Cortex-A72 4 Core 1900 MHz,742
ARM Cortex-A72 4 Core 2000 MHz,760
ARM Cortex-A72 4 Core 2016 MHz,2204
ARM Cortex-A72 4 Core 2100 MHz,677
ARM Cortex-A72 4 Core 2200 MHz,793
ARM Cortex-A72 4 Core 2208 MHz,2290
ARM Cortex-A72 4 Core 2300 MHz,873
ARM Cortex-A72 4 Core 2394 MHz,1254
ARM Cortex-A72 4 Core 2400 MHz,1158
ARM Cortex-A72 4 Core 2800 MHz,314
ARM Cortex-A72 4 Core 800 MHz,279
ARM Cortex-A72 6 Core 1008 MHz,734
ARM Cortex-A72 6 Core 1416 MHz,1071
ARM Cortex-A72 6 Core 1512 MHz,1183
ARM Cortex-A72 8 Core 0 MHz,3077
ARM Cortex-A72 8 Core 2016 MHz,2208
ARM Cortex-A720 12 Core 2600 MHz,6832
ARM Cortex-A720 6 Core 2600 MHz,7224
ARM Cortex-A720 8 Core 2600 MHz,6141
ARM Cortex-A725 10 Core 2808 MHz,24860
ARM Cortex-A73 4 Core 0 MHz,908
ARM Cortex-A73 4 Core 1800 MHz,891
ARM Cortex-A73 4 Core 1844 MHz,1368
ARM Cortex-A73 4 Core 1900 MHz,1547
ARM Cortex-A73 4 Core 1989 MHz,1783
ARM Cortex-A73 4 Core 2100 MHz,1185
ARM Cortex-A73 4 Core 2208 MHz,1218
ARM Cortex-A73 6 Core 1896 MHz,1242
ARM Cortex-A73 6 Core 1992 MHz,1311
ARM Cortex-A73 6 Core 2016 MHz,1445
ARM Cortex-A73 8 Core 1989 MHz,1803
ARM Cortex-A76 2 Core 0 MHz,1949
ARM Cortex-A76 4 Core 1500 MHz,1488
ARM Cortex-A76 4 Core 1608 MHz,2677
ARM Cortex-A76 4 Core 1800 MHz,3119
ARM Cortex-A76 4 Core 2000 MHz,1513
ARM Cortex-A76 4 Core 2400 MHz,2177
ARM Cortex-A76 4 Core 2500 MHz,2342
ARM Cortex-A76 4 Core 2600 MHz,2327
ARM Cortex-A76 4 Core 2700 MHz,2383
ARM Cortex-A76 4 Core 2800 MHz,2481
ARM Cortex-A76 4 Core 2900 MHz,2631
ARM Cortex-A76 4 Core 3000 MHz,2624
ARM Cortex-A76 4 Core 3100 MHz,2734
ARM Cortex-A76 4 Core 3200 MHz,2579
ARM Cortex-A76 4 Core 3300 MHz,2493
ARM Cortex-A76 4 Core 3400 MHz,2580
ARM Cortex-A76 6 Core 2000 MHz,1951
ARM Cortex-A76 8 Core 0 MHz,1917
ARM Cortex-A76 8 Core 1800 MHz,3064
ARM Cortex-A78 4 Core 1804 MHz,3438
ARM Cortex-A78 4 Core 1958 MHz,3386
ARM Cortex-A78 4 Core 2000 MHz,3016
ARM Cortex-A78 8 Core,2845
ARM Cortex-A78AE 10 Core 2112 MHz,5520
ARM Cortex-A78AE 12 Core 2201 MHz,6895
ARM Cortex-A78AE 16 Core 0 MHz,9072
ARM Cortex-A78AE 6 Core 1510 MHz,2418
ARM Cortex-A78AE 6 Core 1728 MHz,2778
ARM Cortex-A78AE 8 Core 1984 MHz,3764
ARM Cortex-A78AE 8 Core 2201 MHz,3788
ARM Cortex-X1 4 Core 0 MHz,2326
ARM Cortex-X1 4 Core 1803 MHz,2348
ARM Cortex-X1C 4 Core 2438 MHz,6007
ARM D2000-8 8 Core 2300 MHz,2674
ARM exynos-m3 4 Core 1794 MHz,2511
ARM Falkor V1-Kryo 4 Core 1612 MHz,1325
ARM Falkor V1-Kryo 8 Core 1900 MHz,1652
ARM Falkor-V1-Kryo 4 Core 1900 MHz,1656
ARM Firestorm 4 Core 2064 MHz,7804
ARM Firestorm 8 Core 2064 MHz,6775
ARM Firestorm-M1 4 Core 2064 MHz,7747
ARM Firestorm-M1-Pro 8 Core 2064 MHz,9872
ARM FT-2000+-64 64 Core 0 MHz,9605
ARM FT-2000-4 4 Core 2200 MHz,881
ARM FTC662 64 Core 0 MHz,8008
ARM FTC663 8 Core 0 MHz,2408
"ARM HUAWEI,Kunpeng 920 24 Core 2600 MHz",9496
ARM Krait 4 Core 0 MHz,393
ARM Kryo V2 4 Core 2016 MHz,651
ARM Kryo-3XX-Gold 4 Core 1766 MHz,2222
ARM Kryo-3XX-Gold 8 Core 1766 MHz,2372
ARM Kryo-4XX-Gold 1 Core 0 MHz,769
ARM Kryo-4XX-Gold 8 Core 0 MHz,3864
ARM Kryo-4XX-Gold 8 Core 1804 MHz,2531
ARM Kryo-4XX-Silver 4 Core 1766 MHz,3696
ARM Kryo-4XX-Silver 4 Core 1785 MHz,3113
ARM Kryo-4XX-Silver 4 Core 1804 MHz,3172
ARM Kunpeng-920 16 Core 0 MHz,7202
ARM Kunpeng-920 24 Core 0 MHz,8870
ARM Kunpeng-920 24 Core 2600 MHz,9841
ARM Kunpeng-920 8 Core 0 MHz,3989
ARM Kunpeng-920 8 Core 2600 MHz,3910
ARM Neoverse-N1 1 Core 0 MHz,724
ARM Neoverse-N1 10 Core 0 MHz,7390
ARM Neoverse-N1 12 Core 0 MHz,8063
ARM Neoverse-N1 128 Core 2600 MHz,35265
ARM Neoverse-N1 128 Core 2800 MHz,43111
ARM Neoverse-N1 128 Core 3000 MHz,39780
ARM Neoverse-N1 16 Core 0 MHz,11408
ARM Neoverse-N1 2 Core 0 MHz,1516
ARM Neoverse-N1 3 Core 0 MHz,2385
ARM Neoverse-N1 32 Core 0 MHz,17384
ARM Neoverse-N1 32 Core 1700 MHz,11841
ARM Neoverse-N1 4 Core 0 MHz,3119
ARM Neoverse-N1 48 Core 0 MHz,27266
ARM Neoverse-N1 5 Core 0 MHz,3981
ARM Neoverse-N1 6 Core 0 MHz,4575
ARM Neoverse-N1 60 Core 0 MHz,30828
ARM Neoverse-N1 64 Core 0 MHz,28040
ARM Neoverse-N1 64 Core 2200 MHz,20592
ARM Neoverse-N1 64 Core 3000 MHz,24838
ARM Neoverse-N1 8 Core 0 MHz,5976
ARM Neoverse-N1 80 Core 0 MHz,34878
ARM Neoverse-N1 80 Core 2600 MHz,18823
ARM Neoverse-N1 80 Core 2800 MHz,11755
ARM Neoverse-N1 80 Core 3000 MHz,34788
ARM Neoverse-N1 96 Core 2800 MHz,29890
ARM Neoverse-N2 16 Core 0 MHz,14636
ARM Neoverse-N2 2 Core 0 MHz,1987
ARM Neoverse-N2 4 Core 0 MHz,4002
ARM Neoverse-N2 8 Core 2500 MHz,5544
ARM Neoverse-N3 8 Core 0 MHz,8966
ARM Neoverse-V1 1 Core 0 MHz,785
ARM Neoverse-V1 16 Core 0 MHz,11519
ARM Neoverse-V1 2 Core 0 MHz,1567
ARM Neoverse-V1 4 Core 0 MHz,3084
ARM Neoverse-V2 1 Core 0 MHz,944
ARM Neoverse-V2 2 Core 0 MHz,1995
ARM Neoverse-V2 4 Core 0 MHz,3940
ARM Neoverse-V2 72 Core 3411 MHz,56337
ARM Neoverse-V2 72 Core 3447 MHz,57299
ARM Neoverse-V2 72 Core 3465 MHz,57369
ARM Neoverse-V2 72 Core 3519 MHz,57240
ARM Neoverse-V2 96 Core 0 MHz,56557
ARM Oryon 12 Core 3417 MHz,13835
ARM Oryon 8 Core 0 MHz,4955
ARM Phytium D3000 8 Core 2500 MHz,5528
ARM phytium FT1500a 4 Core 2000 MHz,1579
ARM Phytium FTC303 2 Core 1800 MHz,786
"ARM Phytium,D2000-8 8 Core 2000 MHz",2409
"ARM Phytium,D2000-8 8 Core 2300 MHz",2690
"ARM Phytium,D2000-8 E8C 8 Core 2300 MHz",2537
"ARM Phytium,FT-2000-4 4 Core 0 MHz",1658
"ARM Phytium,FT-2000-4 8 Core 2300 MHz",2720
"ARM Phytium,FT-D3000 8 Core 2500 MHz",5601
ARM Phytium-D3000M 8-C 8 Core 1800 MHz,4541
ARM X-Gene 32 Core 3000 MHz,8202
ARM X-Gene 32 Core 3300 MHz,8684
ARM X-Gene 8 Core 0 MHz,1091
ASUS Tinker Board 2-2S,1771
Athlon 64 Dual Core 3800+,736
Athlon 64 Dual Core 4200+,654
Athlon 64 Dual Core 4800+,775
Athlon 64 Dual Core 5000+,850
Athlon 64 Dual Core 5400+,913
Athlon 64 Dual Core 5600+,875
Athlon Dual Core 4050e,670
Athlon Dual Core 4450e,681
Athlon Dual Core 4850e,769
ayn CQ8725S,17968
BCM2711,852
BCM2712,3284
BCM2835,1239
Broadcom BCM2712,4389
Broadcom STB (Flattened Device Tree),659
C-QuadCore C4600@2.0GHz,1412
Celeron Dual-Core Q8300 @ 2.50GHz,1670
Celeron Dual-Core T3000 @ 1.80GHz,658
Celeron Dual-Core T3100 @ 1.90GHz,625
Celeron Dual-Core T3300 @ 2.00GHz,633
Celeron Dual-Core T3500 @ 2.10GHz,773
CentaurHauls @2000MHz,6549
CentaurHauls @2400MHz,7784
CentaurHauls @2500MHz,8014
CIX P1 CD8180,9277
CIX P1 CP8180,9892
Common KVM v2,2127
Cortex-A76,51
DG1000FGF84HT,3137
DG1101SKF84HV,3146
DG1201SLF87HW,2369
DG1301SML87HY,3624
DG1401SNF87ID,3645
DG1701SNF87IG,2981
DO-Regular,1077
Dragonwing - IQX7181 - Qualcomm Oryon,21569
Dragonwing QCS5430,5428
Dragonwing QCS6490,6103
Dual-Core AMD Opteron 1220 SE,748
Embedded Ryzen V4728X,24000
Essgoo,497
Fabrikams XY9 @ 3.15 GHz,6715
Firestorm-M1,4295
Game Console R35S-R36S,640
General Purpose,3396
Generic DT based system,639
Giada JHS558 (Android),2022
Google GS201,7194
Google R11 BtWifi Evt1.1,187
Google Tensor,6702
Google Tensor G3,8031
Google Tensor G4,8216
Google Tensor G5,11960
Grandstream GXV3480 Video Phone,1078
Hardkernel ODROID-N2Plus,2115
Haudio,786
"Haydn based on Qualcomm Technologies, Inc SM8350",5425
hi3751,513
hi6210sft,796
hi6250,2200
hi6620oem,396
High Performance Datacenter v,1610
HiSilicon Kirin,6461
HiSilicon Kirin 10,6764
HiSilicon Kirin 20,5517
HiSilicon Kirin 659,1893
HiSilicon Kirin 710,3016
Hisilicon Kirin 925,1053
Hisilicon Kirin 930,1415
Hisilicon Kirin 935,1599
HiSilicon Kirin 950,2868
Hisilicon Kirin 955,2491
HiSilicon Kirin 960,2897
HiSilicon Kirin 970,2908
Hisilicon Kirin 990,4021
Hisilicon Kirin710,2449
Hisilicon Kirin810,2945
Hisilicon Kirin820,4198
Hisilicon Kirin9000,5083
Hisilicon Kirin970,2692
Hisilicon Kirin980,4401
Hisilicon Kirin985,4162
HP Hexa-Core 2.0GHz,1741
Hygon C86 3185 8-core,9243
Hygon C86 3250 8-core,11365
Hygon C86 3330 4-core,6031
Hygon C86 3350 8-core,12795
Hygon C86 3350E 8-core,10771
Hygon C86 3350M 8-core,4801
Hygon C86 52xx series,4080
Hygon C86 7255 16-core,18831
Hygon C86-3G,13204
Hygon C86-3G (OPN 3350M),4660
Hygon C86-3G (OPN:3350),11806
Hygon C86-3G (OPN:3350M),4742
Hygon C86-3G-3G (OPN:3350),11712
Hygon C86-4G (OPN:3430E),9445
Hygon C86-4G (OPN:3450),17723
Hygon C86-4G (OPN:3450E),19177
Hygon C86-4G (OPN:3450M),13624
Hygon C86-4G (OPN:3490),22363
Hygon C86-4G (OPN:5440),21230
Hygon C86-4G (OPN:7490),62529
Hygon Dhyana,9784
Intel 1300 @ 1.66GHz,461
Intel 1400 @ 1.83GHz,528
Intel 1500 @ 2.00GHz,551
Intel 2.80GHz,341
Intel 300,7246
Intel 300T,5567
Intel Arc G3 Extreme,29622
Intel Atom 230 @ 1.60GHz,169
Intel Atom 330 @ 1.60GHz,381
Intel Atom C1110,3170
Intel Atom C2338 @ 1.74GHz,584
Intel Atom C2350 @ 1.74GHz,531
Intel Atom C2358 @ 1.74GHz,562
Intel Atom C2538 @ 2.40GHz,968
Intel Atom C2550 @ 2.40GHz,1422
Intel Atom C2558 @ 2.40GHz,1424
Intel Atom C2750 @ 2.40GHz,2787
Intel Atom C2750 @ 2.41GHz,2174
Intel Atom C2758 @ 2.40GHz,2317
Intel Atom C3338 @ 1.50GHz,1028
Intel Atom C3508 @ 1.60GHz,1831
Intel Atom C3538 @ 2.10GHz,1910
Intel Atom C3558 @ 2.20GHz,2431
Intel Atom C3708 @ 1.70GHz,3750
Intel Atom C3758 @ 2.20GHz,4803
Intel Atom C3758R @ 2.40GHz,5086
Intel Atom C3808 @ 2.00GHz,5671
Intel Atom C3858 @ 2.00GHz,5040
Intel Atom C3958 @ 2.00GHz,3929
Intel Atom C5125,8631
Intel Atom C5315,2980
Intel Atom D2500 @ 1.86GHz,251
Intel Atom D2550 @ 1.86GHz,428
Intel Atom D2560 @ 2.00GHz,433
Intel Atom D2700 @ 2.13GHz,467
Intel Atom D2701 @ 2.13GHz,515
Intel Atom D410 @ 1.66GHz,180
Intel Atom D425 @ 1.80GHz,185
Intel Atom D510 @ 1.66GHz,406
Intel Atom D525 @ 1.80GHz,400
Intel Atom E3805 @ 1.33GHz,406
Intel Atom E3815 @ 1.46GHz,193
Intel Atom E3825 @ 1.33GHz,378
Intel Atom E3826 @ 1.46GHz,334
Intel Atom E3827 @ 1.74GHz,480
Intel Atom E3840 @ 1.91GHz,704
Intel Atom E3845 @ 1.91GHz,1071
Intel Atom E3900 @ 1.60GHz,1953
Intel Atom E660 @ 1.30GHz,177
Intel Atom E680 @ 1.60GHz,225
Intel Atom K510 @ 1.66GHz,385
Intel Atom N2100 @ 1.60GHz,193
Intel Atom N2600 @ 1.60GHz,344
Intel Atom N270 @ 1.60GHz,136
Intel Atom N280 @ 1.66GHz,157
Intel Atom N2800 @ 1.86GHz,444
Intel Atom N435 @ 1.33GHz,153
Intel Atom N450 @ 1.66GHz,200
Intel Atom N455 @ 1.66GHz,188
Intel Atom N470 @ 1.83GHz,224
Intel Atom N475 @ 1.83GHz,179
Intel Atom N550 @ 1.50GHz,304
Intel Atom N570 @ 1.66GHz,360
Intel Atom P5322,7378
Intel Atom P5342,13085
Intel Atom P5362,17276
Intel Atom S1260 @ 2.00GHz,526
Intel Atom T5700 @ 1.70GHz,2363
Intel Atom x5-E3930 @ 1.30GHz,879
Intel Atom x5-E3940 @ 1.60GHz,1837
Intel Atom x5-E8000 @ 1.04GHz,1005
Intel Atom x5-Z8300 @ 1.44GHz,843
Intel Atom x5-Z8330 @ 1.44GHz,800
Intel Atom x5-Z8350 @ 1.44GHz,895
Intel Atom x5-Z8500 @ 1.44GHz,1203
Intel Atom x5-Z8550 @ 1.44GHz,1151
Intel Atom x6211E @ 1.20GHz,1695
Intel Atom x6211E @ 1.30GHz,1762
Intel Atom x6214RE @ 1.40GHz,1109
Intel Atom x6413E @ 1.50GHz,3726
Intel Atom x6414RE @ 1.50GHz,2128
Intel Atom x6425E @ 2.00GHz,3711
Intel Atom x6425RE @ 1.90GHz,2819
Intel Atom x6427FE @ 1.90GHz,3196
Intel Atom x7-E3950 @ 1.60GHz,2043
Intel Atom x7-Z8700 @ 1.60GHz,1322
Intel Atom x7-Z8750 @ 1.60GHz,1294
Intel Atom x7211E,2309
Intel Atom x7211RE,2214
Intel Atom x7213RE,2594
Intel Atom x7405C,5218
Intel Atom x7425E,5258
Intel Atom x7433RE,4144
Intel Atom x7809C,9409
Intel Atom x7835RE,7051
Intel Atom Z2760 @ 1.80GHz,298
Intel Atom Z3530 @ 1.33GHz,565
Intel Atom Z3560 @ 1.00GHz,749
Intel Atom Z3560 @ 1.83GHz,690
Intel Atom Z3580 @ 1.33GHz,802
Intel Atom Z3735D @ 1.33GHz,704
Intel Atom Z3735E @ 1.33GHz,557
Intel Atom Z3735F @ 1.33GHz,540
Intel Atom Z3735G @ 1.33GHz,772
Intel Atom Z3736F @ 1.33GHz,496
Intel Atom Z3740 @ 1.33GHz,638
Intel Atom Z3740D @ 1.33GHz,618
Intel Atom Z3745 @ 1.33GHz,621
Intel Atom Z3745D @ 1.33GHz,599
Intel Atom Z3770 @ 1.46GHz,728
Intel Atom Z3770D @ 1.49GHz,488
Intel Atom Z3775 @ 1.46GHz,702
Intel Atom Z3775D @ 1.49GHz,794
Intel Atom Z3795 @ 1.60GHz,1196
Intel Atom Z510 @ 1.10GHz,127
Intel Atom Z515 @ 1.20GHz,142
Intel Atom Z520 @ 1.33GHz,122
Intel Atom Z530 @ 1.60GHz,183
Intel Atom Z540 @ 1.86GHz,227
Intel Atom Z550 @ 2.00GHz,248
Intel Atom Z670 @ 1.50GHz,158
Intel CC150 @ 3.50GHz,14358
Intel Celeron 1.70GHz,101
Intel Celeron 1.80GHz,96
Intel Celeron 1000M @ 1.80GHz,1058
Intel Celeron 1000MHz,139
Intel Celeron 1005M @ 1.90GHz,1121
Intel Celeron 1007U @ 1.50GHz,839
Intel Celeron 1017U @ 1.60GHz,893
Intel Celeron 1019Y @ 1.00GHz,576
Intel Celeron 1020E @ 2.20GHz,1406
Intel Celeron 1020M @ 2.10GHz,1275
Intel Celeron 1037U @ 1.80GHz,1044
Intel Celeron 1047UE @ 1.40GHz,748
Intel Celeron 1066MHz,168
Intel Celeron 1100MHz,113
Intel Celeron 1133MHz,184
Intel Celeron 1200MHz,159
Intel Celeron 1300MHz,187
Intel Celeron 1333MHz,189
Intel Celeron 1400MHz,197
Intel Celeron 2.00GHz,125
Intel Celeron 2.10GHz,159
Intel Celeron 2.13GHz,166
Intel Celeron 2.20GHz,139
Intel Celeron 2.26GHz,182
Intel Celeron 2.30GHz,148
Intel Celeron 2.40GHz,143
Intel Celeron 2.50GHz,164
Intel Celeron 2.53GHz,222
Intel Celeron 2.60GHz,143
Intel Celeron 2.66GHz,131
Intel Celeron 2.70GHz,159
Intel Celeron 2.80GHz,190
Intel Celeron 2.93GHz,238
Intel Celeron 2000E @ 2.20GHz,1607
Intel Celeron 2002E @ 1.50GHz,1091
Intel Celeron 215 @ 1.33GHz,174
Intel Celeron 220 @ 1.20GHz,209
Intel Celeron 2950M @ 2.00GHz,1248
Intel Celeron 2955U @ 1.40GHz,905
Intel Celeron 2957U @ 1.40GHz,846
Intel Celeron 2961Y @ 1.10GHz,684
Intel Celeron 2970M @ 2.20GHz,1501
Intel Celeron 2980U @ 1.60GHz,1092
Intel Celeron 2981U @ 1.60GHz,1036
Intel Celeron 3.06GHz,307
Intel Celeron 3.20GHz,267
Intel Celeron 3.33GHz,263
Intel Celeron 3205U @ 1.50GHz,960
Intel Celeron 3215U @ 1.70GHz,1097
Intel Celeron 3755U @ 1.70GHz,1182
Intel Celeron 3765U @ 1.90GHz,1270
Intel Celeron 3855U @ 1.60GHz,1218
Intel Celeron 3865U @ 1.80GHz,1353
Intel Celeron 3867U @ 1.80GHz,1392
Intel Celeron 3955U @ 2.00GHz,1456
Intel Celeron 3965U @ 2.20GHz,1753
Intel Celeron 3965Y @ 1.50GHz,1085
Intel Celeron 420 @ 1.60GHz,231
Intel Celeron 4205U @ 1.80GHz,1342
Intel Celeron 430 @ 1.80GHz,305
Intel Celeron 4305U @ 2.20GHz,1582
Intel Celeron 4305UE @ 2.00GHz,1725
Intel Celeron 4305UT @ 2.00GHz,1222
Intel Celeron 440 @ 2.00GHz,368
Intel Celeron 450 @ 2.20GHz,433
Intel Celeron 5205U @ 1.90GHz,1427
Intel Celeron 530 @ 1.73GHz,268
Intel Celeron 5305U @ 2.30GHz,1307
Intel Celeron 540 @ 1.86GHz,305
Intel Celeron 550 @ 2.00GHz,334
Intel Celeron 560 @ 2.13GHz,339
Intel Celeron 570 @ 2.26GHz,344
Intel Celeron 600MHz,96
Intel Celeron 6305 @ 1.80GHz,2029
Intel Celeron 6305E @ 1.80GHz,2021
Intel Celeron 6600HE @ 2.60GHz,3286
Intel Celeron 6600HLE @ 2.10GHz,2614
Intel Celeron 6600HLE @ 2.60GHz,3388
Intel Celeron 723 @ 1.20GHz,213
Intel Celeron 7305,2550
Intel Celeron 7305E,2451
Intel Celeron 743 @ 1.30GHz,275
Intel Celeron 807 @ 1.50GHz,392
Intel Celeron 807UE @ 1.00GHz,241
Intel Celeron 827E @ 1.40GHz,371
Intel Celeron 847 @ 1.10GHz,510
Intel Celeron 847E @ 1.10GHz,584
Intel Celeron 857 @ 1.20GHz,569
Intel Celeron 867 @ 1.30GHz,588
Intel Celeron 877 @ 1.40GHz,675
Intel Celeron 887 @ 1.50GHz,764
Intel Celeron 900 @ 2.20GHz,409
Intel Celeron 925 @ 2.30GHz,450
Intel Celeron @ 1.30GHz,572
Intel Celeron B710 @ 1.60GHz,106
Intel Celeron B720 @ 1.70GHz,462
Intel Celeron B800 @ 1.50GHz,694
Intel Celeron B810 @ 1.60GHz,771
Intel Celeron B815 @ 1.60GHz,757
Intel Celeron B820 @ 1.70GHz,807
Intel Celeron B830 @ 1.80GHz,869
Intel Celeron B840 @ 1.90GHz,975
Intel Celeron D 347 @ 3.06GHz,232
Intel Celeron D 352 @ 3.20GHz,274
Intel Celeron D 356 @ 3.33GHz,251
Intel Celeron D 360 @ 3.46GHz,372
Intel Celeron D 365 @ 3.60GHz,337
Intel Celeron D 420 @ 1.60GHz,313
Intel Celeron D 430 @ 1.80GHz,381
Intel Celeron E1200 @ 1.60GHz,516
Intel Celeron E1400 @ 2.00GHz,735
Intel Celeron E1500 @ 2.20GHz,626
Intel Celeron E1600 @ 2.40GHz,840
Intel Celeron E3200 @ 2.40GHz,923
Intel Celeron E3300 @ 2.50GHz,870
Intel Celeron E3400 @ 2.60GHz,885
Intel Celeron E3500 @ 2.70GHz,935
Intel Celeron G1101 @ 2.27GHz,1086
Intel Celeron G1610 @ 2.60GHz,1547
Intel Celeron G1610T @ 2.30GHz,1323
Intel Celeron G1620 @ 2.70GHz,1600
Intel Celeron G1620T @ 2.40GHz,1532
Intel Celeron G1630 @ 2.80GHz,1707
Intel Celeron G1820 @ 2.70GHz,1670
Intel Celeron G1820T @ 2.40GHz,1599
Intel Celeron G1820TE @ 2.20GHz,1141
Intel Celeron G1830 @ 2.80GHz,1560
Intel Celeron G1840 @ 2.80GHz,1778
Intel Celeron G1840T @ 2.50GHz,1576
Intel Celeron G1850 @ 2.90GHz,1915
Intel Celeron G3900 @ 2.80GHz,2164
Intel Celeron G3900E @ 2.40GHz,2034
Intel Celeron G3900T @ 2.60GHz,1909
Intel Celeron G3900TE @ 2.30GHz,1850
Intel Celeron G3920 @ 2.90GHz,2305
Intel Celeron G3930 @ 2.90GHz,2251
Intel Celeron G3930T @ 2.70GHz,2023
Intel Celeron G3930TE @ 2.70GHz,2218
Intel Celeron G3950 @ 3.00GHz,2336
Intel Celeron G440 @ 1.60GHz,420
Intel Celeron G460 @ 1.80GHz,490
Intel Celeron G465 @ 1.90GHz,559
Intel Celeron G470 @ 2.00GHz,556
Intel Celeron G4900 @ 3.10GHz,2380
Intel Celeron G4900T @ 2.90GHz,2250
Intel Celeron G4920 @ 3.20GHz,2435
Intel Celeron G4930 @ 3.20GHz,2511
Intel Celeron G4930T @ 3.00GHz,2287
Intel Celeron G4950 @ 3.30GHz,2714
Intel Celeron G530 @ 2.40GHz,1163
Intel Celeron G530T @ 2.00GHz,921
Intel Celeron G540 @ 2.50GHz,1186
Intel Celeron G540T @ 2.10GHz,1137
Intel Celeron G550 @ 2.60GHz,1275
Intel Celeron G550T @ 2.20GHz,1074
Intel Celeron G555 @ 2.70GHz,1427
Intel Celeron G5900 @ 3.40GHz,2669
Intel Celeron G5900E @ 3.20GHz,1809
Intel Celeron G5900T @ 3.20GHz,2192
Intel Celeron G5905 @ 3.50GHz,2769
Intel Celeron G5905T @ 3.30GHz,2335
Intel Celeron G5920 @ 3.50GHz,2650
Intel Celeron G5925 @ 3.60GHz,2863
Intel Celeron G6900,4475
Intel Celeron G6900E,4273
Intel Celeron G6900T,3668
Intel Celeron G6900TE,3162
Intel Celeron J1750 @ 2.41GHz,538
Intel Celeron J1800 @ 2.41GHz,574
Intel Celeron J1850 @ 1.99GHz,942
Intel Celeron J1900 @ 1.99GHz,1147
Intel Celeron J3060 @ 1.60GHz,671
Intel Celeron J3160 @ 1.60GHz,1256
Intel Celeron J3355 @ 2.00GHz,1205
Intel Celeron J3455 @ 1.50GHz,2236
Intel Celeron J3455E @ 1.50GHz,2191
Intel Celeron J4005 @ 2.00GHz,1547
Intel Celeron J4025 @ 2.00GHz,1450
Intel Celeron J4105 @ 1.50GHz,2816
Intel Celeron J4115 @ 1.80GHz,2678
Intel Celeron J4125 @ 2.00GHz,2929
Intel Celeron J6412 @ 2.00GHz,3819
Intel Celeron J6413 @ 1.80GHz,3879
Intel Celeron M 1.00GHz,149
Intel Celeron M 1.30GHz,205
Intel Celeron M 1.50GHz,192
Intel Celeron M 1.60GHz,190
Intel Celeron M 1.70GHz,252
Intel Celeron M 1200MHz,179
Intel Celeron M 1300MHz,197
Intel Celeron M 1500MHz,217
Intel Celeron M 360 1.40GHz,221
Intel Celeron M 410 @ 1.46GHz,123
Intel Celeron M 420 @ 1.60GHz,139
Intel Celeron M 430 @ 1.73GHz,169
Intel Celeron M 440 @ 1.86GHz,169
Intel Celeron M 443 @ 1.20GHz,125
Intel Celeron M 450 @ 2.00GHz,230
Intel Celeron M 520 @ 1.60GHz,239
Intel Celeron M 530 @ 1.73GHz,320
Intel Celeron M 540 @ 1.86GHz,353
Intel Celeron M 600MHz,98
Intel Celeron M 723 @ 1.20GHz,267
Intel Celeron M 900MHz,123
Intel Celeron M ULV 800MHz,120
Intel Celeron N2805 @ 1.46GHz,335
Intel Celeron N2806 @ 1.60GHz,486
Intel Celeron N2807 @ 1.58GHz,497
Intel Celeron N2808 @ 1.58GHz,490
Intel Celeron N2810 @ 2.00GHz,396
Intel Celeron N2815 @ 1.86GHz,495
Intel Celeron N2820 @ 2.13GHz,508
Intel Celeron N2830 @ 2.16GHz,547
Intel Celeron N2840 @ 2.16GHz,582
Intel Celeron N2910 @ 1.60GHz,774
Intel Celeron N2920 @ 1.86GHz,940
Intel Celeron N2930 @ 1.83GHz,1029
Intel Celeron N2940 @ 1.83GHz,1054
Intel Celeron N3000 @ 1.04GHz,646
Intel Celeron N3010 @ 1.04GHz,616
Intel Celeron N3050 @ 1.60GHz,589
Intel Celeron N3060 @ 1.60GHz,653
Intel Celeron N3150 @ 1.60GHz,1176
Intel Celeron N3160 @ 1.60GHz,1188
Intel Celeron N3350 @ 1.10GHz,1114
Intel Celeron N3450 @ 1.10GHz,1972
Intel Celeron N4000 @ 1.10GHz,1431
Intel Celeron N4000C @ 1.10GHz,1456
Intel Celeron N4020 @ 1.10GHz,1534
Intel Celeron N4020C @ 1.10GHz,1541
Intel Celeron N4100 @ 1.10GHz,2455
Intel Celeron N4120 @ 1.10GHz,2445
Intel Celeron N4500 @ 1.10GHz,1784
Intel Celeron N4505 @ 2.00GHz,2018
Intel Celeron N5095 @ 2.00GHz,4006
Intel Celeron N5095A @ 2.00GHz,4040
Intel Celeron N5100 @ 1.10GHz,3310
Intel Celeron N5105 @ 2.00GHz,3991
Intel Celeron N6210 @ 1.20GHz,1915
Intel Celeron N6211 @ 1.20GHz,2245
Intel Celeron P4500 @ 1.87GHz,878
Intel Celeron P4505 @ 1.87GHz,689
Intel Celeron P4600 @ 2.00GHz,893
Intel Celeron SU2300 @ 1.20GHz,458
Intel Celeron T1600 @ 1.66GHz,569
Intel Celeron T1700 @ 1.83GHz,600
Intel Celeron U1900 @ 1.99GHz,1028
Intel Celeron U3400 @ 1.07GHz,516
Intel Celeron U3405 @ 1.07GHz,446
Intel Celeron U3600 @ 1.20GHz,539
Intel Core 3 100HL,17586
Intel Core 3 100U,12658
Intel Core 3 201E,14839
Intel Core 3 304,10708
Intel Core 3 305,15154
Intel Core 3 N350,7372
Intel Core 3 N355,10306
Intel Core 330 @ 1.60GHz,419
Intel Core 5 120,17838
Intel Core 5 120F,21477
Intel Core 5 120U,15377
Intel Core 5 120UL,10558
Intel Core 5 210H,18309
Intel Core 5 211E,23833
Intel Core 5 211EF,23988
Intel Core 5 211TE,11685
Intel Core 5 213PE,27488
Intel Core 5 213PTE,25590
Intel Core 5 220H,21884
Intel Core 5 220U,14276
Intel Core 5 221E,30510
Intel Core 5 221TE,13301
Intel Core 5 223PE,31124
Intel Core 5 315,15353
Intel Core 5 320,15033
Intel Core 5 330,14947
Intel Core 7 150U,14738
Intel Core 7 160UL,11043
Intel Core 7 230H,23026
Intel Core 7 240H,24353
Intel Core 7 245HX,41358
Intel Core 7 250H,27030
Intel Core 7 250U,13806
Intel Core 7 251TE,30022
Intel Core 7 253PE,29271
Intel Core 7 253PQE,41656
Intel Core 7 253PTE,25031
Intel Core 7 350,16501
Intel Core 860 @ 2.80GHz,2754
Intel Core 9 270H,28628
Intel Core 9 273PE,36810
Intel Core 9 273PQE,46107
Intel Core 9 273PTE,24054
Intel Core Duo L2300 @ 1.50GHz,387
Intel Core Duo L2400 @ 1.66GHz,348
Intel Core Duo L2500 @ 1.83GHz,345
Intel Core Duo T2050 @ 1.60GHz,333
Intel Core Duo T2250 @ 1.73GHz,350
Intel Core Duo T2300 @ 1.66GHz,325
Intel Core Duo T2350 @ 1.86GHz,385
Intel Core Duo T2400 @ 1.83GHz,366
Intel Core Duo T2450 @ 2.00GHz,411
Intel Core Duo T2500 @ 2.00GHz,408
Intel Core Duo T2600 @ 2.16GHz,460
Intel Core Duo T2700 @ 2.33GHz,498
Intel Core Duo U2400 @ 1.06GHz,255
Intel Core Duo U2500 @ 1.20GHz,223
Intel Core i3-1000NG4 @ 1.10GHz,3519
Intel Core i3-1005G1 @ 1.20GHz,4800
Intel Core i3-10100 @ 3.60GHz,8498
Intel Core i3-10100E @ 3.20GHz,7816
Intel Core i3-10100F @ 3.60GHz,8712
Intel Core i3-10100T @ 3.00GHz,7322
Intel Core i3-10100TE @ 2.30GHz,6371
Intel Core i3-10100Y @ 1.30GHz,2990
Intel Core i3-10105 @ 3.70GHz,8256
Intel Core i3-10105F @ 3.70GHz,8873
Intel Core i3-10105T @ 3.00GHz,7829
Intel Core i3-10110U @ 2.10GHz,3821
Intel Core i3-10110Y @ 1.00GHz,3106
Intel Core i3-1025G1 @ 1.20GHz,6122
Intel Core i3-10300 @ 3.70GHz,9287
Intel Core i3-10300T @ 3.00GHz,7868
Intel Core i3-10305 @ 3.80GHz,9210
Intel Core i3-10305T @ 3.00GHz,8512
Intel Core i3-10320 @ 3.80GHz,9988
Intel Core i3-10325 @ 3.90GHz,10291
Intel Core i3-11100B @ 3.60GHz,11357
Intel Core i3-11100HE @ 2.40GHz,11781
Intel Core i3-1110G4 @ 1.80GHz,3768
Intel Core i3-1115G4 @ 3.00GHz,5829
Intel Core i3-1115G4E @ 3.00GHz,5258
Intel Core i3-1115GRE @ 3.00GHz,4588
Intel Core i3-1125G4 @ 2.00GHz,9250
Intel Core i3-12100,12459
Intel Core i3-12100E,13599
Intel Core i3-12100F,13967
Intel Core i3-12100T,12337
Intel Core i3-12100TE,10146
Intel Core i3-1210U,9525
Intel Core i3-1215U,10168
Intel Core i3-1215UE,8331
Intel Core i3-1215UL,7817
Intel Core i3-1220P,15675
Intel Core i3-1220PE,15664
Intel Core i3-12300,14350
Intel Core i3-12300HE,16131
Intel Core i3-12300HL,20321
Intel Core i3-12300T,13087
Intel Core i3-1305U,8498
Intel Core i3-13100,14113
Intel Core i3-13100E,13727
Intel Core i3-13100F,14664
Intel Core i3-13100T,12715
Intel Core i3-13100TE,12100
Intel Core i3-1315U,11102
Intel Core i3-1315UE,9367
Intel Core i3-1315URE,7075
Intel Core i3-1320PE,11849
Intel Core i3-1320PRE,18081
Intel Core i3-13300HE,21057
Intel Core i3-14100,15099
Intel Core i3-14100F,15422
Intel Core i3-14100T,13643
Intel Core i3-2100 @ 3.10GHz,1862
Intel Core i3-2100T @ 2.50GHz,1521
Intel Core i3-2102 @ 3.10GHz,2029
Intel Core i3-2105 @ 3.10GHz,1800
Intel Core i3-21050 @ 3.10GHz,2193
Intel Core i3-2120 @ 3.30GHz,1979
Intel Core i3-2120T @ 2.60GHz,1573
Intel Core i3-2125 @ 3.30GHz,1994
Intel Core i3-2130 @ 3.40GHz,2066
Intel Core i3-2140 @ 3.50GHz,2307
Intel Core i3-2310E @ 2.10GHz,1845
Intel Core i3-2310M @ 2.10GHz,1216
Intel Core i3-2312M @ 2.10GHz,1189
Intel Core i3-2328M @ 2.20GHz,1213
Intel Core i3-2330E @ 2.20GHz,1823
Intel Core i3-2330M @ 2.20GHz,1253
Intel Core i3-2332M @ 2.20GHz,1353
Intel Core i3-2340UE @ 1.30GHz,976
Intel Core i3-2348M @ 2.30GHz,1289
Intel Core i3-2350M @ 2.30GHz,1272
Intel Core i3-2357M @ 1.30GHz,788
Intel Core i3-2365M @ 1.40GHz,809
Intel Core i3-2367M @ 1.40GHz,840
Intel Core i3-2370M @ 2.40GHz,1377
Intel Core i3-2375M @ 1.50GHz,892
Intel Core i3-2377M @ 1.50GHz,876
Intel Core i3-3110M @ 2.40GHz,1654
Intel Core i3-3120M @ 2.50GHz,1707
Intel Core i3-3130M @ 2.60GHz,1898
Intel Core i3-3210 @ 3.20GHz,2225
Intel Core i3-3217U @ 1.80GHz,1226
Intel Core i3-3217UE @ 1.60GHz,1362
Intel Core i3-3220 @ 3.30GHz,2280
Intel Core i3-3220T @ 2.80GHz,1956
Intel Core i3-3225 @ 3.30GHz,2282
Intel Core i3-3227U @ 1.90GHz,1302
Intel Core i3-3229Y @ 1.40GHz,1014
Intel Core i3-3240 @ 3.40GHz,2356
Intel Core i3-3240T @ 2.90GHz,2087
Intel Core i3-3245 @ 3.40GHz,2419
Intel Core i3-3250 @ 3.50GHz,2454
Intel Core i3-3250T @ 3.00GHz,2650
Intel Core i3-330E @ 2.13GHz,1260
Intel Core i3-330M @ 2.13GHz,1034
Intel Core i3-330UM @ 1.20GHz,543
Intel Core i3-350M @ 2.27GHz,1093
Intel Core i3-370M @ 2.40GHz,1171
Intel Core i3-380M @ 2.53GHz,1207
Intel Core i3-380UM @ 1.33GHz,733
Intel Core i3-390M @ 2.67GHz,1289
Intel Core i3-4000M @ 2.40GHz,1804
Intel Core i3-4005U @ 1.70GHz,1650
Intel Core i3-4010U @ 1.70GHz,1663
Intel Core i3-4010Y @ 1.30GHz,1358
Intel Core i3-4012Y @ 1.50GHz,1276
Intel Core i3-4020Y @ 1.50GHz,1453
Intel Core i3-4025U @ 1.90GHz,1954
Intel Core i3-4030U @ 1.90GHz,1869
Intel Core i3-4030Y @ 1.60GHz,1654
Intel Core i3-4100E @ 2.40GHz,1848
Intel Core i3-4100M @ 2.50GHz,2523
Intel Core i3-4100U @ 1.80GHz,1926
Intel Core i3-4110M @ 2.60GHz,2678
Intel Core i3-4110U @ 1.90GHz,1860
Intel Core i3-4120U @ 2.00GHz,1504
Intel Core i3-4130 @ 3.40GHz,3334
Intel Core i3-4130T @ 2.90GHz,2870
Intel Core i3-4150 @ 3.50GHz,3400
Intel Core i3-4150T @ 3.00GHz,2881
Intel Core i3-4158U @ 2.00GHz,1874
Intel Core i3-4160 @ 3.60GHz,3497
Intel Core i3-4160T @ 3.10GHz,3095
Intel Core i3-4170 @ 3.70GHz,3576
Intel Core i3-4170T @ 3.20GHz,3149
Intel Core i3-4330 @ 3.50GHz,3486
Intel Core i3-4330T @ 3.00GHz,3105
Intel Core i3-4330TE @ 2.40GHz,2034
Intel Core i3-4340 @ 3.60GHz,3510
Intel Core i3-4350 @ 3.60GHz,3618
Intel Core i3-4350T @ 3.10GHz,3168
Intel Core i3-4360 @ 3.70GHz,3641
Intel Core i3-4360T @ 3.20GHz,3294
Intel Core i3-4370 @ 3.80GHz,3861
Intel Core i3-4370T @ 3.30GHz,3361
Intel Core i3-4570T @ 2.90GHz,3244
Intel Core i3-5005U @ 2.00GHz,2010
Intel Core i3-5010U @ 2.10GHz,2151
Intel Core i3-5015U @ 2.10GHz,2021
Intel Core i3-5020U @ 2.20GHz,2218
Intel Core i3-5157U @ 2.50GHz,2592
Intel Core i3-530 @ 2.93GHz,1520
Intel Core i3-540 @ 3.07GHz,1561
Intel Core i3-550 @ 3.20GHz,1637
Intel Core i3-560 @ 3.33GHz,1642
Intel Core i3-6006U @ 2.00GHz,2275
Intel Core i3-6098P @ 3.60GHz,3944
Intel Core i3-6100 @ 3.70GHz,4097
Intel Core i3-6100E @ 2.70GHz,3315
Intel Core i3-6100H @ 2.70GHz,3017
Intel Core i3-6100T @ 3.20GHz,3634
Intel Core i3-6100TE @ 2.70GHz,3109
Intel Core i3-6100U @ 2.30GHz,2622
Intel Core i3-6102E @ 1.90GHz,2349
Intel Core i3-6157U @ 2.40GHz,2789
Intel Core i3-6167U @ 2.70GHz,3128
Intel Core i3-6300 @ 3.80GHz,4350
Intel Core i3-6300T @ 3.30GHz,3985
Intel Core i3-6320 @ 3.90GHz,4416
Intel Core i3-7020U @ 2.30GHz,2569
Intel Core i3-7100 @ 3.90GHz,4318
Intel Core i3-7100H @ 3.00GHz,3450
Intel Core i3-7100T @ 3.40GHz,3748
Intel Core i3-7100U @ 2.40GHz,2718
Intel Core i3-7101E @ 3.90GHz,4430
Intel Core i3-7101TE @ 3.40GHz,3956
Intel Core i3-7102E @ 2.10GHz,2599
Intel Core i3-7130U @ 2.70GHz,3037
Intel Core i3-7167U @ 2.80GHz,3292
Intel Core i3-7300 @ 4.00GHz,4522
Intel Core i3-7300T @ 3.50GHz,4140
Intel Core i3-7320 @ 4.10GHz,4773
Intel Core i3-7350K @ 4.20GHz,4876
Intel Core i3-8100 @ 3.60GHz,6061
Intel Core i3-8100B @ 3.60GHz,5872
Intel Core i3-8100H @ 3.00GHz,4435
Intel Core i3-8100T @ 3.10GHz,5266
Intel Core i3-8109U @ 3.00GHz,4174
Intel Core i3-8121U @ 2.20GHz,4271
Intel Core i3-8130U @ 2.20GHz,3529
Intel Core i3-8140U @ 2.10GHz,3919
Intel Core i3-8145U @ 2.10GHz,3771
Intel Core i3-8145UE @ 2.20GHz,3960
Intel Core i3-8300 @ 3.70GHz,6367
Intel Core i3-8300T @ 3.20GHz,5457
Intel Core i3-8350K @ 4.00GHz,6929
Intel Core i3-9100 @ 3.60GHz,6610
Intel Core i3-9100E @ 3.10GHz,6529
Intel Core i3-9100F @ 3.60GHz,6698
Intel Core i3-9100HL @ 1.60GHz,3641
Intel Core i3-9100T @ 3.10GHz,5628
Intel Core i3-9100TE @ 2.20GHz,4589
Intel Core i3-9300 @ 3.70GHz,7070
Intel Core i3-9300T @ 3.20GHz,6323
Intel Core i3-9320 @ 3.70GHz,7358
Intel Core i3-9350K @ 4.00GHz,7596
Intel Core i3-9350KF @ 4.00GHz,7593
Intel Core i3-N300,8101
Intel Core i3-N305,9423
Intel Core i5 750S @ 2.40GHz,1326
Intel Core i5 E 520 @ 2.40GHz,1619
Intel Core i5-10200H @ 2.40GHz,7973
Intel Core i5-10210U @ 1.60GHz,6058
Intel Core i5-10210Y @ 1.00GHz,4080
Intel Core i5-10300H @ 2.50GHz,8188
Intel Core i5-1030NG7 @ 1.10GHz,5587
Intel Core i5-10310U @ 1.70GHz,5915
Intel Core i5-1035G1 @ 1.00GHz,7143
Intel Core i5-1035G4 @ 1.10GHz,7597
Intel Core i5-1035G7 @ 1.20GHz,7970
Intel Core i5-1038NG7 @ 2.00GHz,8747
Intel Core i5-10400 @ 2.90GHz,11982
Intel Core i5-10400F @ 2.90GHz,12103
Intel Core i5-10400H @ 2.60GHz,8192
Intel Core i5-10400T @ 2.00GHz,9812
Intel Core i5-10500 @ 3.10GHz,12956
Intel Core i5-10500E @ 3.10GHz,11368
Intel Core i5-10500H @ 2.50GHz,10948
Intel Core i5-10500T @ 2.30GHz,10214
Intel Core i5-10500TE @ 2.30GHz,8970
Intel Core i5-10505 @ 3.20GHz,12081
Intel Core i5-10600 @ 3.30GHz,13508
Intel Core i5-10600K @ 4.10GHz,14243
Intel Core i5-10600KF @ 4.10GHz,14123
Intel Core i5-10600T @ 2.40GHz,11550
Intel Core i5-11260H @ 2.60GHz,15244
Intel Core i5-11300H @ 3.10GHz,10756
Intel Core i5-1130G7 @ 1.10GHz,8220
Intel Core i5-11320H @ 3.20GHz,10805
Intel Core i5-1135G7 @ 2.40GHz,9343
Intel Core i5-11400 @ 2.60GHz,16643
Intel Core i5-11400F @ 2.60GHz,16885
Intel Core i5-11400H @ 2.70GHz,15171
Intel Core i5-11400T @ 1.30GHz,13068
Intel Core i5-1140G7 @ 1.10GHz,8050
Intel Core i5-1145G7 @ 2.60GHz,9190
Intel Core i5-1145G7E @ 2.60GHz,8939
Intel Core i5-1145GRE @ 2.60GHz,8237
Intel Core i5-11500 @ 2.70GHz,17084
Intel Core i5-11500B @ 3.30GHz,17075
Intel Core i5-11500H @ 2.90GHz,15490
Intel Core i5-11500T @ 1.50GHz,12765
Intel Core i5-1155G7 @ 2.50GHz,9605
Intel Core i5-11600 @ 2.80GHz,17966
Intel Core i5-11600K @ 3.90GHz,19487
Intel Core i5-11600KF @ 3.90GHz,19414
Intel Core i5-11600T @ 1.70GHz,14447
Intel Core i5-1230U,10932
Intel Core i5-1235U,12564
Intel Core i5-12400,18808
Intel Core i5-12400F,19576
Intel Core i5-12400T,15583
Intel Core i5-1240P,15839
Intel Core i5-1240U,13889
Intel Core i5-12450H,15966
Intel Core i5-12450HX,17748
Intel Core i5-1245U,12813
Intel Core i5-1245UE,9473
Intel Core i5-1245UL,15357
Intel Core i5-12490F,20383
Intel Core i5-12500,19717
Intel Core i5-12500E,19734
Intel Core i5-12500H,20336
Intel Core i5-12500HL,23366
Intel Core i5-12500T,16368
Intel Core i5-12500TE,15533
Intel Core i5-1250P,18505
Intel Core i5-1250PE,18365
Intel Core i5-12600,21327
Intel Core i5-12600H,20569
Intel Core i5-12600HE,20506
Intel Core i5-12600HL,23615
Intel Core i5-12600HX,24390
Intel Core i5-12600K,27528
Intel Core i5-12600KF,27527
Intel Core i5-12600T,17408
Intel Core i5-1334U,13100
Intel Core i5-1335U,13916
Intel Core i5-1335UE,11669
Intel Core i5-13400,23855
Intel Core i5-13400E,27000
Intel Core i5-13400EF,26594
Intel Core i5-13400F,24944
Intel Core i5-13400T,20080
Intel Core i5-1340P,18398
Intel Core i5-1340PE,18490
Intel Core i5-13420H,16922
Intel Core i5-13450HX,24649
Intel Core i5-1345U,13887
Intel Core i5-1345UE,9577
Intel Core i5-1345URE,10981
Intel Core i5-13490F,26744
Intel Core i5-13500,30873
Intel Core i5-13500E,26340
Intel Core i5-13500H,20993
Intel Core i5-13500HX,27646
Intel Core i5-13500T,22470
Intel Core i5-13500TE,20462
Intel Core i5-1350P,18618
Intel Core i5-1350PRE,19945
Intel Core i5-13600,31410
Intel Core i5-13600H,23177
Intel Core i5-13600HE,23483
Intel Core i5-13600HRE,14591
Intel Core i5-13600HX,27438
Intel Core i5-13600K,37519
Intel Core i5-13600KF,37369
Intel Core i5-13600T,27951
Intel Core i5-14400,25119
Intel Core i5-14400F,25525
Intel Core i5-14400T,20578
Intel Core i5-14401EF,21483
Intel Core i5-14450HX,23712
Intel Core i5-14490F,26831
Intel Core i5-14500,30921
Intel Core i5-14500HX,28554
Intel Core i5-14500T,22960
Intel Core i5-14600,35970
Intel Core i5-14600K,38452
Intel Core i5-14600KF,38354
Intel Core i5-14600T,26734
Intel Core i5-2300 @ 2.80GHz,3476
Intel Core i5-2310 @ 2.90GHz,3666
Intel Core i5-2320 @ 3.00GHz,3701
Intel Core i5-2380P @ 3.10GHz,3636
Intel Core i5-2390T @ 2.70GHz,2501
Intel Core i5-2400 @ 3.10GHz,3855
Intel Core i5-2400S @ 2.50GHz,3177
Intel Core i5-24050S @ 2.50GHz,3061
Intel Core i5-2405S @ 2.50GHz,3400
Intel Core i5-2410M @ 2.30GHz,1956
Intel Core i5-2415M @ 2.30GHz,1950
Intel Core i5-2430M @ 2.40GHz,2019
Intel Core i5-2435M @ 2.40GHz,2039
Intel Core i5-2450M @ 2.50GHz,2080
Intel Core i5-2450P @ 3.20GHz,4273
Intel Core i5-2467M @ 1.60GHz,1395
Intel Core i5-2500 @ 3.30GHz,4093
Intel Core i5-2500K @ 3.30GHz,4143
Intel Core i5-2500S @ 2.70GHz,3378
Intel Core i5-2500T @ 2.30GHz,2929
Intel Core i5-2510E @ 2.50GHz,1832
Intel Core i5-2515E @ 2.50GHz,1882
Intel Core i5-2520M @ 2.50GHz,2238
Intel Core i5-2537M @ 1.40GHz,1254
Intel Core i5-2540M @ 2.60GHz,2342
Intel Core i5-2550K @ 3.40GHz,4267
Intel Core i5-2557M @ 1.70GHz,1641
Intel Core i5-2560M @ 2.70GHz,2397
Intel Core i5-3170K @ 3.20GHz,8882
Intel Core i5-3210M @ 2.50GHz,2464
Intel Core i5-3230M @ 2.60GHz,2569
Intel Core i5-3317U @ 1.70GHz,2009
Intel Core i5-3320M @ 2.60GHz,2660
Intel Core i5-3330 @ 3.00GHz,4096
Intel Core i5-3330S @ 2.70GHz,3910
Intel Core i5-3335S @ 2.70GHz,3672
Intel Core i5-3337U @ 1.80GHz,2089
Intel Core i5-3339Y @ 1.50GHz,1599
Intel Core i5-3340 @ 3.10GHz,4259
Intel Core i5-3340M @ 2.70GHz,2679
Intel Core i5-3340S @ 2.80GHz,3988
Intel Core i5-3350P @ 3.10GHz,4327
Intel Core i5-3360M @ 2.80GHz,2887
Intel Core i5-3380M @ 2.90GHz,2954
Intel Core i5-3427U @ 1.80GHz,2251
Intel Core i5-3437U @ 1.90GHz,2165
Intel Core i5-3439Y @ 1.50GHz,1957
Intel Core i5-3450 @ 3.10GHz,4520
Intel Core i5-3450S @ 2.80GHz,4402
Intel Core i5-3470 @ 3.20GHz,4660
Intel Core i5-3470S @ 2.90GHz,4364
Intel Core i5-3470T @ 2.90GHz,3000
Intel Core i5-3475S @ 2.90GHz,4329
Intel Core i5-3550 @ 3.30GHz,4793
Intel Core i5-3550S @ 3.00GHz,4512
Intel Core i5-3570 @ 3.40GHz,4930
Intel Core i5-3570K @ 3.40GHz,4969
Intel Core i5-3570S @ 3.10GHz,4695
Intel Core i5-3570T @ 2.30GHz,3875
Intel Core i5-3610ME @ 2.70GHz,2694
Intel Core i5-4200H @ 2.80GHz,3044
Intel Core i5-4200M @ 2.50GHz,2811
Intel Core i5-4200U @ 1.60GHz,2178
Intel Core i5-4200Y @ 1.40GHz,1558
Intel Core i5-4202Y @ 1.60GHz,1552
Intel Core i5-4210H @ 2.90GHz,3082
Intel Core i5-4210M @ 2.60GHz,2909
Intel Core i5-4210U @ 1.70GHz,2313
Intel Core i5-4210Y @ 1.50GHz,1532
Intel Core i5-4220Y @ 1.60GHz,1719
Intel Core i5-4230U @ 1.90GHz,1853
Intel Core i5-4250U @ 1.30GHz,2130
Intel Core i5-4258U @ 2.40GHz,2612
Intel Core i5-4260U @ 1.40GHz,2308
Intel Core i5-4278U @ 2.60GHz,2828
Intel Core i5-4288U @ 2.60GHz,2648
Intel Core i5-4300M @ 2.60GHz,2961
Intel Core i5-4300U @ 1.90GHz,2489
Intel Core i5-4300Y @ 1.60GHz,1453
Intel Core i5-4302Y @ 1.60GHz,1580
Intel Core i5-4308U @ 2.80GHz,2990
Intel Core i5-430M @ 2.27GHz,1214
Intel Core i5-430UM @ 1.20GHz,627
Intel Core i5-4310M @ 2.70GHz,3023
Intel Core i5-4310U @ 2.00GHz,2530
Intel Core i5-4330M @ 2.80GHz,3210
Intel Core i5-4340M @ 2.90GHz,3249
Intel Core i5-4350U @ 1.40GHz,2425
Intel Core i5-4400E @ 2.70GHz,3251
Intel Core i5-4402E @ 1.60GHz,2681
Intel Core i5-4422E @ 1.80GHz,1907
Intel Core i5-4430 @ 3.00GHz,4671
Intel Core i5-4430S @ 2.70GHz,4363
Intel Core i5-4440 @ 3.10GHz,4796
Intel Core i5-4440S @ 2.80GHz,4388
Intel Core i5-4460 @ 3.20GHz,4928
Intel Core i5-4460S @ 2.90GHz,4649
Intel Core i5-4460T @ 1.90GHz,3654
Intel Core i5-4470 @ 3.30GHz,4491
Intel Core i5-4470S @ 3.00GHz,4742
Intel Core i5-450M @ 2.40GHz,1269
Intel Core i5-4570 @ 3.20GHz,5230
Intel Core i5-4570R @ 2.70GHz,4574
Intel Core i5-4570S @ 2.90GHz,5007
Intel Core i5-4570T @ 2.90GHz,3209
Intel Core i5-4570TE @ 2.70GHz,3155
Intel Core i5-4590 @ 3.30GHz,5380
Intel Core i5-4590S @ 3.00GHz,5121
Intel Core i5-4590T @ 2.00GHz,4058
Intel Core i5-460M @ 2.53GHz,1323
Intel Core i5-4670 @ 3.40GHz,5484
Intel Core i5-4670K @ 3.40GHz,5585
Intel Core i5-4670K CPT @ 3.40GHz,5034
Intel Core i5-4670R @ 3.00GHz,5233
Intel Core i5-4670S @ 3.10GHz,5264
Intel Core i5-4670T @ 2.30GHz,4495
Intel Core i5-4690 @ 3.50GHz,5596
Intel Core i5-4690K @ 3.50GHz,5679
Intel Core i5-4690S @ 3.20GHz,5408
Intel Core i5-4690T @ 2.50GHz,4607
Intel Core i5-470UM @ 1.33GHz,788
Intel Core i5-480M @ 2.67GHz,1334
Intel Core i5-520 @ 2.40GHz,1556
Intel Core i5-5200U @ 2.20GHz,2502
Intel Core i5-520M @ 2.40GHz,1732
Intel Core i5-520UM @ 1.07GHz,932
Intel Core i5-5250U @ 1.60GHz,2448
Intel Core i5-5257U @ 2.70GHz,2829
Intel Core i5-5287U @ 2.90GHz,3077
Intel Core i5-5300U @ 2.30GHz,2702
Intel Core i5-5350U @ 1.80GHz,2588
Intel Core i5-540M @ 2.53GHz,1789
Intel Core i5-540UM @ 1.20GHz,1002
Intel Core i5-5575R @ 2.80GHz,5081
Intel Core i5-560M @ 2.67GHz,1894
Intel Core i5-560UM @ 1.33GHz,1015
Intel Core i5-5675C @ 3.10GHz,5765
Intel Core i5-5675R @ 3.10GHz,5564
Intel Core i5-580M @ 2.67GHz,1997
Intel Core i5-6198DU @ 2.30GHz,3110
Intel Core i5-6200U @ 2.30GHz,2990
Intel Core i5-6260U @ 1.80GHz,3183
Intel Core i5-6267U @ 2.90GHz,3379
Intel Core i5-6287U @ 3.10GHz,3819
Intel Core i5-6300HQ @ 2.30GHz,4671
Intel Core i5-6300U @ 2.40GHz,3201
Intel Core i5-6350HQ @ 2.30GHz,4255
Intel Core i5-6360U @ 2.00GHz,3128
Intel Core i5-6400 @ 2.70GHz,5175
Intel Core i5-6400T @ 2.20GHz,4253
Intel Core i5-6402P @ 2.80GHz,5362
Intel Core i5-6440EQ @ 2.70GHz,5329
Intel Core i5-6440HQ @ 2.60GHz,5023
Intel Core i5-6442EQ @ 1.90GHz,4483
Intel Core i5-650 @ 3.20GHz,2257
Intel Core i5-6500 @ 3.20GHz,5602
Intel Core i5-6500T @ 2.50GHz,4769
Intel Core i5-6500TE @ 2.30GHz,4942
Intel Core i5-655K @ 3.20GHz,2017
Intel Core i5-660 @ 3.33GHz,2374
Intel Core i5-6600 @ 3.30GHz,6072
Intel Core i5-6600K @ 3.50GHz,6305
Intel Core i5-6600T @ 2.70GHz,5574
Intel Core i5-661 @ 3.33GHz,2387
Intel Core i5-670 @ 3.47GHz,2562
Intel Core i5-680 @ 3.60GHz,2636
Intel Core i5-7200U @ 2.50GHz,3373
Intel Core i5-7260U @ 2.20GHz,3954
Intel Core i5-7267U @ 3.10GHz,3629
Intel Core i5-7287U @ 3.30GHz,3743
Intel Core i5-7300HQ @ 2.50GHz,5079
Intel Core i5-7300U @ 2.60GHz,3623
Intel Core i5-7360U @ 2.30GHz,3818
Intel Core i5-7400 @ 3.00GHz,5480
Intel Core i5-7400T @ 2.40GHz,4690
Intel Core i5-7440EQ @ 2.90GHz,5711
Intel Core i5-7440HQ @ 2.80GHz,5435
Intel Core i5-7442EQ @ 2.10GHz,4834
Intel Core i5-750 @ 2.67GHz,2552
Intel Core i5-7500 @ 3.40GHz,6038
Intel Core i5-7500T @ 2.70GHz,5238
Intel Core i5-760 @ 2.80GHz,2676
Intel Core i5-7600 @ 3.50GHz,6586
Intel Core i5-7600K @ 3.80GHz,6814
Intel Core i5-7600T @ 2.80GHz,5835
Intel Core i5-760S @ 2.53GHz,5440
Intel Core i5-7640X @ 4.00GHz,7096
Intel Core i5-7Y54 @ 1.20GHz,2579
Intel Core i5-7Y57 @ 1.20GHz,2549
Intel Core i5-8200Y @ 1.30GHz,2222
Intel Core i5-8210Y @ 1.60GHz,2720
Intel Core i5-8250U @ 1.60GHz,5794
Intel Core i5-8257U @ 1.40GHz,7394
Intel Core i5-8259U @ 2.30GHz,7799
Intel Core i5-8260U @ 1.60GHz,7273
Intel Core i5-8265U @ 1.60GHz,5789
Intel Core i5-8265UC @ 1.60GHz,5274
Intel Core i5-8269U @ 2.60GHz,7111
Intel Core i5-8279U @ 2.40GHz,7427
Intel Core i5-8300H @ 2.30GHz,7361
Intel Core i5-8305G @ 2.80GHz,6917
Intel Core i5-8350U @ 1.70GHz,6099
Intel Core i5-8365U @ 1.60GHz,5951
Intel Core i5-8365UE @ 1.60GHz,5504
Intel Core i5-8400 @ 2.80GHz,9232
Intel Core i5-8400H @ 2.50GHz,7509
Intel Core i5-8400T @ 1.70GHz,7396
Intel Core i5-8500 @ 3.00GHz,9511
Intel Core i5-8500B @ 3.00GHz,8827
Intel Core i5-8500T @ 2.10GHz,7731
Intel Core i5-8600 @ 3.10GHz,9981
Intel Core i5-8600K @ 3.60GHz,10141
Intel Core i5-8600T @ 2.30GHz,9172
Intel Core i5-9300H @ 2.40GHz,7412
Intel Core i5-9300HF @ 2.40GHz,7232
Intel Core i5-9400 @ 2.90GHz,9370
Intel Core i5-9400F @ 2.90GHz,9462
Intel Core i5-9400H @ 2.50GHz,7812
Intel Core i5-9400T @ 1.80GHz,8132
Intel Core i5-9500 @ 3.00GHz,9855
Intel Core i5-9500E @ 3.00GHz,9074
Intel Core i5-9500F @ 3.00GHz,9989
Intel Core i5-9500T @ 2.20GHz,8042
Intel Core i5-9500TE @ 2.20GHz,9731
Intel Core i5-9600 @ 3.10GHz,10331
Intel Core i5-9600K @ 3.70GHz,10654
Intel Core i5-9600KF @ 3.70GHz,10645
Intel Core i5-9600T @ 2.30GHz,9584
Intel Core i5-L16G7 @ 1.40GHz,3287
Intel Core i7-10510U @ 1.80GHz,6361
Intel Core i7-10510Y @ 1.20GHz,3733
Intel Core i7-1060NG7 @ 1.20GHz,6430
Intel Core i7-10610U @ 1.80GHz,6580
Intel Core i7-1065G7 @ 1.30GHz,8109
Intel Core i7-1068NG7 @ 2.30GHz,9169
Intel Core i7-10700 @ 2.90GHz,16012
Intel Core i7-10700E @ 2.90GHz,16172
Intel Core i7-10700F @ 2.90GHz,16102
Intel Core i7-10700K @ 3.80GHz,18519
Intel Core i7-10700KF @ 3.80GHz,18320
Intel Core i7-10700T @ 2.00GHz,12858
Intel Core i7-10700TE @ 2.00GHz,13430
Intel Core i7-10710U @ 1.10GHz,9177
Intel Core i7-10750H @ 2.60GHz,11457
Intel Core i7-10810U @ 1.10GHz,8023
Intel Core i7-10850H @ 2.70GHz,11535
Intel Core i7-10870H @ 2.20GHz,13959
Intel Core i7-10875H @ 2.30GHz,14422
Intel Core i7-11370H @ 3.30GHz,11533
Intel Core i7-11375H @ 3.30GHz,11595
Intel Core i7-11390H @ 3.40GHz,9683
Intel Core i7-11600H @ 2.90GHz,15528
Intel Core i7-1160G7 @ 1.20GHz,8729
Intel Core i7-1165G7 @ 2.80GHz,9793
Intel Core i7-11700 @ 2.50GHz,20610
Intel Core i7-11700B @ 3.20GHz,21606
Intel Core i7-11700F @ 2.50GHz,20777
Intel Core i7-11700K @ 3.60GHz,24341
Intel Core i7-11700KF @ 3.60GHz,23819
Intel Core i7-11700T @ 1.40GHz,15243
Intel Core i7-11800H @ 2.30GHz,19673
Intel Core i7-1180G7 @ 1.30GHz,7815
Intel Core i7-11850H @ 2.50GHz,19722
Intel Core i7-11850HE @ 2.60GHz,20111
Intel Core i7-1185G7 @ 3.00GHz,9929
Intel Core i7-1185G7E @ 2.80GHz,9787
Intel Core i7-1185GRE @ 2.80GHz,7767
Intel Core i7-1195G7 @ 2.90GHz,10395
Intel Core i7-1250U,11196
Intel Core i7-1255U,12908
Intel Core i7-1260P,16524
Intel Core i7-1260U,13268
Intel Core i7-12650H,21456
Intel Core i7-12650HX,22485
Intel Core i7-1265U,13131
Intel Core i7-1265UE,10183
Intel Core i7-1265UL,18294
Intel Core i7-12700,29904
Intel Core i7-12700E,28437
Intel Core i7-12700F,30209
Intel Core i7-12700H,25100
Intel Core i7-12700K,34278
Intel Core i7-12700KF,33968
Intel Core i7-12700T,21230
Intel Core i7-12700TE,19543
Intel Core i7-1270P,16216
Intel Core i7-1270PE,16398
Intel Core i7-12800H,23868
Intel Core i7-12800HE,26307
Intel Core i7-12800HX,31221
Intel Core i7-1280P,20087
Intel Core i7-12850HX,30550
Intel Core i7-1355U,13929
Intel Core i7-1360P,18376
Intel Core i7-13620H,23391
Intel Core i7-13645HX,29215
Intel Core i7-13650HX,30217
Intel Core i7-1365U,13676
Intel Core i7-1365UE,10915
Intel Core i7-1365URE,10891
Intel Core i7-13700,36002
Intel Core i7-13700E,33280
Intel Core i7-13700F,37863
Intel Core i7-13700H,25950
Intel Core i7-13700HX,31792
Intel Core i7-13700K,45684
Intel Core i7-13700KF,45565
Intel Core i7-13700T,27599
Intel Core i7-13700TE,21998
Intel Core i7-13705H,25544
Intel Core i7-1370P,19686
Intel Core i7-1370PE,19254
Intel Core i7-1370PRE,19547
Intel Core i7-13790F,42218
Intel Core i7-13800H,26227
Intel Core i7-13800HRE,19721
Intel Core i7-13850HX,36262
Intel Core i7-14650HX,33617
Intel Core i7-14700,40552
Intel Core i7-14700F,41400
Intel Core i7-14700HX,36733
Intel Core i7-14700K,51989
Intel Core i7-14700KF,52084
Intel Core i7-14700T,30879
Intel Core i7-14701E,26103
Intel Core i7-14701TE,24821
Intel Core i7-14790F,38351
Intel Core i7-2600 @ 3.40GHz,5328
Intel Core i7-2600K @ 3.40GHz,5478
Intel Core i7-2600S @ 2.80GHz,4630
Intel Core i7-2610UE @ 1.50GHz,1527
Intel Core i7-2617M @ 1.50GHz,1837
Intel Core i7-2620M @ 2.70GHz,2427
Intel Core i7-2630QM @ 2.00GHz,3559
Intel Core i7-2630UM @ 1.60GHz,400
Intel Core i7-2635QM @ 2.00GHz,3524
Intel Core i7-2637M @ 1.70GHz,1892
Intel Core i7-2640M @ 2.80GHz,2424
Intel Core i7-2655LE @ 2.20GHz,1999
Intel Core i7-2670QM @ 2.20GHz,3739
Intel Core i7-2675QM @ 2.20GHz,3669
Intel Core i7-2677M @ 1.80GHz,1901
Intel Core i7-2700K @ 3.50GHz,5695
Intel Core i7-2710QE @ 2.10GHz,3749
Intel Core i7-2715QE @ 2.10GHz,3221
Intel Core i7-2720QM @ 2.20GHz,4032
Intel Core i7-2760QM @ 2.40GHz,4282
Intel Core i7-2820QM @ 2.30GHz,4362
Intel Core i7-2840QM @ 2.40GHz,3842
Intel Core i7-2860QM @ 2.50GHz,4563
Intel Core i7-2920XM @ 2.50GHz,4269
Intel Core i7-2960XM @ 2.70GHz,4692
Intel Core i7-3517U @ 1.90GHz,2109
Intel Core i7-3517UE @ 1.70GHz,2384
Intel Core i7-3520M @ 2.90GHz,2854
Intel Core i7-3537U @ 2.00GHz,2351
Intel Core i7-3540M @ 3.00GHz,2989
Intel Core i7-3555LE @ 2.50GHz,2195
Intel Core i7-3610QE @ 2.30GHz,5333
Intel Core i7-3610QM @ 2.30GHz,5152
Intel Core i7-3612QE @ 2.10GHz,4668
Intel Core i7-3612QM @ 2.10GHz,4644
Intel Core i7-3615QE @ 2.30GHz,5617
Intel Core i7-3615QM @ 2.30GHz,5174
Intel Core i7-3630QM @ 2.40GHz,5136
Intel Core i7-3632QM @ 2.20GHz,4745
Intel Core i7-3635QM @ 2.40GHz,4798
Intel Core i7-3667U @ 2.00GHz,2458
Intel Core i7-3687U @ 2.10GHz,2631
Intel Core i7-3689Y @ 1.50GHz,1967
Intel Core i7-3720QM @ 2.60GHz,5561
Intel Core i7-3740QM @ 2.70GHz,5714
Intel Core i7-3770 @ 3.40GHz,6415
Intel Core i7-3770K @ 3.50GHz,6514
Intel Core i7-3770S @ 3.10GHz,6179
Intel Core i7-3770T @ 2.50GHz,5416
Intel Core i7-3820 @ 3.60GHz,5791
Intel Core i7-3820QM @ 2.70GHz,5604
Intel Core i7-3840QM @ 2.80GHz,5827
Intel Core i7-3920XM @ 2.90GHz,5660
Intel Core i7-3930K @ 3.20GHz,8191
Intel Core i7-3940XM @ 3.00GHz,6015
Intel Core i7-3960X @ 3.30GHz,8427
Intel Core i7-3970X @ 3.50GHz,8603
Intel Core i7-4500U @ 1.80GHz,2486
Intel Core i7-4510U @ 2.00GHz,2641
Intel Core i7-4550U @ 1.50GHz,2307
Intel Core i7-4558U @ 2.80GHz,2973
Intel Core i7-4560U @ 1.60GHz,2473
Intel Core i7-4578U @ 3.00GHz,3058
Intel Core i7-4600M @ 2.90GHz,3212
Intel Core i7-4600U @ 2.10GHz,2713
Intel Core i7-4610M @ 3.00GHz,3250
Intel Core i7-4610Y @ 1.70GHz,2446
Intel Core i7-4650U @ 1.70GHz,2458
Intel Core i7-4700EQ @ 2.40GHz,5417
Intel Core i7-4700HQ @ 2.40GHz,5577
Intel Core i7-4700MQ @ 2.40GHz,5361
Intel Core i7-4702HQ @ 2.20GHz,5421
Intel Core i7-4702MQ @ 2.20GHz,5174
Intel Core i7-4710HQ @ 2.50GHz,5525
Intel Core i7-4710MQ @ 2.50GHz,5790
Intel Core i7-4712HQ @ 2.30GHz,5309
Intel Core i7-4712MQ @ 2.30GHz,5296
Intel Core i7-4720HQ @ 2.60GHz,5729
Intel Core i7-4722HQ @ 2.40GHz,5778
Intel Core i7-4750HQ @ 2.00GHz,5652
Intel Core i7-4760HQ @ 2.10GHz,6300
Intel Core i7-4765T @ 2.00GHz,5033
Intel Core i7-4770 @ 3.40GHz,7068
Intel Core i7-4770HQ @ 2.20GHz,6017
Intel Core i7-4770K @ 3.50GHz,7146
Intel Core i7-4770R @ 3.20GHz,6561
Intel Core i7-4770S @ 3.10GHz,6725
Intel Core i7-4770T @ 2.50GHz,5798
Intel Core i7-4770TE @ 2.30GHz,5042
Intel Core i7-4771 @ 3.50GHz,7150
Intel Core i7-4785T @ 2.20GHz,5484
Intel Core i7-4790 @ 3.60GHz,7264
Intel Core i7-4790K @ 4.00GHz,8064
Intel Core i7-4790S @ 3.20GHz,6970
Intel Core i7-4790T @ 2.70GHz,6310
Intel Core i7-4800MQ @ 2.70GHz,5780
Intel Core i7-4810MQ @ 2.80GHz,6037
Intel Core i7-4820K @ 3.70GHz,6516
Intel Core i7-4850HQ @ 2.30GHz,6136
Intel Core i7-4860EQ @ 1.80GHz,5508
Intel Core i7-4860HQ @ 2.40GHz,6232
Intel Core i7-4870HQ @ 2.50GHz,6305
Intel Core i7-4900MQ @ 2.80GHz,6213
Intel Core i7-4910MQ @ 2.90GHz,6268
Intel Core i7-4930K @ 3.40GHz,9384
Intel Core i7-4930MX @ 3.00GHz,6391
Intel Core i7-4940MX @ 3.10GHz,6783
Intel Core i7-4960HQ @ 2.60GHz,6368
Intel Core i7-4960X @ 3.60GHz,9917
Intel Core i7-4980HQ @ 2.80GHz,6556
Intel Core i7-5500U @ 2.40GHz,2805
Intel Core i7-5550U @ 2.00GHz,2780
Intel Core i7-5557U @ 3.10GHz,3154
Intel Core i7-5600U @ 2.60GHz,2996
Intel Core i7-5650U @ 2.20GHz,3006
Intel Core i7-5675C @ 3.10GHz,6089
Intel Core i7-5700EQ @ 2.60GHz,5803
Intel Core i7-5700HQ @ 2.70GHz,6077
Intel Core i7-5775C @ 3.30GHz,7719
Intel Core i7-5775R @ 3.30GHz,7483
Intel Core i7-5820K @ 3.30GHz,9829
Intel Core i7-5850EQ @ 2.70GHz,7036
Intel Core i7-5850HQ @ 2.70GHz,6866
Intel Core i7-5930K @ 3.50GHz,10357
Intel Core i7-5950HQ @ 2.90GHz,7667
Intel Core i7-5960X @ 3.00GHz,13636
Intel Core i7-610 @ 2.53GHz,1365
Intel Core i7-610E @ 2.53GHz,2071
Intel Core i7-620LM @ 2.00GHz,1457
Intel Core i7-620M @ 2.67GHz,1980
Intel Core i7-620UM @ 1.07GHz,1091
Intel Core i7-640LM @ 2.13GHz,1534
Intel Core i7-640M @ 2.80GHz,2106
Intel Core i7-640UM @ 1.20GHz,1073
Intel Core i7-6498DU @ 2.50GHz,3372
Intel Core i7-6500U @ 2.50GHz,3273
Intel Core i7-6560U @ 2.20GHz,3340
Intel Core i7-6567U @ 3.30GHz,3666
Intel Core i7-6600U @ 2.60GHz,3404
Intel Core i7-660UM @ 1.33GHz,1279
Intel Core i7-6650U @ 2.20GHz,3575
Intel Core i7-6660U @ 2.40GHz,3601
Intel Core i7-6700 @ 3.40GHz,8036
Intel Core i7-6700HQ @ 2.60GHz,6525
Intel Core i7-6700K @ 4.00GHz,8939
Intel Core i7-6700T @ 2.80GHz,6992
Intel Core i7-6700TE @ 2.40GHz,6204
Intel Core i7-6770HQ @ 2.60GHz,7046
Intel Core i7-6800K @ 3.40GHz,10710
Intel Core i7-680UM @ 1.47GHz,1281
Intel Core i7-6820EQ @ 2.80GHz,7025
Intel Core i7-6820HK @ 2.70GHz,6991
Intel Core i7-6820HQ @ 2.70GHz,6742
Intel Core i7-6822EQ @ 2.00GHz,5550
Intel Core i7-6850K @ 3.60GHz,11372
Intel Core i7-6900K @ 3.20GHz,14656
Intel Core i7-6920HQ @ 2.90GHz,7248
Intel Core i7-6950X @ 3.00GHz,17559
Intel Core i7-6970HQ @ 2.80GHz,4632
Intel Core i7-720QM @ 1.60GHz,1678
Intel Core i7-740QM @ 1.73GHz,1841
Intel Core i7-7500U @ 2.70GHz,3639
Intel Core i7-7560U @ 2.40GHz,3855
Intel Core i7-7567U @ 3.50GHz,4122
Intel Core i7-7600U @ 2.80GHz,3705
Intel Core i7-7660U @ 2.50GHz,4027
Intel Core i7-7700 @ 3.60GHz,8642
Intel Core i7-7700HQ @ 2.80GHz,6882
Intel Core i7-7700K @ 4.20GHz,9636
Intel Core i7-7700T @ 2.90GHz,7538
Intel Core i7-7740X @ 4.30GHz,9698
Intel Core i7-7800X @ 3.50GHz,12998
Intel Core i7-7820EQ @ 3.00GHz,7061
Intel Core i7-7820HK @ 2.90GHz,7407
Intel Core i7-7820HQ @ 2.90GHz,7153
Intel Core i7-7820X @ 3.60GHz,17145
Intel Core i7-7900X @ 3.30GHz,20363
Intel Core i7-7920HQ @ 3.10GHz,7266
Intel Core i7-7Y75 @ 1.30GHz,2537
Intel Core i7-8086K @ 4.00GHz,14086
Intel Core i7-820QM @ 1.73GHz,1847
Intel Core i7-840QM @ 1.87GHz,2038
Intel Core i7-8500Y @ 1.50GHz,2437
Intel Core i7-8550U @ 1.80GHz,5794
Intel Core i7-8557U @ 1.70GHz,7281
Intel Core i7-8559U @ 2.70GHz,8243
Intel Core i7-8560U @ 1.80GHz,6637
Intel Core i7-8565U @ 1.80GHz,5954
Intel Core i7-8565UC @ 1.80GHz,6187
Intel Core i7-8569U @ 2.80GHz,8128
Intel Core i7-860 @ 2.80GHz,3029
Intel Core i7-860S @ 2.53GHz,2365
Intel Core i7-8650U @ 1.90GHz,6188
Intel Core i7-8665U @ 1.90GHz,6171
Intel Core i7-8665UE @ 1.70GHz,4852
Intel Core i7-870 @ 2.93GHz,3170
Intel Core i7-8700 @ 3.20GHz,12745
Intel Core i7-8700B @ 3.20GHz,11775
Intel Core i7-8700K @ 3.70GHz,13568
Intel Core i7-8700T @ 2.40GHz,10212
Intel Core i7-8705G @ 3.10GHz,7621
Intel Core i7-8706G @ 3.10GHz,7492
Intel Core i7-8709G @ 3.10GHz,7934
Intel Core i7-870S @ 2.67GHz,2765
Intel Core i7-8750H @ 2.20GHz,9752
Intel Core i7-875K @ 2.93GHz,3189
Intel Core i7-880 @ 3.07GHz,3439
Intel Core i7-8809G @ 3.10GHz,8446
Intel Core i7-8850H @ 2.60GHz,10041
Intel Core i7-920 @ 2.67GHz,2874
Intel Core i7-920XM @ 2.00GHz,2032
Intel Core i7-930 @ 2.80GHz,3012
Intel Core i7-940 @ 2.93GHz,3061
Intel Core i7-940XM @ 2.13GHz,2269
Intel Core i7-950 @ 3.07GHz,3264
Intel Core i7-960 @ 3.20GHz,3394
Intel Core i7-965 @ 3.20GHz,3396
Intel Core i7-970 @ 3.20GHz,6562
Intel Core i7-9700 @ 3.00GHz,13184
Intel Core i7-9700E @ 2.60GHz,12561
Intel Core i7-9700F @ 3.00GHz,13167
Intel Core i7-9700K @ 3.60GHz,14406
Intel Core i7-9700KF @ 3.60GHz,14264
Intel Core i7-9700T @ 2.00GHz,10517
Intel Core i7-9700TE @ 1.80GHz,9720
Intel Core i7-975 @ 3.33GHz,3553
Intel Core i7-9750H @ 2.60GHz,10579
Intel Core i7-9750HF @ 2.60GHz,10184
Intel Core i7-980 @ 3.33GHz,6886
Intel Core i7-9800X @ 3.80GHz,18145
Intel Core i7-980X @ 3.33GHz,6826
Intel Core i7-985 @ 3.47GHz,3928
Intel Core i7-9850H @ 2.60GHz,10833
Intel Core i7-9850HE @ 2.70GHz,9972
Intel Core i7-9850HL @ 1.90GHz,7897
Intel Core i7-990X @ 3.47GHz,7143
Intel Core i7-995X @ 3.60GHz,7862
Intel Core i9-10850K @ 3.60GHz,21897
Intel Core i9-10880H @ 2.30GHz,14240
Intel Core i9-10885H @ 2.40GHz,14280
Intel Core i9-10900 @ 2.80GHz,19085
Intel Core i9-10900E @ 2.80GHz,18785
Intel Core i9-10900F @ 2.80GHz,19734
Intel Core i9-10900K @ 3.70GHz,22283
Intel Core i9-10900KF @ 3.70GHz,22197
Intel Core i9-10900T @ 1.90GHz,14714
Intel Core i9-10900TE @ 1.80GHz,14159
Intel Core i9-10900X @ 3.70GHz,22317
Intel Core i9-10910 @ 3.60GHz,21379
Intel Core i9-10920X @ 3.50GHz,25745
Intel Core i9-10940X @ 3.30GHz,27670
Intel Core i9-10980HK @ 2.40GHz,15117
Intel Core i9-10980XE @ 3.00GHz,31937
Intel Core i9-11900 @ 2.50GHz,22348
Intel Core i9-11900F @ 2.50GHz,22091
Intel Core i9-11900H @ 2.50GHz,19834
Intel Core i9-11900K @ 3.50GHz,24947
Intel Core i9-11900KB @ 3.30GHz,22741
Intel Core i9-11900KF @ 3.50GHz,24528
Intel Core i9-11900T @ 1.50GHz,18349
Intel Core i9-11950H @ 2.60GHz,20431
Intel Core i9-11980HK @ 2.60GHz,22127
Intel Core i9-12900,33643
Intel Core i9-12900E,28170
Intel Core i9-12900F,35759
Intel Core i9-12900H,26722
Intel Core i9-12900HK,25217
Intel Core i9-12900HX,33093
Intel Core i9-12900K,41133
Intel Core i9-12900KF,40570
Intel Core i9-12900KS,43409
Intel Core i9-12900T,28852
Intel Core i9-12900TE,20543
Intel Core i9-12950HX,31146
Intel Core i9-13900,44873
Intel Core i9-13900E,40326
Intel Core i9-13900F,48379
Intel Core i9-13900H,27154
Intel Core i9-13900HK,26829
Intel Core i9-13900HX,41765
Intel Core i9-13900K,58166
Intel Core i9-13900KF,57539
Intel Core i9-13900KS,60488
Intel Core i9-13900T,42613
Intel Core i9-13900TE,21111
Intel Core i9-13905H,29683
Intel Core i9-13950HX,40681
Intel Core i9-13980HX,45501
Intel Core i9-14900,44806
Intel Core i9-14900F,46645
Intel Core i9-14900HX,44031
Intel Core i9-14900K,58333
Intel Core i9-14900KF,58200
Intel Core i9-14900KS,60063
Intel Core i9-14900T,37138
Intel Core i9-14901E,30298
Intel Core i9-7900X @ 3.30GHz,20840
Intel Core i9-7920X @ 2.90GHz,23557
Intel Core i9-7940X @ 3.10GHz,25228
Intel Core i9-7960X @ 2.80GHz,27590
Intel Core i9-7980XE @ 2.60GHz,29529
Intel Core i9-8950HK @ 2.90GHz,10339
Intel Core i9-9820X @ 3.30GHz,20536
Intel Core i9-9880H @ 2.30GHz,13463
Intel Core i9-9900 @ 3.10GHz,16278
Intel Core i9-9900B @ 3.10GHz,15893
Intel Core i9-9900K @ 3.60GHz,18059
Intel Core i9-9900KF @ 3.60GHz,17998
Intel Core i9-9900KS @ 4.00GHz,19377
Intel Core i9-9900T @ 2.10GHz,13086
Intel Core i9-9900X @ 3.50GHz,21666
Intel Core i9-9920X @ 3.50GHz,24760
Intel Core i9-9940X @ 3.30GHz,28007
Intel Core i9-9960X @ 3.10GHz,29670
Intel Core i9-9980HK @ 2.40GHz,13931
Intel Core i9-9980XE @ 3.00GHz,31479
Intel Core i9-9990XE @ 4.00GHz,30162
Intel Core M-5Y10 @ 0.80GHz,1648
Intel Core M-5Y10a @ 0.80GHz,1905
Intel Core M-5Y10c @ 0.80GHz,1897
Intel Core M-5Y31 @ 0.90GHz,1889
Intel Core M-5Y51 @ 1.10GHz,1974
Intel Core M-5Y70 @ 1.10GHz,1890
Intel Core M-5Y71 @ 1.20GHz,1961
Intel Core m3-6Y30 @ 0.90GHz,2168
Intel Core m3-7Y30 @ 1.00GHz,2467
Intel Core m3-7Y32 @ 1.10GHz,2698
Intel Core m3-8100Y @ 1.10GHz,2751
Intel Core m5-6Y54 @ 1.10GHz,2279
Intel Core m5-6Y57 @ 1.10GHz,2346
Intel Core m5-7Y54 @ 1.20GHz,1475
Intel Core m7-6Y75 @ 1.20GHz,2346
Intel Core Solo T1300 @ 1.66GHz,210
Intel Core Solo T1350 @ 1.86GHz,194
Intel Core Solo T1400 @ 1.83GHz,253
Intel Core Solo U1300 @ 1.06GHz,127
Intel Core Solo U1400 @ 1.20GHz,130
Intel Core Solo U1500 @ 1.33GHz,164
Intel Core Ultra 3 105UL,10285
Intel Core Ultra 3 205,26193
Intel Core Ultra 3 205T,23436
Intel Core Ultra 5 115U,11585
Intel Core Ultra 5 125H,20295
Intel Core Ultra 5 125U,16813
Intel Core Ultra 5 134U,13141
Intel Core Ultra 5 135H,21984
Intel Core Ultra 5 135U,16703
Intel Core Ultra 5 225,30444
Intel Core Ultra 5 225F,31066
Intel Core Ultra 5 225H,28348
Intel Core Ultra 5 225T,25621
Intel Core Ultra 5 225U,17773
Intel Core Ultra 5 226V,18015
Intel Core Ultra 5 228V,18265
Intel Core Ultra 5 230F,32916
Intel Core Ultra 5 235,40031
Intel Core Ultra 5 235A,38392
Intel Core Ultra 5 235H,29846
Intel Core Ultra 5 235HX,40759
Intel Core Ultra 5 235T,31417
Intel Core Ultra 5 235U,17546
Intel Core Ultra 5 236V,18363
Intel Core Ultra 5 238V,18359
Intel Core Ultra 5 245,38495
Intel Core Ultra 5 245HX,37472
Intel Core Ultra 5 245K,43143
Intel Core Ultra 5 245KF,43171
Intel Core Ultra 5 245T,30752
Intel Core Ultra 5 250K Plus,52188
Intel Core Ultra 5 250KF Plus,46743
Intel Core Ultra 5 322,15167
Intel Core Ultra 5 325,19802
Intel Core Ultra 5 332,15337
Intel Core Ultra 5 335,20491
Intel Core Ultra 5 336H,25187
Intel Core Ultra 5 338H,28869
Intel Core Ultra 7 155H,24577
Intel Core Ultra 7 155U,16198
Intel Core Ultra 7 164U,12562
Intel Core Ultra 7 165H,25862
Intel Core Ultra 7 165U,16737
Intel Core Ultra 7 255H,30725
Intel Core Ultra 7 255HX,48674
Intel Core Ultra 7 255U,17928
Intel Core Ultra 7 256V,19582
Intel Core Ultra 7 258V,18930
Intel Core Ultra 7 265,49726
Intel Core Ultra 7 265F,49494
Intel Core Ultra 7 265H,34145
Intel Core Ultra 7 265HX,48550
Intel Core Ultra 7 265K,58664
Intel Core Ultra 7 265KF,58560
Intel Core Ultra 7 265T,38105
Intel Core Ultra 7 265U,17643
Intel Core Ultra 7 266V,19396
Intel Core Ultra 7 268V,19417
Intel Core Ultra 7 270K Plus,68752
Intel Core Ultra 7 355,20580
Intel Core Ultra 7 356H,34105
Intel Core Ultra 7 365,21166
Intel Core Ultra 7 366H,33045
Intel Core Ultra 9 185H,29104
Intel Core Ultra 9 275HX,55864
Intel Core Ultra 9 285,57567
Intel Core Ultra 9 285H,34261
Intel Core Ultra 9 285HX,57190
Intel Core Ultra 9 285K,67271
Intel Core Ultra 9 285T,39873
Intel Core Ultra 9 288V,19873
Intel Core Ultra 9 290HX Plus,63130
Intel Core Ultra 9 290K Plus,60860
Intel Core Ultra 9 386H,35354
Intel Core Ultra X7 358H,33728
Intel Core Ultra X7 368H,33179
Intel Core Ultra X9 388H,36454
Intel Core2 6320 @ 1.86GHz,849
Intel Core2 Duo E4300 @ 1.80GHz,588
Intel Core2 Duo E4400 @ 2.00GHz,737
Intel Core2 Duo E4500 @ 2.20GHz,748
Intel Core2 Duo E4600 @ 2.40GHz,876
Intel Core2 Duo E4700 @ 2.60GHz,1021
Intel Core2 Duo E6300 @ 1.86GHz,655
Intel Core2 Duo E6320 @ 1.86GHz,716
Intel Core2 Duo E6400 @ 2.13GHz,779
Intel Core2 Duo E6420 @ 2.13GHz,784
Intel Core2 Duo E6540 @ 2.33GHz,808
Intel Core2 Duo E6550 @ 2.33GHz,904
Intel Core2 Duo E6600 @ 2.40GHz,939
Intel Core2 Duo E6700 @ 2.66GHz,975
Intel Core2 Duo E6750 @ 2.66GHz,1031
Intel Core2 Duo E6850 @ 3.00GHz,1152
Intel Core2 Duo E7200 @ 2.53GHz,1004
Intel Core2 Duo E7300 @ 2.66GHz,999
Intel Core2 Duo E7400 @ 2.80GHz,1068
Intel Core2 Duo E7500 @ 2.93GHz,1163
Intel Core2 Duo E7600 @ 3.06GHz,1149
Intel Core2 Duo E8135 @ 2.40GHz,998
Intel Core2 Duo E8135 @ 2.66GHz,946
Intel Core2 Duo E8200 @ 2.66GHz,1136
Intel Core2 Duo E8235 @ 2.80GHz,1020
Intel Core2 Duo E8290 @ 2.83GHz,1408
Intel Core2 Duo E8300 @ 2.83GHz,1057
Intel Core2 Duo E8335 @ 2.66GHz,1082
Intel Core2 Duo E8335 @ 2.93GHz,1079
Intel Core2 Duo E8400 @ 3.00GHz,1221
Intel Core2 Duo E8435 @ 3.06GHz,1104
Intel Core2 Duo E8500 @ 3.16GHz,1301
Intel Core2 Duo E8600 @ 3.33GHz,1378
Intel Core2 Duo E8700 @ 3.50GHz,1302
Intel Core2 Duo L7100 @ 1.20GHz,467
Intel Core2 Duo L7200 @ 1.33GHz,380
Intel Core2 Duo L7300 @ 1.40GHz,536
Intel Core2 Duo L7400 @ 1.50GHz,516
Intel Core2 Duo L7500 @ 1.60GHz,666
Intel Core2 Duo L7700 @ 1.80GHz,677
Intel Core2 Duo L7800 @ 2.00GHz,680
Intel Core2 Duo L9300 @ 1.60GHz,690
Intel Core2 Duo L9600 @ 2.13GHz,788
Intel Core2 Duo P7350 @ 2.00GHz,729
Intel Core2 Duo P7370 @ 2.00GHz,817
Intel Core2 Duo P7450 @ 2.13GHz,811
Intel Core2 Duo P7500 @ 1.60GHz,576
Intel Core2 Duo P7550 @ 2.26GHz,798
Intel Core2 Duo P7570 @ 2.26GHz,888
Intel Core2 Duo P7700 @ 1.80GHz,622
Intel Core2 Duo P8400 @ 2.26GHz,872
Intel Core2 Duo P8600 @ 2.40GHz,862
Intel Core2 Duo P8700 @ 2.53GHz,972
Intel Core2 Duo P8800 @ 2.66GHz,937
Intel Core2 Duo P9300 @ 2.26GHz,983
Intel Core2 Duo P9500 @ 2.53GHz,1007
Intel Core2 Duo P9600 @ 2.53GHz,1040
Intel Core2 Duo P9600 @ 2.66GHz,1103
Intel Core2 Duo P9700 @ 2.80GHz,1165
Intel Core2 Duo Q6867 @ 3.00GHz,359
Intel Core2 Duo SL9400 @ 1.86GHz,726
Intel Core2 Duo SP9400 @ 2.40GHz,887
Intel Core2 Duo SU9400 @ 1.40GHz,536
Intel Core2 Duo T5200 @ 1.60GHz,470
Intel Core2 Duo T5250 @ 1.50GHz,557
Intel Core2 Duo T5270 @ 1.40GHz,449
Intel Core2 Duo T5300 @ 1.73GHz,530
Intel Core2 Duo T5450 @ 1.66GHz,587
Intel Core2 Duo T5470 @ 1.60GHz,606
Intel Core2 Duo T5500 @ 1.66GHz,578
Intel Core2 Duo T5550 @ 1.83GHz,625
Intel Core2 Duo T5600 @ 1.83GHz,677
Intel Core2 Duo T5670 @ 1.80GHz,631
Intel Core2 Duo T5750 @ 2.00GHz,712
Intel Core2 Duo T5800 @ 2.00GHz,646
Intel Core2 Duo T5850 @ 2.16GHz,721
Intel Core2 Duo T5870 @ 2.00GHz,706
Intel Core2 Duo T5900 @ 2.20GHz,677
Intel Core2 Duo T6400 @ 2.00GHz,745
Intel Core2 Duo T6500 @ 2.10GHz,764
Intel Core2 Duo T6570 @ 2.10GHz,773
Intel Core2 Duo T6600 @ 2.20GHz,807
Intel Core2 Duo T6670 @ 2.20GHz,837
Intel Core2 Duo T7100 @ 1.80GHz,603
Intel Core2 Duo T7200 @ 2.00GHz,748
Intel Core2 Duo T7250 @ 2.00GHz,701
Intel Core2 Duo T7300 @ 2.00GHz,705
Intel Core2 Duo T7400 @ 2.16GHz,755
Intel Core2 Duo T7500 @ 2.20GHz,833
Intel Core2 Duo T7600 @ 2.33GHz,809
Intel Core2 Duo T7700 @ 2.40GHz,941
Intel Core2 Duo T7800 @ 2.60GHz,909
Intel Core2 Duo T8100 @ 2.10GHz,793
Intel Core2 Duo T8300 @ 2.40GHz,906
Intel Core2 Duo T9300 @ 2.50GHz,984
Intel Core2 Duo T9400 @ 2.53GHz,1008
Intel Core2 Duo T9500 @ 2.60GHz,1033
Intel Core2 Duo T9550 @ 2.66GHz,995
Intel Core2 Duo T9600 @ 2.80GHz,1094
Intel Core2 Duo T9800 @ 2.93GHz,1189
Intel Core2 Duo T9900 @ 3.06GHz,1217
Intel Core2 Duo U7300 @ 1.30GHz,536
Intel Core2 Duo U7500 @ 1.06GHz,408
Intel Core2 Duo U7600 @ 1.20GHz,347
Intel Core2 Duo U7700 @ 1.33GHz,420
Intel Core2 Duo U9300 @ 1.20GHz,476
Intel Core2 Duo U9600 @ 1.60GHz,597
Intel Core2 Duo X7360 @ 2.53GHz,1010
Intel Core2 Extreme Q6800 @ 2.93GHz,2292
Intel Core2 Extreme Q6850 @ 3.00GHz,2241
Intel Core2 Extreme Q9200 @ 2.40GHz,2011
Intel Core2 Extreme Q9300 @ 2.53GHz,1962
Intel Core2 Extreme X6800 @ 2.93GHz,1118
Intel Core2 Extreme X7800 @ 2.60GHz,1138
Intel Core2 Extreme X7850 @ 2.80GHz,899
Intel Core2 Extreme X7900 @ 2.80GHz,1135
Intel Core2 Extreme X9000 @ 2.80GHz,1108
Intel Core2 Extreme X9100 @ 3.06GHz,1203
Intel Core2 Extreme X9650 @ 3.00GHz,2434
Intel Core2 Extreme X9750 @ 3.16GHz,2668
Intel Core2 Extreme X9770 @ 3.20GHz,2701
Intel Core2 Extreme X9775 @ 3.20GHz,2780
Intel Core2 Quad Q6600 @ 2.40GHz,1847
Intel Core2 Quad Q6700 @ 2.66GHz,2095
Intel Core2 Quad Q8200 @ 2.33GHz,1812
Intel Core2 Quad Q8300 @ 2.50GHz,1916
Intel Core2 Quad Q8400 @ 2.66GHz,2090
Intel Core2 Quad Q9000 @ 2.00GHz,1597
Intel Core2 Quad Q9100 @ 2.26GHz,1806
Intel Core2 Quad Q9300 @ 2.50GHz,2018
Intel Core2 Quad Q9400 @ 2.66GHz,2163
Intel Core2 Quad Q9450 @ 2.66GHz,2203
Intel Core2 Quad Q9500 @ 2.83GHz,2246
Intel Core2 Quad Q9505 @ 2.83GHz,2159
Intel Core2 Quad Q9550 @ 2.83GHz,2386
Intel Core2 Quad Q9650 @ 3.00GHz,2522
Intel Core2 Quad Q9705 @ 3.16GHz,2324
Intel Core2 Solo U2100 @ 1.06GHz,233
Intel Core2 Solo U2200 @ 1.20GHz,203
Intel Core2 Solo U3300 @ 1.20GHz,245
Intel Core2 Solo U3500 @ 1.40GHz,272
Intel CoreT i5-1350P,19429
Intel CoreTM Ultra 5 115U,12771
Intel E3000 @ 3.40GHz,1629
Intel N100,5325
Intel N150,5391
Intel N200,4589
Intel N250,4820
Intel N50,2609
Intel N95,5292
Intel N97,5830
Intel Pentium 1403 @ 2.60GHz,1851
Intel Pentium 1403 v2 @ 2.60GHz,2284
Intel Pentium 2020M @ 2.40GHz,1412
Intel Pentium 2030M @ 2.50GHz,1436
Intel Pentium 2117U @ 1.80GHz,1017
Intel Pentium 2127U @ 1.90GHz,1044
Intel Pentium 2129Y @ 1.10GHz,587
Intel Pentium 3550M @ 2.30GHz,1339
Intel Pentium 3556U @ 1.70GHz,1064
Intel Pentium 3558U @ 1.70GHz,1061
Intel Pentium 3560M @ 2.40GHz,1436
Intel Pentium 3560Y @ 1.20GHz,887
Intel Pentium 3805U @ 1.90GHz,1211
Intel Pentium 3825U @ 1.90GHz,1403
Intel Pentium 4 1.40GHz,107
Intel Pentium 4 1.50GHz,86
Intel Pentium 4 1.60GHz,84
Intel Pentium 4 1.70GHz,86
Intel Pentium 4 1.80GHz,115
Intel Pentium 4 1.90GHz,104
Intel Pentium 4 1300MHz,77
Intel Pentium 4 1400MHz,83
Intel Pentium 4 1500MHz,81
Intel Pentium 4 1600MHz,125
Intel Pentium 4 1700MHz,100
Intel Pentium 4 1800MHz,114
Intel Pentium 4 2.00GHz,133
Intel Pentium 4 2.20GHz,157
Intel Pentium 4 2.26GHz,151
Intel Pentium 4 2.40GHz,131
Intel Pentium 4 2.50GHz,160
Intel Pentium 4 2.53GHz,162
Intel Pentium 4 2.60GHz,223
Intel Pentium 4 2.66GHz,157
Intel Pentium 4 2.80GHz,240
Intel Pentium 4 2.93GHz,150
Intel Pentium 4 3.00GHz,317
Intel Pentium 4 3.06GHz,264
Intel Pentium 4 3.20GHz,332
Intel Pentium 4 3.40GHz,301
Intel Pentium 4 3.46GHz,295
Intel Pentium 4 3.60GHz,315
Intel Pentium 4 3.73GHz,385
Intel Pentium 4 3.80GHz,384
Intel Pentium 4 3.83GHz,154
Intel Pentium 4 4.00GHz,145
Intel Pentium 4 Mobile 1.40GHz,97
Intel Pentium 4 Mobile 1.50GHz,129
Intel Pentium 4 Mobile 1.60GHz,116
Intel Pentium 4 Mobile 1.70GHz,136
Intel Pentium 4 Mobile 1.80GHz,114
Intel Pentium 4 Mobile 1.90GHz,136
Intel Pentium 4 Mobile 2.00GHz,132
Intel Pentium 4405U @ 2.10GHz,2125
Intel Pentium 4405Y @ 1.50GHz,1427
Intel Pentium 4410Y @ 1.50GHz,1441
Intel Pentium 4415U @ 2.30GHz,2257
Intel Pentium 4415Y @ 1.60GHz,1581
Intel Pentium 4417U @ 2.30GHz,2252
Intel Pentium 4425Y @ 1.70GHz,1702
Intel Pentium 5 2.66GHz,459
Intel Pentium 5405U @ 2.30GHz,2237
Intel Pentium 6405U @ 2.40GHz,2355
Intel Pentium 6805 @ 1.10GHz,4472
Intel Pentium 957 @ 1.20GHz,622
Intel Pentium 967 @ 1.30GHz,638
Intel Pentium 977 @ 1.40GHz,652
Intel Pentium 987 @ 1.50GHz,701
Intel Pentium 997 @ 1.60GHz,833
Intel Pentium A1018 @ 2.10GHz,1171
Intel Pentium A1020 @ 2.41GHz,1167
Intel Pentium B940 @ 2.00GHz,889
Intel Pentium B950 @ 2.10GHz,1024
Intel Pentium B960 @ 2.20GHz,1026
Intel Pentium B970 @ 2.30GHz,1096
Intel Pentium B980 @ 2.40GHz,1092
Intel Pentium D 3.40GHz,782
Intel Pentium D 805 @ 2.66GHz,374
Intel Pentium D 830 @ 3.00GHz,588
Intel Pentium D 915 @ 2.80GHz,468
Intel Pentium D 940 @ 3.20GHz,585
Intel Pentium D 950 @ 3.40GHz,702
Intel Pentium D 960 @ 3.60GHz,822
Intel Pentium D1508 @ 2.20GHz,3240
Intel Pentium Dual T2390 @ 1.86GHz,745
Intel Pentium E2140 @ 1.60GHz,533
Intel Pentium E2160 @ 1.80GHz,663
Intel Pentium E2180 @ 2.00GHz,693
Intel Pentium E2200 @ 2.20GHz,739
Intel Pentium E2210 @ 2.20GHz,702
Intel Pentium E2220 @ 2.40GHz,857
Intel Pentium E5200 @ 2.50GHz,944
Intel Pentium E5300 @ 2.60GHz,945
Intel Pentium E5400 @ 2.70GHz,1026
Intel Pentium E5500 @ 2.80GHz,1068
Intel Pentium E5700 @ 3.00GHz,1107
Intel Pentium E5800 @ 3.20GHz,1203
Intel Pentium E6300 @ 2.80GHz,1032
Intel Pentium E6500 @ 2.93GHz,1139
Intel Pentium E6600 @ 3.06GHz,1161
Intel Pentium E6700 @ 3.20GHz,1200
Intel Pentium E6800 @ 3.33GHz,1155
Intel Pentium Extreme Edition 955 @ 3.46GHz,469
Intel Pentium Extreme Edition 965 @ 3.73GHz,987
Intel Pentium G2010 @ 2.80GHz,1648
Intel Pentium G2020 @ 2.90GHz,1702
Intel Pentium G2020T @ 2.50GHz,1438
Intel Pentium G2030 @ 3.00GHz,1771
Intel Pentium G2030T @ 2.60GHz,1597
Intel Pentium G2100T @ 2.60GHz,1691
Intel Pentium G2120 @ 3.10GHz,1879
Intel Pentium G2120T @ 2.70GHz,1613
Intel Pentium G2130 @ 3.20GHz,1918
Intel Pentium G2140 @ 3.30GHz,2095
Intel Pentium G3220 @ 3.00GHz,1891
Intel Pentium G3220T @ 2.60GHz,1654
Intel Pentium G3240 @ 3.10GHz,1930
Intel Pentium G3240T @ 2.70GHz,1693
Intel Pentium G3250 @ 3.20GHz,2020
Intel Pentium G3250T @ 2.80GHz,1818
Intel Pentium G3258 @ 3.20GHz,2066
Intel Pentium G3260 @ 3.30GHz,2097
Intel Pentium G3260T @ 2.90GHz,1876
Intel Pentium G3320TE @ 2.30GHz,1570
Intel Pentium G3420 @ 3.20GHz,2031
Intel Pentium G3420T @ 2.70GHz,1912
Intel Pentium G3430 @ 3.30GHz,2127
Intel Pentium G3440 @ 3.30GHz,2210
Intel Pentium G3440T @ 2.80GHz,2107
Intel Pentium G3450 @ 3.40GHz,2191
Intel Pentium G3450T @ 2.90GHz,1904
Intel Pentium G3460 @ 3.50GHz,2139
Intel Pentium G3460T @ 3.00GHz,2036
Intel Pentium G3470 @ 3.60GHz,2448
Intel Pentium G4400 @ 3.30GHz,2565
Intel Pentium G4400T @ 2.90GHz,2330
Intel Pentium G4400TE @ 2.40GHz,2190
Intel Pentium G4500 @ 3.50GHz,2813
Intel Pentium G4500T @ 3.00GHz,2399
Intel Pentium G4520 @ 3.60GHz,2661
Intel Pentium G4560 @ 3.50GHz,3530
Intel Pentium G4560T @ 2.90GHz,2994
Intel Pentium G4600 @ 3.60GHz,3622
Intel Pentium G4600T @ 3.00GHz,3062
Intel Pentium G4620 @ 3.70GHz,3773
Intel Pentium G620 @ 2.60GHz,1244
Intel Pentium G620T @ 2.20GHz,896
Intel Pentium G630 @ 2.70GHz,1330
Intel Pentium G630T @ 2.30GHz,1075
Intel Pentium G640 @ 2.80GHz,1359
Intel Pentium G640T @ 2.40GHz,1139
Intel Pentium G645 @ 2.90GHz,1459
Intel Pentium G645T @ 2.50GHz,1245
Intel Pentium G6950 @ 2.80GHz,1252
Intel Pentium G6951 @ 2.80GHz,1264
Intel Pentium G6952 @ 2.80GHz,995
Intel Pentium G6960 @ 2.93GHz,1433
Intel Pentium G840 @ 2.80GHz,1322
Intel Pentium G850 @ 2.90GHz,1497
Intel Pentium G860 @ 3.00GHz,1497
Intel Pentium G870 @ 3.10GHz,1335
Intel Pentium GOLD 6500Y @ 1.10GHz,2921
Intel Pentium Gold 7505 @ 2.00GHz,5169
Intel Pentium Gold 8500,5982
Intel Pentium Gold 8505,9043
Intel Pentium Gold G5400 @ 3.70GHz,3732
Intel Pentium Gold G5400T @ 3.10GHz,3163
Intel Pentium Gold G5420 @ 3.80GHz,3735
Intel Pentium Gold G5420T @ 3.20GHz,3370
Intel Pentium Gold G5500 @ 3.80GHz,3865
Intel Pentium Gold G5500T @ 3.20GHz,3287
Intel Pentium Gold G5600 @ 3.90GHz,3848
Intel Pentium Gold G5600F @ 3.90GHz,4060
Intel Pentium Gold G5600T @ 3.30GHz,3496
Intel Pentium Gold G5620 @ 4.00GHz,4251
Intel Pentium Gold G6400 @ 4.00GHz,4090
Intel Pentium Gold G6400E @ 3.80GHz,3908
Intel Pentium Gold G6400T @ 3.40GHz,3552
Intel Pentium Gold G6405 @ 4.10GHz,3842
Intel Pentium Gold G6405T @ 3.50GHz,3128
Intel Pentium Gold G6500 @ 4.10GHz,4185
Intel Pentium Gold G6500T @ 3.50GHz,3764
Intel Pentium Gold G6505 @ 4.20GHz,4371
Intel Pentium Gold G6505T @ 3.60GHz,3698
Intel Pentium Gold G6600 @ 4.20GHz,4223
Intel Pentium Gold G6605 @ 4.30GHz,4488
Intel Pentium Gold G7400,6715
Intel Pentium Gold G7400E,6200
Intel Pentium Gold G7400T,5274
Intel Pentium Gold G7400TE,5715
Intel Pentium III 1133 @ 1133MHz,185
Intel Pentium III 1200 @ 1200MHz,181
Intel Pentium III 1266S @ 1266MHz,201
Intel Pentium III 1400 @ 1400MHz,193
Intel Pentium III 1400S @ 1400MHz,194
Intel Pentium III 933S @ 933MHz,155
Intel Pentium III Mobile 1000MHz,160
Intel Pentium III Mobile 1066MHz,160
Intel Pentium III Mobile 1133MHz,164
Intel Pentium III Mobile 1200MHz,156
Intel Pentium III Mobile 750MHz,67
Intel Pentium III Mobile 800MHz,119
Intel Pentium III Mobile 866MHz,99
Intel Pentium III Mobile 933MHz,142
Intel Pentium J2850 @ 2.41GHz,1016
Intel Pentium J2900 @ 2.41GHz,1255
Intel Pentium J3710 @ 1.60GHz,1410
Intel Pentium J4205 @ 1.50GHz,2288
Intel Pentium J6426 @ 2.00GHz,4056
Intel Pentium M 1.10GHz,184
Intel Pentium M 1.20GHz,199
Intel Pentium M 1.30GHz,196
Intel Pentium M 1.40GHz,225
Intel Pentium M 1.50GHz,240
Intel Pentium M 1.60GHz,194
Intel Pentium M 1.70GHz,239
Intel Pentium M 1.73GHz,205
Intel Pentium M 1.80GHz,280
Intel Pentium M 1.86GHz,222
Intel Pentium M 1000MHz,156
Intel Pentium M 1100MHz,168
Intel Pentium M 1200MHz,155
Intel Pentium M 1300MHz,197
Intel Pentium M 1400MHz,208
Intel Pentium M 1500MHz,188
Intel Pentium M 1600MHz,193
Intel Pentium M 1700MHz,237
Intel Pentium M 2.00GHz,270
Intel Pentium M 2.10GHz,292
Intel Pentium M 2.13GHz,234
Intel Pentium M 2.26GHz,227
Intel Pentium M 756 @ 1.66GHz,260
Intel Pentium M 900MHz,141
Intel Pentium N3510 @ 1.99GHz,952
Intel Pentium N3520 @ 2.16GHz,1144
Intel Pentium N3530 @ 2.16GHz,1151
Intel Pentium N3540 @ 2.16GHz,1204
Intel Pentium N3700 @ 1.60GHz,1252
Intel Pentium N3710 @ 1.60GHz,1380
Intel Pentium N4200 @ 1.10GHz,2159
Intel Pentium N6415 @ 1.20GHz,2862
Intel Pentium P6000 @ 1.87GHz,844
Intel Pentium P6100 @ 2.00GHz,881
Intel Pentium P6200 @ 2.13GHz,935
Intel Pentium P6300 @ 2.27GHz,950
Intel Pentium Silver A1030 @ 2.00GHz,1380
Intel Pentium Silver J5005 @ 1.50GHz,3126
Intel Pentium Silver J5040 @ 2.00GHz,3225
Intel Pentium Silver N5000 @ 1.10GHz,2586
Intel Pentium Silver N5020 @ 1.10GHz,3404
Intel Pentium Silver N5030 @ 1.10GHz,2526
Intel Pentium Silver N6000 @ 1.10GHz,2937
Intel Pentium Silver N6005 @ 2.00GHz,5236
Intel Pentium SU2700 @ 1.30GHz,252
Intel Pentium SU4100 @ 1.30GHz,506
Intel Pentium T1080 @ 1.73GHz,417
Intel Pentium T2060 @ 1.60GHz,330
Intel Pentium T2080 @ 1.73GHz,341
Intel Pentium T2130 @ 1.86GHz,382
Intel Pentium T2310 @ 1.46GHz,542
Intel Pentium T2330 @ 1.60GHz,533
Intel Pentium T2370 @ 1.73GHz,557
Intel Pentium T2390 @ 1.86GHz,543
Intel Pentium T2410 @ 2.00GHz,566
Intel Pentium T3200 @ 2.00GHz,676
Intel Pentium T3400 @ 2.16GHz,653
Intel Pentium T4200 @ 2.00GHz,730
Intel Pentium T4300 @ 2.10GHz,781
Intel Pentium T4400 @ 2.20GHz,791
Intel Pentium T4500 @ 2.30GHz,850
Intel Pentium U5400 @ 1.20GHz,535
Intel Pentium U5600 @ 1.33GHz,624
Intel T1200 @ 1.50GHz,234
Intel T1400 @ 1.73GHz,548
Intel T1500 @ 1.86GHz,548
Intel T2050 @ 2.00GHz,516
Intel U300,8696
Intel U300E,8410
Intel U300L,7823
Intel U4100 @ 1.30GHz,610
Intel Ultra 5 115U,12381
Intel Xeon 1500MHz,126
Intel Xeon 2.00GHz,152
Intel XEON 2.20GHz,164
Intel Xeon 2.40GHz,180
Intel Xeon 2.66GHz,283
Intel Xeon 2.80GHz,260
Intel Xeon 3.00GHz,425
Intel Xeon 3.06GHz,320
Intel Xeon 3.20GHz,478
Intel Xeon 3.40GHz,389
Intel Xeon 3.60GHz,403
Intel Xeon 3.73GHz,917
Intel Xeon 3.80GHz,393
Intel Xeon 3040 @ 1.86GHz,790
Intel Xeon 3050 @ 2.13GHz,818
Intel Xeon 3060 @ 2.40GHz,983
Intel Xeon 3065 @ 2.33GHz,913
Intel Xeon 3070 @ 2.66GHz,1025
Intel Xeon 3075 @ 2.66GHz,1112
Intel Xeon 3085 @ 3.00GHz,1070
Intel Xeon 5110 @ 1.60GHz,405
Intel Xeon 5120 @ 1.86GHz,763
Intel Xeon 5130 @ 2.00GHz,734
Intel Xeon 5133 @ 2.20GHz,887
Intel Xeon 5140 @ 2.33GHz,857
Intel Xeon 5148 @ 2.33GHz,747
Intel Xeon 5150 @ 2.66GHz,880
Intel Xeon 5160 @ 3.00GHz,963
Intel Xeon 6315P,11923
Intel Xeon 6325P,16117
Intel Xeon 6333P,18374
Intel Xeon 6337P,22098
Intel Xeon 6349P,25793
Intel Xeon 6353P,25951
Intel Xeon 6357P,30401
Intel Xeon 6369P,30315
Intel Xeon 638,55651
Intel Xeon 6505P,38456
Intel Xeon 6507P,31233
Intel Xeon 6511P,45687
Intel Xeon 6515P,45327
Intel Xeon 6517P,49768
Intel Xeon 6520P,62936
Intel Xeon 6521P,66657
Intel Xeon 654,61351
Intel Xeon 658X,68239
Intel Xeon 6710E,61775
Intel Xeon 6724P,50959
Intel Xeon 6730P,74113
Intel Xeon 6731P,69386
Intel Xeon 6732P,74849
Intel Xeon 6736P,50072
Intel Xeon 6737P,79634
Intel Xeon 6740E,76167
Intel Xeon 6740P,88061
Intel Xeon 6741P,100660
Intel Xeon 6745P,84210
Intel Xeon 6747P,101685
Intel Xeon 674X,84536
Intel Xeon 676X,90312
Intel Xeon 6780E,86734
Intel Xeon 6781P,117946
Intel Xeon 678X,97699
Intel Xeon 6960P,130659
Intel Xeon 696X,104974
Intel Xeon 6973P-C,4119
Intel Xeon 6975P-C,28252
Intel Xeon 6980P,74324
Intel Xeon @ 2.00GHz,7363
Intel Xeon @ 2.20GHz,1324
Intel Xeon Bronze 3104 @ 1.70GHz,4372
Intel Xeon Bronze 3106 @ 1.70GHz,5791
Intel Xeon Bronze 3204 @ 1.90GHz,4722
Intel Xeon Bronze 3206R @ 1.90GHz,6777
Intel Xeon Bronze 3408U,9969
Intel Xeon Bronze 3508U,11248
Intel Xeon D-1513N @ 1.60GHz,4344
Intel Xeon D-1518 @ 2.20GHz,4562
Intel Xeon D-1520 @ 2.20GHz,4917
Intel Xeon D-1521 @ 2.40GHz,5669
Intel Xeon D-1527 @ 2.20GHz,4914
Intel Xeon D-1528 @ 1.90GHz,6823
Intel Xeon D-1531 @ 2.20GHz,7668
Intel Xeon D-1537 @ 1.70GHz,7444
Intel Xeon D-1539 @ 1.60GHz,7572
Intel Xeon D-1540 @ 2.00GHz,10037
Intel Xeon D-1541 @ 2.10GHz,9957
Intel Xeon D-1548 @ 2.00GHz,9075
Intel Xeon D-1557 @ 1.50GHz,9285
Intel Xeon D-1559 @ 1.50GHz,8015
Intel Xeon D-1567 @ 2.10GHz,11269
Intel Xeon D-1577 @ 1.30GHz,11047
Intel Xeon D-1581 @ 1.80GHz,13173
Intel Xeon D-1587 @ 1.70GHz,13630
Intel Xeon D-1602 @ 2.50GHz,2459
Intel Xeon D-1622 @ 2.60GHz,6205
Intel Xeon D-1712TR @ 2.00GHz,8155
Intel Xeon D-1715TER @ 2.40GHz,9104
Intel Xeon D-1718T @ 2.60GHz,9858
Intel Xeon D-1726 @ 2.90GHz,15511
Intel Xeon D-1732TE @ 1.90GHz,14179
Intel Xeon D-1733NT @ 2.00GHz,14849
Intel Xeon D-1736NT @ 2.70GHz,17826
Intel Xeon D-1746TER @ 2.00GHz,15660
Intel Xeon D-1747NTE @ 2.50GHz,20279
Intel Xeon D-1813NT @ 2.20GHz,7732
Intel Xeon D-1823NT @ 2.80GHz,13673
Intel Xeon D-1848TER @ 2.00GHz,16952
Intel Xeon D-2123IT @ 2.20GHz,6689
Intel Xeon D-2141I @ 2.20GHz,11886
Intel Xeon D-2143IT @ 2.20GHz,12116
Intel Xeon D-2145NT @ 1.90GHz,8980
Intel Xeon D-2146NT @ 2.30GHz,11736
Intel Xeon D-2166NT @ 2.00GHz,15105
Intel Xeon D-2183IT @ 2.20GHz,19377
Intel Xeon D-2187NT @ 2.00GHz,18070
Intel Xeon D-2712T @ 1.90GHz,7990
Intel Xeon D-2733NT @ 2.10GHz,16206
Intel Xeon D-2752TER @ 1.80GHz,19074
Intel Xeon D-2753NT @ 2.00GHz,20626
Intel Xeon D-2766NT @ 2.00GHz,24013
Intel Xeon D-2775TE @ 2.00GHz,27299
Intel Xeon D-2795NT @ 2.00GHz,28463
Intel Xeon D-2796TE @ 2.00GHz,26479
Intel Xeon D-2799 @ 2.40GHz,33792
Intel Xeon E E-2414,11820
Intel Xeon E E-2434,15228
Intel Xeon E E-2486,23083
Intel Xeon E-2104G @ 3.20GHz,5718
Intel Xeon E-2124 @ 3.30GHz,6746
Intel Xeon E-2124G @ 3.40GHz,7206
Intel Xeon E-2126G @ 3.30GHz,10460
Intel Xeon E-2134 @ 3.50GHz,9434
Intel Xeon E-2136 @ 3.30GHz,12999
Intel Xeon E-2144G @ 3.60GHz,9425
Intel Xeon E-2146G @ 3.50GHz,13232
Intel Xeon E-2174G @ 3.80GHz,9516
Intel Xeon E-2176G @ 3.70GHz,13635
Intel Xeon E-2176M @ 2.70GHz,10809
Intel Xeon E-2186G @ 3.80GHz,13502
Intel Xeon E-2186M @ 2.90GHz,11195
Intel Xeon E-2224 @ 3.40GHz,7169
Intel Xeon E-2224G @ 3.50GHz,7541
Intel Xeon E-2226G @ 3.40GHz,11167
Intel Xeon E-2226GE @ 3.40GHz,9620
Intel Xeon E-2234 @ 3.60GHz,9659
Intel Xeon E-2236 @ 3.40GHz,13806
Intel Xeon E-2244G @ 3.80GHz,9557
Intel Xeon E-2246G @ 3.60GHz,13803
Intel Xeon E-2254ML @ 1.70GHz,6333
Intel Xeon E-2274G @ 4.00GHz,9774
Intel Xeon E-2276G @ 3.80GHz,14072
Intel Xeon E-2276M @ 2.80GHz,11645
Intel Xeon E-2276ME @ 2.80GHz,8167
Intel Xeon E-2276ML @ 2.00GHz,6353
Intel Xeon E-2278G @ 3.40GHz,16575
Intel Xeon E-2278GE @ 3.30GHz,16023
Intel Xeon E-2278GEL @ 2.00GHz,12024
Intel Xeon E-2286G @ 4.00GHz,13988
Intel Xeon E-2286M @ 2.40GHz,15097
Intel Xeon E-2288G @ 3.70GHz,17432
Intel Xeon E-2314 @ 2.80GHz,7758
Intel Xeon E-2324G @ 3.10GHz,10339
Intel Xeon E-2334 @ 3.40GHz,12157
Intel Xeon E-2336 @ 2.90GHz,16209
Intel Xeon E-2356G @ 3.20GHz,18391
Intel Xeon E-2374G @ 3.70GHz,13726
Intel Xeon E-2378 @ 2.60GHz,17151
Intel Xeon E-2378G @ 2.80GHz,21146
Intel Xeon E-2386G @ 3.50GHz,19521
Intel Xeon E-2388G @ 3.20GHz,23458
Intel Xeon E-2436,21635
Intel Xeon E-2456,20808
Intel Xeon E-2468,26652
Intel Xeon E-2478,27880
Intel Xeon E-2488,31413
Intel Xeon E3-1205 v6 @ 3.00GHz,5682
Intel Xeon E3-1220 @ 3.10GHz,3870
Intel Xeon E3-1220 V2 @ 3.10GHz,4660
Intel Xeon E3-1220 v3 @ 3.10GHz,5157
Intel Xeon E3-1220 v5 @ 3.00GHz,5727
Intel Xeon E3-1220 v6 @ 3.00GHz,5620
Intel Xeon E3-1220L @ 2.20GHz,2263
Intel Xeon E3-1220L V2 @ 2.30GHz,2551
Intel Xeon E3-1220L v3 @ 1.10GHz,1407
Intel Xeon E3-1225 @ 3.10GHz,3910
Intel Xeon E3-1225 V2 @ 3.20GHz,4700
Intel Xeon E3-1225 v3 @ 3.20GHz,5320
Intel Xeon E3-1225 v5 @ 3.30GHz,5956
Intel Xeon E3-1225 v6 @ 3.30GHz,5837
Intel Xeon E3-1226 v3 @ 3.30GHz,5519
Intel Xeon E3-1230 @ 3.20GHz,5142
Intel Xeon E3-1230 V2 @ 3.30GHz,6182
Intel Xeon E3-1230 v3 @ 3.30GHz,6840
Intel Xeon E3-1230 v5 @ 3.40GHz,7915
Intel Xeon E3-1230 v6 @ 3.50GHz,8092
Intel Xeon E3-1230L v3 @ 1.80GHz,5305
Intel Xeon E3-1231 v3 @ 3.40GHz,7025
Intel Xeon E3-1235 @ 3.20GHz,5037
Intel Xeon E3-1235L v5 @ 2.00GHz,5013
Intel Xeon E3-1240 @ 3.30GHz,5334
Intel Xeon E3-1240 V2 @ 3.40GHz,6389
Intel Xeon E3-1240 v3 @ 3.40GHz,7014
Intel Xeon E3-1240 v5 @ 3.50GHz,8255
Intel Xeon E3-1240 v6 @ 3.70GHz,8753
Intel Xeon E3-1240L v3 @ 2.00GHz,5679
Intel Xeon E3-1240L v5 @ 2.10GHz,6547
Intel Xeon E3-1241 v3 @ 3.50GHz,7145
Intel Xeon E3-1245 @ 3.30GHz,5359
Intel Xeon E3-1245 V2 @ 3.40GHz,6385
Intel Xeon E3-1245 v3 @ 3.40GHz,7009
Intel Xeon E3-1245 v5 @ 3.50GHz,8027
Intel Xeon E3-1245 v6 @ 3.70GHz,8658
Intel Xeon E3-1246 v3 @ 3.50GHz,7221
Intel Xeon E3-1260L @ 2.40GHz,4080
Intel Xeon E3-1260L v5 @ 2.90GHz,8254
Intel Xeon E3-1265L @ 2.40GHz,3912
Intel Xeon E3-1265L V2 @ 2.50GHz,5058
Intel Xeon E3-1265L v3 @ 2.50GHz,6173
Intel Xeon E3-1265L v4 @ 2.30GHz,6954
Intel Xeon E3-1268L v3 @ 2.30GHz,5574
Intel Xeon E3-1268L v5 @ 2.40GHz,6334
Intel Xeon E3-1270 @ 3.40GHz,5374
Intel Xeon E3-1270 V2 @ 3.50GHz,6494
Intel Xeon E3-1270 v3 @ 3.50GHz,7235
Intel Xeon E3-1270 v5 @ 3.60GHz,8322
Intel Xeon E3-1270 v6 @ 3.80GHz,8967
Intel Xeon E3-1270L v4 @ 3.00GHz,7662
Intel Xeon E3-1271 v3 @ 3.60GHz,7417
Intel Xeon E3-1275 @ 3.40GHz,5487
Intel Xeon E3-1275 V2 @ 3.50GHz,6629
Intel Xeon E3-1275 v3 @ 3.50GHz,7113
Intel Xeon E3-1275 v5 @ 3.60GHz,8312
Intel Xeon E3-1275 v6 @ 3.80GHz,9080
Intel Xeon E3-1275L v3 @ 2.70GHz,6356
Intel Xeon E3-1276 v3 @ 3.60GHz,7563
Intel Xeon E3-1280 @ 3.50GHz,5612
Intel Xeon E3-1280 V2 @ 3.60GHz,6622
Intel Xeon E3-1280 v3 @ 3.60GHz,7214
Intel Xeon E3-1280 v5 @ 3.70GHz,8254
Intel Xeon E3-1280 v6 @ 3.90GHz,9093
Intel Xeon E3-1281 v3 @ 3.70GHz,7563
Intel Xeon E3-1285 v3 @ 3.60GHz,7211
Intel Xeon E3-1285 v4 @ 3.50GHz,7752
Intel Xeon E3-1285 v6 @ 4.10GHz,9552
Intel Xeon E3-1285L v3 @ 3.10GHz,6910
Intel Xeon E3-1285L v4 @ 3.40GHz,8099
Intel Xeon E3-1286 v3 @ 3.70GHz,7879
Intel Xeon E3-1286L v3 @ 3.20GHz,6929
Intel Xeon E3-1290 @ 3.60GHz,5429
Intel Xeon E3-1290 V2 @ 3.70GHz,6359
Intel Xeon E3-1505L v5 @ 2.00GHz,5083
Intel Xeon E3-1505L v6 @ 2.20GHz,5882
Intel Xeon E3-1505M v5 @ 2.80GHz,6984
Intel Xeon E3-1505M v6 @ 3.00GHz,7407
Intel Xeon E3-1515M v5 @ 2.80GHz,5925
Intel Xeon E3-1535M v5 @ 2.90GHz,7511
Intel Xeon E3-1535M v6 @ 3.10GHz,7894
Intel Xeon E3-1545M v5 @ 2.90GHz,7630
Intel Xeon E3-1558L v5 @ 1.90GHz,7657
Intel Xeon E3-1565L v5 @ 2.50GHz,7325
Intel Xeon E3-1575M v5 @ 3.00GHz,7760
Intel Xeon E3-1585 v5 @ 3.50GHz,8408
Intel Xeon E3-1585L v5 @ 3.00GHz,8092
Intel Xeon E3110 @ 3.00GHz,1295
Intel Xeon E3113 @ 3.00GHz,1429
Intel Xeon E3120 @ 3.16GHz,1408
Intel Xeon E5-1410 @ 2.80GHz,4852
Intel Xeon E5-1410 v2 @ 2.80GHz,5568
Intel Xeon E5-1428L v2 @ 2.20GHz,6255
Intel Xeon E5-1603 @ 2.80GHz,3476
Intel Xeon E5-1603 v3 @ 2.80GHz,4466
Intel Xeon E5-1603 v4 @ 2.80GHz,4671
Intel Xeon E5-1607 @ 3.00GHz,3768
Intel Xeon E5-1607 v2 @ 3.00GHz,4140
Intel Xeon E5-1607 v3 @ 3.10GHz,4929
Intel Xeon E5-1607 v4 @ 3.10GHz,5165
Intel Xeon E5-1620 @ 3.60GHz,5844
Intel Xeon E5-1620 v2 @ 3.70GHz,6503
Intel Xeon E5-1620 v3 @ 3.50GHz,6956
Intel Xeon E5-1620 v4 @ 3.50GHz,7328
Intel Xeon E5-1630 v3 @ 3.70GHz,7414
Intel Xeon E5-1630 v4 @ 3.70GHz,7594
Intel Xeon E5-1650 @ 3.20GHz,8049
Intel Xeon E5-1650 v2 @ 3.50GHz,9289
Intel Xeon E5-1650 v3 @ 3.50GHz,10359
Intel Xeon E5-1650 v4 @ 3.60GHz,11310
Intel Xeon E5-1660 @ 3.30GHz,8323
Intel Xeon E5-1660 v2 @ 3.70GHz,10315
Intel Xeon E5-1660 v3 @ 3.00GHz,12561
Intel Xeon E5-1660 v4 @ 3.20GHz,13278
Intel Xeon E5-1680 v2 @ 3.00GHz,12373
Intel Xeon E5-1680 v3 @ 3.20GHz,13282
Intel Xeon E5-1680 v4 @ 3.40GHz,14208
Intel Xeon E5-1681 v3 @ 2.90GHz,14820
Intel Xeon E5-2403 @ 1.80GHz,2367
Intel Xeon E5-2403 v2 @ 1.80GHz,2624
Intel Xeon E5-2407 @ 2.20GHz,2630
Intel Xeon E5-2407 v2 @ 2.40GHz,3378
Intel Xeon E5-2418L @ 2.00GHz,3518
Intel Xeon E5-2418L v2 @ 2.00GHz,5380
Intel Xeon E5-2420 @ 1.90GHz,5020
Intel Xeon E5-2420 v2 @ 2.20GHz,6332
Intel Xeon E5-2428L v2 @ 1.80GHz,6697
Intel Xeon E5-2430 @ 2.20GHz,5770
Intel Xeon E5-2430 v2 @ 2.50GHz,6859
Intel Xeon E5-2430L @ 2.00GHz,5300
Intel Xeon E5-2430L v2 @ 2.40GHz,6248
Intel Xeon E5-2440 @ 2.40GHz,6091
Intel Xeon E5-2440 v2 @ 1.90GHz,7565
Intel Xeon E5-2448L v2 @ 1.80GHz,6774
Intel Xeon E5-2450 @ 2.10GHz,7604
Intel Xeon E5-2450 v2 @ 2.50GHz,9088
Intel Xeon E5-2450L @ 1.80GHz,6047
Intel Xeon E5-2470 @ 2.30GHz,8325
Intel Xeon E5-2470 v2 @ 2.40GHz,10698
Intel Xeon E5-2603 @ 1.80GHz,2335
Intel Xeon E5-2603 v2 @ 1.80GHz,2735
Intel Xeon E5-2603 v3 @ 1.60GHz,3773
Intel Xeon E5-2603 v4 @ 1.70GHz,4373
Intel Xeon E5-2608L v3 @ 2.00GHz,6415
Intel Xeon E5-2608L v4 @ 1.60GHz,7447
Intel Xeon E5-2609 @ 2.40GHz,2900
Intel Xeon E5-2609 v2 @ 2.50GHz,3339
Intel Xeon E5-2609 v3 @ 1.90GHz,4514
Intel Xeon E5-2609 v4 @ 1.70GHz,5418
Intel Xeon E5-2618L v3 @ 2.30GHz,11310
Intel Xeon E5-2618L v4 @ 2.20GHz,12472
Intel Xeon E5-2620 @ 2.00GHz,5333
Intel Xeon E5-2620 v2 @ 2.10GHz,6233
Intel Xeon E5-2620 v3 @ 2.40GHz,7764
Intel Xeon E5-2620 v4 @ 2.10GHz,9217
Intel Xeon E5-2623 v3 @ 3.00GHz,6632
Intel Xeon E5-2623 v4 @ 2.60GHz,6836
Intel Xeon E5-2628 v3 @ 2.50GHz,8447
Intel Xeon E5-2628L v2 @ 1.90GHz,7085
Intel Xeon E5-2628L v3 @ 2.00GHz,9949
Intel Xeon E5-2628L v4 @ 1.90GHz,11079
Intel Xeon E5-2629 v3 @ 2.40GHz,9287
Intel Xeon E5-2630 @ 2.30GHz,6096
Intel Xeon E5-2630 v2 @ 2.60GHz,7464
Intel Xeon E5-2630 v3 @ 2.40GHz,10210
Intel Xeon E5-2630 v4 @ 2.20GHz,11364
Intel Xeon E5-2630L @ 2.00GHz,5305
Intel Xeon E5-2630L v2 @ 2.40GHz,6707
Intel Xeon E5-2630L v3 @ 1.80GHz,8630
Intel Xeon E5-2630L v4 @ 1.80GHz,9801
Intel Xeon E5-2637 @ 3.00GHz,2978
Intel Xeon E5-2637 v2 @ 3.50GHz,6475
Intel Xeon E5-2637 v3 @ 3.50GHz,7211
Intel Xeon E5-2637 v4 @ 3.50GHz,7463
Intel Xeon E5-2640 @ 2.50GHz,6276
Intel Xeon E5-2640 v2 @ 2.00GHz,7632
Intel Xeon E5-2640 v3 @ 2.60GHz,11018
Intel Xeon E5-2640 v4 @ 2.40GHz,12430
Intel Xeon E5-2643 @ 3.30GHz,5248
Intel Xeon E5-2643 v2 @ 3.50GHz,9233
Intel Xeon E5-2643 v3 @ 3.40GHz,10211
Intel Xeon E5-2643 v4 @ 3.40GHz,11112
Intel Xeon E5-2648L @ 1.80GHz,5262
Intel Xeon E5-2648L v2 @ 1.90GHz,8828
Intel Xeon E5-2648L v3 @ 1.80GHz,9847
Intel Xeon E5-2648L v4 @ 1.80GHz,11839
Intel Xeon E5-2649 v3 @ 2.30GHz,12399
Intel Xeon E5-2650 @ 2.00GHz,7416
Intel Xeon E5-2650 v2 @ 2.60GHz,9777
Intel Xeon E5-2650 v3 @ 2.30GHz,11656
Intel Xeon E5-2650 v4 @ 2.20GHz,13199
Intel Xeon E5-2650L @ 1.80GHz,6055
Intel Xeon E5-2650L v2 @ 1.70GHz,7612
Intel Xeon E5-2650L v3 @ 1.80GHz,11865
Intel Xeon E5-2650L v4 @ 1.70GHz,12829
Intel Xeon E5-2651 v2 @ 1.80GHz,9500
Intel Xeon E5-2658 @ 2.10GHz,6232
Intel Xeon E5-2658 v2 @ 2.40GHz,10559
Intel Xeon E5-2658 v3 @ 2.20GHz,13487
Intel Xeon E5-2658 v4 @ 2.30GHz,14434
Intel Xeon E5-2658A v3 @ 2.20GHz,14879
Intel Xeon E5-2660 @ 2.20GHz,7995
Intel Xeon E5-2660 v2 @ 2.20GHz,10328
Intel Xeon E5-2660 v3 @ 2.60GHz,13014
Intel Xeon E5-2660 v4 @ 2.00GHz,15483
Intel Xeon E5-2663 v3 @ 2.80GHz,11777
Intel Xeon E5-2665 @ 2.40GHz,8280
Intel Xeon E5-2666 v3 @ 2.90GHz,14023
Intel Xeon E5-2666 v4 @ 2.80GHz,17958
Intel Xeon E5-2667 @ 2.90GHz,7462
Intel Xeon E5-2667 v2 @ 3.30GHz,12153
Intel Xeon E5-2667 v3 @ 3.20GHz,12384
Intel Xeon E5-2667 v4 @ 3.20GHz,13822
Intel Xeon E5-2669 v3 @ 2.30GHz,16107
Intel Xeon E5-2670 @ 2.60GHz,8877
Intel Xeon E5-2670 v2 @ 2.50GHz,11277
Intel Xeon E5-2670 v3 @ 2.30GHz,13473
Intel Xeon E5-2673 v2 @ 3.30GHz,12127
Intel Xeon E5-2673 v3 @ 2.40GHz,13606
Intel Xeon E5-2673 v4 @ 2.30GHz,20901
Intel Xeon E5-2675 v3 @ 1.80GHz,13180
Intel Xeon E5-2676 v3 @ 2.40GHz,12884
Intel Xeon E5-2676 v4 @ 2.40GHz,18537
Intel Xeon E5-2678 v3 @ 2.50GHz,14653
Intel Xeon E5-2679 v4 @ 2.50GHz,24131
Intel Xeon E5-2680 @ 2.70GHz,9266
Intel Xeon E5-2680 v2 @ 2.80GHz,12640
Intel Xeon E5-2680 v3 @ 2.50GHz,14795
Intel Xeon E5-2680 v4 @ 2.40GHz,17206
Intel Xeon E5-2680R v4 @ 2.40GHz,17487
Intel Xeon E5-2682 v4 @ 2.50GHz,17615
Intel Xeon E5-2683 v3 @ 2.00GHz,14764
Intel Xeon E5-2683 v4 @ 2.10GHz,17450
Intel Xeon E5-2685 v3 @ 2.60GHz,12944
Intel Xeon E5-2686 v3 @ 2.00GHz,18148
Intel Xeon E5-2686 v4 @ 2.30GHz,19635
Intel Xeon E5-2687W @ 3.10GHz,10026
Intel Xeon E5-2687W v2 @ 3.40GHz,12324
Intel Xeon E5-2687W v3 @ 3.10GHz,14365
Intel Xeon E5-2687W v4 @ 3.00GHz,17788
Intel Xeon E5-2689 @ 2.60GHz,9432
Intel Xeon E5-2689 v4 @ 3.10GHz,17099
Intel Xeon E5-2690 @ 2.90GHz,9713
Intel Xeon E5-2690 v2 @ 3.00GHz,13284
Intel Xeon E5-2690 v3 @ 2.60GHz,16053
Intel Xeon E5-2690 v4 @ 2.60GHz,19233
Intel Xeon E5-2692 v2 @ 2.20GHz,12119
Intel Xeon E5-2695 v2 @ 2.40GHz,13324
Intel Xeon E5-2695 v3 @ 2.30GHz,16632
Intel Xeon E5-2695 v4 @ 2.10GHz,18895
Intel Xeon E5-2696 v2 @ 2.50GHz,13932
Intel Xeon E5-2696 v3 @ 2.30GHz,21337
Intel Xeon E5-2696 v4 @ 2.20GHz,24580
Intel Xeon E5-2697 v2 @ 2.70GHz,14240
Intel Xeon E5-2697 v3 @ 2.60GHz,18180
Intel Xeon E5-2697 v4 @ 2.30GHz,21188
Intel Xeon E5-2697A v4 @ 2.60GHz,21527
Intel Xeon E5-2697R v4 @ 2.30GHz,20843
Intel Xeon E5-2698 v3 @ 2.30GHz,18862
Intel Xeon E5-2698 v4 @ 2.20GHz,22587
Intel Xeon E5-2698B v3 @ 2.00GHz,16287
Intel Xeon E5-2698R v4 @ 2.20GHz,25605
Intel Xeon E5-2699 v3 @ 2.30GHz,20034
Intel Xeon E5-2699 v4 @ 2.20GHz,24653
Intel Xeon E5-2699A v4 @ 2.40GHz,26876
Intel Xeon E5-2699C v4 @ 2.20GHz,20972
Intel Xeon E5-4603 @ 2.00GHz,3391
Intel Xeon E5-4607 v2 @ 2.60GHz,6986
Intel Xeon E5-4610 @ 2.40GHz,6460
Intel Xeon E5-4610 v3 @ 1.70GHz,7229
Intel Xeon E5-4617 @ 2.90GHz,6298
Intel Xeon E5-4620 @ 2.20GHz,6635
Intel Xeon E5-4620 v2 @ 2.60GHz,9424
Intel Xeon E5-4620 v3 @ 2.00GHz,10525
Intel Xeon E5-4627 v2 @ 3.30GHz,9425
Intel Xeon E5-4627 v3 @ 2.60GHz,11344
Intel Xeon E5-4627 v4 @ 2.60GHz,12969
Intel Xeon E5-4628L v4 @ 1.80GHz,11503
Intel Xeon E5-4640 @ 2.40GHz,7337
Intel Xeon E5-4640 v3 @ 1.90GHz,10372
Intel Xeon E5-4648 v3 @ 1.70GHz,9061
Intel Xeon E5-4650 @ 2.70GHz,8651
Intel Xeon E5-4650 v2 @ 2.40GHz,10946
Intel Xeon E5-4650 v3 @ 2.10GHz,10838
Intel Xeon E5-4650 v4 @ 2.20GHz,16225
Intel Xeon E5-4650L @ 2.60GHz,8533
Intel Xeon E5-4655 v3 @ 2.90GHz,9377
Intel Xeon E5-4655 v4 @ 2.50GHz,10912
Intel Xeon E5-4657L v2 @ 2.40GHz,11613
Intel Xeon E5-4660 v3 @ 2.10GHz,14167
Intel Xeon E5-4660 v4 @ 2.20GHz,15375
Intel Xeon E5-4667 v3 @ 2.00GHz,15397
Intel Xeon E5-4667 v4 @ 2.20GHz,20319
Intel Xeon E5-4669 v3 @ 2.10GHz,17430
Intel Xeon E5-4669 v4 @ 2.20GHz,23487
Intel Xeon E5205 @ 1.86GHz,838
Intel Xeon E5240 @ 3.00GHz,1448
Intel Xeon E5310 @ 1.60GHz,1306
Intel Xeon E5320 @ 1.86GHz,1469
Intel Xeon E5335 @ 2.00GHz,1549
Intel Xeon E5345 @ 2.33GHz,1868
Intel Xeon E5405 @ 2.00GHz,1753
Intel Xeon E5410 @ 2.33GHz,2032
Intel Xeon E5420 @ 2.50GHz,2044
Intel Xeon E5430 @ 2.66GHz,2261
Intel Xeon E5440 @ 2.83GHz,2367
Intel Xeon E5450 @ 3.00GHz,2584
Intel Xeon E5462 @ 2.80GHz,2213
Intel Xeon E5472 @ 3.00GHz,2333
Intel Xeon E5502 @ 1.87GHz,837
Intel Xeon E5503 @ 2.00GHz,804
Intel Xeon E5504 @ 2.00GHz,1677
Intel Xeon E5506 @ 2.13GHz,1961
Intel Xeon E5507 @ 2.27GHz,1943
Intel Xeon E5520 @ 2.27GHz,2541
Intel Xeon E5530 @ 2.40GHz,2739
Intel Xeon E5540 @ 2.53GHz,2805
Intel Xeon E5603 @ 1.60GHz,1935
Intel Xeon E5606 @ 2.13GHz,2443
Intel Xeon E5607 @ 2.27GHz,2578
Intel Xeon E5620 @ 2.40GHz,3514
Intel Xeon E5630 @ 2.53GHz,3796
Intel Xeon E5640 @ 2.67GHz,3880
Intel Xeon E5645 @ 2.40GHz,4935
Intel Xeon E5649 @ 2.53GHz,5646
Intel Xeon E7- 2830 @ 2.13GHz,2027
Intel Xeon E7-4809 v2 @ 1.90GHz,16471
Intel Xeon E7-8880 v3 @ 2.30GHz,18244
Intel Xeon E7-8891 v3 @ 2.80GHz,21615
Intel Xeon E7320 @ 2.13GHz,1469
Intel Xeon Gold 5115 @ 2.40GHz,15152
Intel Xeon Gold 5117 @ 2.00GHz,16897
Intel Xeon Gold 5118 @ 2.30GHz,16699
Intel Xeon Gold 5120 @ 2.20GHz,18243
Intel Xeon Gold 5120T @ 2.20GHz,18127
Intel Xeon Gold 5122 @ 3.60GHz,8875
Intel Xeon Gold 5215 @ 2.20GHz,16304
Intel Xeon Gold 5215 @ 2.50GHz,15739
Intel Xeon Gold 5217 @ 3.00GHz,15429
Intel Xeon Gold 5218 @ 2.30GHz,21669
Intel Xeon Gold 5218R @ 2.10GHz,24674
Intel Xeon Gold 5218T @ 2.10GHz,21433
Intel Xeon Gold 5220 @ 2.20GHz,24480
Intel Xeon Gold 5220R @ 2.20GHz,30372
Intel Xeon Gold 5222 @ 3.80GHz,9206
Intel Xeon Gold 5315Y @ 3.20GHz,20477
Intel Xeon Gold 5317 @ 3.00GHz,27293
Intel Xeon Gold 5318H @ 2.50GHz,29301
Intel Xeon Gold 5318N @ 2.10GHz,34301
Intel Xeon Gold 5318Y @ 2.10GHz,33139
Intel Xeon Gold 5320 @ 2.20GHz,37558
Intel Xeon Gold 5320H @ 2.40GHz,31718
Intel Xeon Gold 5320T @ 2.30GHz,33828
Intel Xeon Gold 5412U,50314
Intel Xeon Gold 5415+,24906
Intel Xeon Gold 5416S,35581
Intel Xeon Gold 5418Y,45660
Intel Xeon Gold 5420+,57753
Intel Xeon Gold 5512U,60183
Intel Xeon Gold 5515+,26359
Intel Xeon Gold 5520+,61227
Intel Xeon Gold 6122 @ 1.80GHz,23781
Intel Xeon Gold 6126 @ 2.60GHz,17492
Intel Xeon Gold 6126T @ 2.60GHz,20807
Intel Xeon Gold 6128 @ 3.40GHz,12848
Intel Xeon Gold 6130 @ 2.10GHz,21253
Intel Xeon Gold 6130T @ 2.10GHz,21804
Intel Xeon Gold 6132 @ 2.60GHz,22548
Intel Xeon Gold 6134 @ 3.20GHz,16522
Intel Xeon Gold 6136 @ 3.00GHz,21114
Intel Xeon Gold 6137 @ 3.90GHz,19365
Intel Xeon Gold 6138 @ 2.00GHz,23423
Intel Xeon Gold 6138T @ 2.00GHz,20356
Intel Xeon Gold 6140 @ 2.30GHz,24187
Intel Xeon Gold 6142 @ 2.60GHz,25218
Intel Xeon Gold 6142M @ 2.60GHz,26552
Intel Xeon Gold 6143 @ 2.80GHz,24786
Intel Xeon Gold 6144 @ 3.50GHz,18063
Intel Xeon Gold 6146 @ 3.20GHz,22150
Intel Xeon Gold 6148 @ 2.40GHz,29037
Intel Xeon Gold 6150 @ 2.70GHz,27032
Intel Xeon Gold 6152 @ 2.10GHz,24569
Intel Xeon Gold 6154 @ 3.00GHz,27403
Intel Xeon Gold 6208U @ 2.90GHz,24480
Intel Xeon Gold 6210U @ 2.50GHz,28861
Intel Xeon Gold 6212U @ 2.40GHz,27470
Intel Xeon Gold 6222V @ 1.80GHz,24115
Intel Xeon Gold 6226 @ 2.70GHz,20496
Intel Xeon Gold 6226R @ 2.90GHz,26386
Intel Xeon Gold 6230 @ 2.10GHz,26310
Intel Xeon Gold 6230R @ 2.10GHz,32591
Intel Xeon Gold 6230T @ 2.10GHz,27053
Intel Xeon Gold 6234 @ 3.30GHz,17274
Intel Xeon Gold 6238 @ 2.10GHz,29057
Intel Xeon Gold 6238R @ 2.20GHz,34751
Intel Xeon Gold 6240 @ 2.60GHz,26826
Intel Xeon Gold 6240R @ 2.40GHz,32907
Intel Xeon Gold 6242 @ 2.80GHz,24099
Intel Xeon Gold 6242R @ 3.10GHz,36011
Intel Xeon Gold 6244 @ 3.60GHz,18817
Intel Xeon Gold 6246 @ 3.30GHz,22571
Intel Xeon Gold 6246R @ 3.40GHz,30468
Intel Xeon Gold 6248 @ 2.50GHz,29530
Intel Xeon Gold 6248R @ 3.00GHz,35888
Intel Xeon Gold 6250 @ 3.90GHz,20552
Intel Xeon Gold 6252 @ 2.10GHz,26797
Intel Xeon Gold 6253CL @ 3.10GHz,28549
Intel Xeon Gold 6254 @ 3.10GHz,32225
Intel Xeon Gold 6256 @ 3.60GHz,25334
Intel Xeon Gold 6258R @ 2.70GHz,37774
Intel Xeon Gold 6262 @ 1.90GHz,21823
Intel Xeon Gold 6262V @ 1.90GHz,30116
Intel Xeon Gold 6266C @ 3.00GHz,29049
Intel Xeon Gold 6268CL @ 2.80GHz,34558
Intel Xeon Gold 6278C @ 2.60GHz,32835
Intel Xeon Gold 6312U @ 2.40GHz,41858
Intel Xeon Gold 6314U @ 2.30GHz,48916
Intel Xeon Gold 6326 @ 2.90GHz,32738
Intel Xeon Gold 6330 @ 2.00GHz,42072
Intel Xeon Gold 6330N @ 2.20GHz,36360
Intel Xeon Gold 6334 @ 3.60GHz,20512
Intel Xeon Gold 6336Y @ 2.40GHz,45517
Intel Xeon Gold 6338 @ 2.00GHz,40225
Intel Xeon Gold 6338N @ 2.20GHz,42086
Intel Xeon Gold 6338T @ 2.10GHz,35801
Intel Xeon Gold 6342 @ 2.80GHz,47076
Intel Xeon Gold 6346 @ 3.10GHz,37171
Intel Xeon Gold 6348 @ 2.60GHz,51843
Intel Xeon Gold 6354 @ 3.00GHz,38332
Intel Xeon Gold 6414U,57200
Intel Xeon Gold 6416H,40606
Intel Xeon Gold 6418H,51711
Intel Xeon Gold 6421N,58797
Intel Xeon Gold 6423N,57434
Intel Xeon Gold 6426Y,37944
Intel Xeon Gold 6430,53066
Intel Xeon Gold 6434,27574
Intel Xeon Gold 6438N,52789
Intel Xeon Gold 6438Y+,62660
Intel Xeon Gold 6442Y,58534
Intel Xeon Gold 6444Y,49303
Intel Xeon Gold 6448H,70280
Intel Xeon Gold 6448Y,60449
Intel Xeon Gold 6450C,38571
Intel Xeon Gold 6526Y,42195
Intel Xeon Gold 6530,49085
Intel Xeon Gold 6534,29912
Intel Xeon Gold 6538N,44895
Intel Xeon Gold 6542Y,60144
Intel Xeon Gold 6544Y,49944
Intel Xeon Gold 6548N,64783
Intel Xeon Gold 6548Y+,73387
Intel Xeon Gold 6554S,61242
Intel Xeon L3110 @ 3.00GHz,1338
Intel Xeon L3360 @ 2.83GHz,2412
Intel Xeon L3406 @ 2.27GHz,1104
Intel Xeon L3426 @ 1.87GHz,2742
Intel Xeon L5238 @ 2.66GHz,1073
Intel Xeon L5240 @ 3.00GHz,1337
Intel Xeon L5310 @ 1.60GHz,1385
Intel Xeon L5320 @ 1.86GHz,1118
Intel Xeon L5335 @ 2.00GHz,1737
Intel Xeon L5408 @ 2.13GHz,1769
Intel Xeon L5410 @ 2.33GHz,1853
Intel Xeon L5420 @ 2.50GHz,2143
Intel Xeon L5430 @ 2.66GHz,2260
Intel Xeon L5506 @ 2.13GHz,2198
Intel Xeon L5520 @ 2.27GHz,2319
Intel Xeon L5530 @ 2.40GHz,2522
Intel Xeon L5609 @ 1.87GHz,3298
Intel Xeon L5630 @ 2.13GHz,3048
Intel Xeon L5638 @ 2.00GHz,3707
Intel Xeon L5639 @ 2.13GHz,4419
Intel Xeon L5640 @ 2.27GHz,4742
Intel Xeon L7455 @ 2.13GHz,2494
Intel Xeon Max 9462,44153
Intel Xeon Max 9480,82913
Intel Xeon MV 3.20GHz,756
Intel Xeon Phi 7210 @ 1.30GHz,7306
Intel Xeon Phi 7290 @ 1.50GHz,17839
Intel Xeon Platinum 8124M @ 3.00GHz,24769
Intel Xeon Platinum 8151 @ 3.40GHz,16208
Intel Xeon Platinum 8160 @ 2.10GHz,29419
Intel Xeon Platinum 8167M @ 2.00GHz,24751
Intel Xeon Platinum 8168 @ 2.70GHz,32373
Intel Xeon Platinum 8171M @ 2.60GHz,29613
Intel Xeon Platinum 8173M @ 2.00GHz,28025
Intel Xeon Platinum 8174 @ 3.10GHz,38638
Intel Xeon Platinum 8175M @ 2.50GHz,28244
Intel Xeon Platinum 8176 @ 2.10GHz,29836
Intel Xeon Platinum 8180 @ 2.50GHz,38259
Intel Xeon Platinum 8180M @ 2.50GHz,32989
Intel Xeon Platinum 8252C @ 3.80GHz,28147
Intel Xeon Platinum 8259CL @ 2.50GHz,31403
Intel Xeon Platinum 8260 @ 2.40GHz,30162
Intel Xeon Platinum 8260C @ 2.40GHz,34420
Intel Xeon Platinum 8260L @ 2.40GHz,28439
Intel Xeon Platinum 8260M @ 2.30GHz,33970
Intel Xeon Platinum 8260M @ 2.40GHz,34592
Intel Xeon Platinum 8268 @ 2.90GHz,34326
Intel Xeon Platinum 8270 @ 2.70GHz,33602
Intel Xeon Platinum 8273CL @ 2.20GHz,37320
Intel Xeon Platinum 8275CL @ 3.00GHz,40794
Intel Xeon Platinum 8280 @ 2.70GHz,36830
Intel Xeon Platinum 8280L @ 2.70GHz,41609
Intel Xeon Platinum 8280M @ 2.70GHz,37665
Intel Xeon Platinum 8347C @ 2.10GHz,49386
Intel Xeon Platinum 8351N @ 2.40GHz,49763
Intel Xeon Platinum 8354H @ 3.10GHz,3626
Intel Xeon Platinum 8358 @ 2.60GHz,54416
Intel Xeon Platinum 8360Y @ 2.40GHz,54078
Intel Xeon Platinum 8362 @ 2.80GHz,56787
Intel Xeon Platinum 8368Q @ 2.60GHz,46681
Intel Xeon Platinum 8375C @ 2.90GHz,56202
Intel Xeon Platinum 8380 @ 2.30GHz,62318
Intel Xeon Platinum 8454H,62347
Intel Xeon Platinum 8461V,74982
Intel Xeon Platinum 8469C,64513
Intel Xeon Platinum 8470 @2.00GHz,89850
Intel Xeon Platinum 8475B,3280
Intel Xeon Platinum 8480C,73247
Intel Xeon Platinum 8481C @ 2.70GHz,11646
Intel Xeon Platinum 8488C,88667
Intel Xeon Platinum 8558P,91879
Intel Xeon Platinum 8562Y+,50189
Intel Xeon Platinum 8568Y+,79683
Intel Xeon Platinum 8570,93722
Intel Xeon Platinum 8571N,68385
Intel Xeon Platinum 8575C,3342
Intel Xeon Platinum 8581C @ 2.30GHz,8040
Intel Xeon Platinum 8592+,84013
Intel Xeon Platinum P-8124 @ 3.00GHz,22674
Intel Xeon Silver 4108 @ 1.80GHz,9222
Intel Xeon Silver 4109T @ 2.00GHz,10348
Intel Xeon Silver 4110 @ 2.10GHz,10322
Intel Xeon Silver 4112 @ 2.60GHz,6545
Intel Xeon Silver 4114 @ 2.20GHz,13128
Intel Xeon Silver 4116 @ 2.10GHz,14925
Intel Xeon Silver 4116T @ 2.10GHz,15187
Intel Xeon Silver 4123 @ 3.00GHz,14405
Intel Xeon Silver 4208 @ 2.10GHz,10944
Intel Xeon Silver 4209T @ 2.20GHz,11080
Intel Xeon Silver 4210 @ 2.20GHz,13586
Intel Xeon Silver 4210R @ 2.40GHz,14976
Intel Xeon Silver 4214 @ 2.20GHz,16430
Intel Xeon Silver 4214R @ 2.40GHz,17489
Intel Xeon Silver 4214Y @ 2.20GHz,16442
Intel Xeon Silver 4215 @ 2.50GHz,13378
Intel Xeon Silver 4215R @ 3.20GHz,14885
Intel Xeon Silver 4216 @ 2.10GHz,21085
Intel Xeon Silver 4216R @ 2.20GHz,24027
Intel Xeon Silver 4309Y @ 2.80GHz,18887
Intel Xeon Silver 4310 @ 2.10GHz,20445
Intel Xeon Silver 4310T @ 2.30GHz,20641
Intel Xeon Silver 4314 @ 2.40GHz,28623
Intel Xeon Silver 4316 @ 2.30GHz,33219
Intel Xeon Silver 4410T,27245
Intel Xeon Silver 4410Y,25162
Intel Xeon Silver 4416+,43659
Intel Xeon Silver 4509Y,18337
Intel Xeon Silver 4510,32236
Intel Xeon Silver 4510T,29119
Intel Xeon Silver 4514Y,30483
Intel Xeon W-10855M @ 2.80GHz,12217
Intel Xeon W-10885M @ 2.40GHz,15414
Intel Xeon W-11155MLE @ 1.80GHz,8394
Intel Xeon W-11555MLE @ 1.90GHz,11324
Intel Xeon W-11555MRE @ 2.60GHz,17484
Intel Xeon W-11855M @ 3.20GHz,17291
Intel Xeon W-11865MLE @ 1.50GHz,15917
Intel Xeon W-11865MRE @ 2.60GHz,17634
Intel Xeon W-11955M @ 2.60GHz,21455
Intel Xeon W-1250 @ 3.30GHz,13662
Intel Xeon W-1250E @ 3.50GHz,12566
Intel Xeon W-1250P @ 4.10GHz,14416
Intel Xeon W-1250TE @ 2.40GHz,8954
Intel Xeon W-1270 @ 3.40GHz,17550
Intel Xeon W-1270E @ 3.40GHz,18635
Intel Xeon W-1270P @ 3.80GHz,18664
Intel Xeon W-1270TE @ 2.00GHz,13553
Intel Xeon W-1290 @ 3.20GHz,20064
Intel Xeon W-1290E @ 3.50GHz,19424
Intel Xeon W-1290P @ 3.70GHz,22363
Intel Xeon W-1290T @ 1.90GHz,18409
Intel Xeon W-1290TE @ 1.80GHz,14501
Intel Xeon W-1350 @ 3.30GHz,18606
Intel Xeon W-1350P @ 4.00GHz,19550
Intel Xeon W-1370 @ 2.90GHz,22948
Intel Xeon W-1370P @ 3.60GHz,23530
Intel Xeon W-1390 @ 2.80GHz,23427
Intel Xeon W-1390P @ 3.50GHz,24814
Intel Xeon W-2102 @ 2.90GHz,5144
Intel Xeon W-2104 @ 3.20GHz,5534
Intel Xeon W-2123 @ 3.60GHz,8517
Intel Xeon W-2125 @ 4.00GHz,9957
Intel Xeon W-2133 @ 3.60GHz,12592
Intel Xeon W-2135 @ 3.70GHz,14382
Intel Xeon W-2140B @ 3.20GHz,17290
Intel Xeon W-2145 @ 3.70GHz,18005
Intel Xeon W-2150B @ 3.00GHz,20452
Intel Xeon W-2155 @ 3.30GHz,20681
Intel Xeon W-2170B @ 2.50GHz,24345
Intel Xeon W-2175 @ 2.50GHz,23472
Intel Xeon W-2191B @ 2.30GHz,28103
Intel Xeon W-2195 @ 2.30GHz,28025
Intel Xeon W-2223 @ 3.60GHz,8580
Intel Xeon W-2225 @ 4.10GHz,10410
Intel Xeon W-2235 @ 3.80GHz,14176
Intel Xeon W-2245 @ 3.90GHz,19403
Intel Xeon W-2255 @ 3.70GHz,22573
Intel Xeon W-2265 @ 3.50GHz,25760
Intel Xeon W-2275 @ 3.30GHz,27640
Intel Xeon W-2295 @ 3.00GHz,30804
Intel Xeon W-3175X @ 3.10GHz,45520
Intel Xeon W-3223 @ 3.50GHz,16930
Intel Xeon W-3225 @ 3.70GHz,18251
Intel Xeon W-3235 @ 3.30GHz,25600
Intel Xeon W-3245 @ 3.20GHz,31059
Intel Xeon W-3245M @ 3.20GHz,28494
Intel Xeon W-3265 @ 2.70GHz,30105
Intel Xeon W-3265M @ 2.70GHz,35697
Intel Xeon W-3275 @ 2.50GHz,39449
Intel Xeon W-3275M @ 2.50GHz,39968
Intel Xeon W-3323 @ 3.50GHz,27822
Intel Xeon W-3335 @ 3.40GHz,39293
Intel Xeon W-3345 @ 3.00GHz,48140
Intel Xeon W-3365 @ 2.70GHz,57312
Intel Xeon W-3375 @ 2.50GHz,58686
Intel Xeon w3-2423,15899
Intel Xeon w3-2425,18472
Intel Xeon w3-2435,26116
Intel Xeon w3-2525,28373
Intel Xeon w3-2535,33517
Intel Xeon W3503 @ 2.40GHz,1100
Intel Xeon W3505 @ 2.53GHz,1163
Intel Xeon W3520 @ 2.67GHz,2946
Intel Xeon W3530 @ 2.80GHz,3062
Intel Xeon W3540 @ 2.93GHz,3096
Intel Xeon W3550 @ 3.07GHz,3269
Intel Xeon W3565 @ 3.20GHz,3391
Intel Xeon W3570 @ 3.20GHz,3267
Intel Xeon W3580 @ 3.33GHz,3638
Intel Xeon W3670 @ 3.20GHz,6395
Intel Xeon W3680 @ 3.33GHz,7032
Intel Xeon W3690 @ 3.47GHz,7353
Intel Xeon w5-2445,32213
Intel Xeon w5-2455X,37145
Intel Xeon w5-2465X,45074
Intel Xeon w5-2545,40988
Intel Xeon w5-2555X,47193
Intel Xeon w5-2565X,52114
Intel Xeon w5-3423,27944
Intel Xeon w5-3425,36421
Intel Xeon w5-3433,33322
Intel Xeon w5-3435X,44520
Intel Xeon w5-3525,45703
Intel Xeon w5-3535X,54088
Intel Xeon W5580 @ 3.20GHz,3459
Intel Xeon W5590 @ 3.33GHz,3373
Intel Xeon w7-2475X,52816
Intel Xeon w7-2495X,57508
Intel Xeon w7-2575X,52091
Intel Xeon w7-2595X,64628
Intel Xeon w7-3445,48978
Intel Xeon w7-3455,54807
Intel Xeon w7-3465X,61626
Intel Xeon w7-3545,59344
Intel Xeon w7-3555,67754
Intel Xeon w7-3565X,71140
Intel Xeon w9-3475X,64602
Intel Xeon w9-3495X,90454
Intel Xeon w9-3575X,84959
Intel Xeon w9-3595X,98476
Intel Xeon X3210 @ 2.13GHz,1293
Intel Xeon X3220 @ 2.40GHz,1973
Intel Xeon X3230 @ 2.66GHz,2052
Intel Xeon X3320 @ 2.50GHz,2082
Intel Xeon X3323 @ 2.50GHz,2030
Intel Xeon X3330 @ 2.66GHz,2102
Intel Xeon X3350 @ 2.66GHz,2305
Intel Xeon X3353 @ 2.66GHz,2283
Intel Xeon X3360 @ 2.83GHz,2436
Intel Xeon X3363 @ 2.83GHz,2392
Intel Xeon X3370 @ 3.00GHz,2555
Intel Xeon X3380 @ 3.16GHz,2568
Intel Xeon X3430 @ 2.40GHz,2333
Intel Xeon X3440 @ 2.53GHz,2786
Intel Xeon X3450 @ 2.67GHz,2888
Intel Xeon X3460 @ 2.80GHz,2963
Intel Xeon X3470 @ 2.93GHz,3362
Intel Xeon X3480 @ 3.07GHz,3335
Intel Xeon X5260 @ 3.33GHz,1278
Intel Xeon X5270 @ 3.50GHz,1524
Intel Xeon X5272 @ 3.40GHz,1451
Intel Xeon X5355 @ 2.66GHz,2039
Intel Xeon X5365 @ 3.00GHz,2331
Intel Xeon X5450 @ 3.00GHz,2426
Intel Xeon X5460 @ 3.16GHz,2571
Intel Xeon X5470 @ 3.33GHz,2871
Intel Xeon X5472 @ 3.00GHz,2243
Intel Xeon X5482 @ 3.20GHz,2755
Intel Xeon X5492 @ 3.40GHz,2912
Intel Xeon X5550 @ 2.67GHz,3036
Intel Xeon X5560 @ 2.80GHz,3235
Intel Xeon X5570 @ 2.93GHz,3306
Intel Xeon X5647 @ 2.93GHz,4441
Intel Xeon X5650 @ 2.67GHz,5754
Intel Xeon X5660 @ 2.80GHz,5989
Intel Xeon X5667 @ 3.07GHz,4697
Intel Xeon X5670 @ 2.93GHz,6179
Intel Xeon X5672 @ 3.20GHz,5036
Intel Xeon X5675 @ 3.07GHz,6437
Intel Xeon X5677 @ 3.47GHz,5064
Intel Xeon X5679 @ 3.20GHz,7095
Intel Xeon X5680 @ 3.33GHz,6919
Intel Xeon X5687 @ 3.60GHz,5417
Intel Xeon X5690 @ 3.47GHz,7043
Intel Xeon X5698 @ 4.40GHz,3447
Intel Xeon X6550 @ 2.00GHz,1936
JLQ JR510,1049
JMJWOA-Generic-,22729
KX-U6580@2.5GHz,3416
"lisa based Qualcomm Technologies, Inc. SM7325",5470
Loongson-3A6000,1423
M7221,760
Manta,356
"Mars based on Qualcomm Technologies, Inc SM8350",5230
MediaTek Dimensity 1000+ (MT6889),4892
Mediatek Dimensity 7025 (MT6855),4582
Mediatek Dimensity 7200-Pro (MT6886),4742
Mediatek Dimensity 7300-Ultra (MT6878),6339
Mediatek Dimensity 8200-Ultimate (MT6896),7463
Mediatek Dimensity 8350 (MT6897),7348
Mediatek Dimensity 8400-Turbo (MT6899),8295
MediaTek Dimensity 900 (MT6877),4820
Mediatek Dimensity 9200 (MT6985),8023
Mediatek Dimensity 9400 (MT6991),11746
Mediatek DM700,4471
MediaTek G70 (MT6769V-CB),2480
MediaTek G70 (MT6769V-WB),2192
MediaTek G80 (MT6769T),2613
MediaTek G80 (MT6769V-CT),2503
MediaTek G80 (MT6769V-CU),2726
MediaTek G85 (MT6769Z),2776
MediaTek G88 (MT6769H),2717
MediaTek G99 Ultimate (MT6789),4124
Mediatek Google Hylia unprovisioned design and sku,14006
Mediatek Kompanio 1380,5121
Mediatek Kompanio 500,3028
MediaTek Kompanio 520-528 (MT8186-MT8186T),3693
Mediatek Kompanio 540,5363
Mediatek Kompanio 838,4836
Mediatek Kompanio 838 MT8188,5343
Mediatek Kompanio Ultra 910,14373
MediaTek MT6735,583
MediaTek MT6737,490
MediaTek MT6737M,465
MediaTek MT6737T,712
Mediatek MT6739,611
Mediatek MT6739W,251
MediaTek MT6739WA,454
MediaTek MT6739WW,490
MediaTek MT6750,1071
MediaTek MT6750T,1187
MediaTek MT6750V-WT,1122
MediaTek MT6753,945
MediaTek MT6753T,1166
MediaTek MT6757CD,1782
MediaTek MT6757V,1804
Mediatek MT6761,1031
Mediatek MT6761V-CAB,1074
MediaTek MT6761V-WBB,819
Mediatek MT6761V-WD,762
MediaTek MT6761V-WE,759
Mediatek MT6762,1814
MediaTek MT6762G,1267
MediaTek MT6762V-CA,1338
MediaTek MT6762V-CB,1650
MediaTek MT6762V-CN,784
MediaTek MT6762V-WA,1480
MediaTek MT6762V-WB,1512
MediaTek MT6762V-WD,1609
MediaTek MT6762V-WR,1566
MediaTek MT6763V-CE,2130
MediaTek MT6763V-V,1578
Mediatek MT6765,1708
MediaTek MT6765G,1700
Mediatek MT6765H,2058
MediaTek MT6765V-CA,1854
MediaTek MT6765V-CB,1934
Mediatek MT6765V-WA,2186
Mediatek MT6765V-WB,1823
Mediatek MT6765V-XBA,1738
Mediatek MT6768,2718
Mediatek MT6768G,3232
MediaTek MT6768V-CA,2353
Mediatek MT6769,2826
Mediatek MT6769V-CB,2774
MediaTek MT6771V-C,2692
MediaTek MT6771V-CT,2686
MediaTek MT6771V-W,2460
MediaTek MT6771V-WM,2297
MediaTek MT6771V-WT,2379
Mediatek MT6779,3423
MediaTek MT6779V-CE,3112
MediaTek MT6779V-CU,2683
MediaTek MT6779V-CV,2783
Mediatek MT6781,3856
Mediatek MT6781V-CD,4040
Mediatek MT6781V-CDZAMB-H,4160
Mediatek MT6785,3792
MediaTek MT6785V-CC,3436
MediaTek MT6785V-CD,3656
Mediatek MT6789V-CD,4272
MediaTek MT6797,1903
MediaTek MT6797T,1605
MediaTek MT6797X,2248
Mediatek MT6833,4074
Mediatek MT6833G,4532
Mediatek MT6833GP,4433
Mediatek MT6833P,3745
Mediatek MT6833V-NZA,3609
Mediatek MT6833V-PNZA,4060
Mediatek MT6833V-ZA,4219
Mediatek MT6853,4611
MediaTek MT6853T,3611
Mediatek MT6853V-NZA,3937
Mediatek MT6853V-TNZA,4171
MediaTek MT6873,4074
Mediatek MT6875,5258
Mediatek MT6877V-TTZA,4943
Mediatek MT6877V-TZA,4660
MediaTek MT6879,5200
Mediatek MT6879V-ZA,4662
Mediatek MT6879V_T-ZA,5186
Mediatek MT6883Z-CZA,5914
Mediatek MT6891,5435
Mediatek MT6891Z-CZA,6644
Mediatek MT6891Z_T-CZA,7171
Mediatek MT6891Z_Z-CZA,6508
Mediatek MT6893,6326
Mediatek MT6893Z_T-CZA,6333
MediaTek MT6895,7556
Mediatek MT6895Z-TCZA,6732
Mediatek MT6895Z_A-TCZA,7554
Mediatek MT6895Z_B-TCZA,7044
MediaTek MT6983,6719
Mediatek MT6983W-CZA,9136
Mediatek MT6983Z-CZA,7726
Mediatek MT6989,10944
MediaTek MT6993,13004
MediaTek MT8163,634
MediaTek MT8166B,981
MediaTek MT8167B,403
MediaTek MT8168,1029
MediaTek MT8168A,712
Mediatek MT8168B,795
Mediatek MT8173,1428
Mediatek MT8175B,592
MediaTek MT8183,2584
MediaTek MT8188,4158
Mediatek MT8192,5172
Mediatek MT8195,7165
Mediatek MT8195AV,6251
Mediatek MT8365,1156
Mediatek MT8370AV-A,4107
Mediatek MT8390AV-A,5009
Mediatek MT8391,5575
Mediatek MT8696,740
MediaTek MT8735B,418
Mediatek MT8755,3871
Mediatek MT8765WA,569
Mediatek MT8766A,979
Mediatek MT8766B,1125
Mediatek MT8768,1957
Mediatek MT8768A,1524
Mediatek MT8768CA,1978
MediaTek MT8768CT,2047
Mediatek MT8768CX,2274
Mediatek MT8768N,2382
MediaTek MT8768WA,1715
Mediatek MT8768WE,1667
MediaTek MT8768WT,2005
Mediatek MT8771V-PZA,4414
Mediatek MT8775,5820
MediaTek MT8781,4538
Mediatek MT8781V-CA,4117
Mediatek MT8781V-NA,4294
Mediatek MT8786,2686
Mediatek MT8786V-CT,3100
Mediatek MT8786V-N,3179
Mediatek MT8788,3331
Mediatek MT8789,6640
Mediatek MT8789V-CT,3946
Mediatek MT8789V-T,4199
Mediatek MT8791,5305
Mediatek MT8791V-HZA,4974
Mediatek MT8791V-TN,4809
Mediatek MT8791V-TZA,2284
Mediatek MT8792,7980
Mediatek MT8797Z-CNZA,7264
Mediatek MT8798Z-CNZA,9110
Mediatek MT9676,635
Mediatek t50,948
Microsoft SQ1 @ 3.0 GHz,6070
Microsoft SQ2 @ 3.15 GHz,6579
Microsoft SQ3 @ 3.0 GHz,11811
Mobile AMD Athlon 1400+,173
Mobile AMD Athlon 2500+,241
Mobile AMD Athlon 4,205
Mobile AMD Athlon 4 2400+,233
Mobile AMD Athlon 64 2700+,259
Mobile AMD Athlon 64 2800+,287
Mobile AMD Athlon 64 3000+,293
Mobile AMD Athlon 64 3200+,326
Mobile AMD Athlon 64 3400+,333
Mobile AMD Athlon 64 3700+,356
Mobile AMD Athlon 64 4000+,313
Mobile AMD Athlon MP-M 1800+,173
Mobile AMD Athlon MP-M 2000+,246
Mobile AMD Athlon MP-M 2400+,192
Mobile AMD Athlon MP-M 2800+,323
Mobile AMD Athlon XP,372
Mobile AMD Athlon XP-M,333
Mobile AMD Athlon XP-M (LV),330
Mobile AMD Athlon XP-M (LV) 1500+,188
Mobile AMD Athlon XP-M (LV) 1600+,193
Mobile AMD Athlon XP-M (LV) 2000+,218
Mobile AMD Athlon XP-M (LV) 2200+,243
Mobile AMD Athlon XP-M (LV) 2800+,309
Mobile AMD Athlon XP-M (LV) 3200+,329
Mobile AMD Athlon XP-M 1400+,120
Mobile AMD Athlon XP-M 1500+,170
Mobile AMD Athlon XP-M 1600+,169
Mobile AMD Athlon XP-M 1700+,210
Mobile AMD Athlon XP-M 1800+,193
Mobile AMD Athlon XP-M 1900+,223
Mobile AMD Athlon XP-M 2000+,196
Mobile AMD Athlon XP-M 2200+,237
Mobile AMD Athlon XP-M 2400+,225
Mobile AMD Athlon XP-M 2500+,226
Mobile AMD Athlon XP-M 2600+,241
Mobile AMD Athlon XP-M 2800+,238
Mobile AMD Athlon XP-M 3000+,238
Mobile AMD Athlon XP-M 3100+,286
Mobile AMD Athlon XP-M 3200+,317
Mobile AMD Sempron 2100+,164
Mobile AMD Sempron 2600+,256
Mobile AMD Sempron 2800+,237
Mobile AMD Sempron 3000+,269
Mobile AMD Sempron 3100+,277
Mobile AMD Sempron 3200+,245
Mobile AMD Sempron 3300+,294
Mobile AMD Sempron 3400+,269
Mobile AMD Sempron 3500+,269
Mobile AMD Sempron 3600+,284
Mobile AMD Sempron 3800+,335
Mobile Intel Celeron 1.20GHz,111
Mobile Intel Celeron 1.50GHz,123
Mobile Intel Celeron 1.60GHz,123
Mobile Intel Celeron 1.70GHz,118
Mobile Intel Celeron 1.80GHz,121
Mobile Intel Celeron 1200MHz,192
Mobile Intel Celeron 1333MHz,183
Mobile Intel Celeron 2.00GHz,133
Mobile Intel Celeron 2.20GHz,147
Mobile Intel Celeron 2.40GHz,154
Mobile Intel Celeron 2.50GHz,183
Mobile Intel Pentium 4 - M 1.60GHz,127
Mobile Intel Pentium 4 - M 1.70GHz,121
Mobile Intel Pentium 4 - M 1.80GHz,119
Mobile Intel Pentium 4 - M 1.90GHz,151
Mobile Intel Pentium 4 - M 2.00GHz,138
Mobile Intel Pentium 4 - M 2.20GHz,143
Mobile Intel Pentium 4 - M 2.40GHz,139
Mobile Intel Pentium 4 - M 2.50GHz,167
Mobile Intel Pentium 4 - M 2.60GHz,204
Mobile Intel Pentium 4 2.30GHz,181
Mobile Intel Pentium 4 2.40GHz,172
Mobile Intel Pentium 4 2.66GHz,182
Mobile Intel Pentium 4 2.80GHz,205
Mobile Intel Pentium 4 3.06GHz,220
Mobile Intel Pentium 4 3.20GHz,232
Mobile Intel Pentium 4 3.33GHz,344
Mobile Intel Pentium 4 3.46GHz,374
Mobile Intel Pentium III - M 1000MHz,163
Mobile Intel Pentium III - M 1133MHz,188
Mobile Intel Pentium III - M 1200MHz,146
Mobile Intel Pentium III - M 1333MHz,188
Mobile Intel Pentium III - M 866MHz,138
Mobile Intel Pentium III - M 933MHz,130
mocha,1125
Montage Jintide C4215R,14672
Montage Jintide C5418Y,49045
msm8960dt,306
MT3561S,723
MT5893,702
MT6580,394
MT6580M,365
MT6592,521
MT6592T,1056
MT6735M,308
MT6735P,384
MT6737H,528
MT6738,692
MT6739,592
MT6739CH,533
MT6739CW,461
MT6739WM,338
MT6750V-C,1392
MT6750V-CS,955
MT6750V-CT,1284
MT6750V-DN,1271
MT6750V-W,885
MT6750V-WS,934
MT6752,1728
MT6752M,1735
MT6755,1278
MT6755BM,1070
MT6755M,1229
MT6755V-B,1530
MT6755V-BM,1219
MT6755V-C,1384
MT6755V-CM,1396
MT6755V-W,1608
MT6755V-WM,1090
MT6755V-WS,1389
MT6757W,1941
MT6757WD,1771
MT6757WH,1161
MT6761,906
MT6761V-CAB,845
MT6761V-CBB,910
MT6761V-CD,784
MT6761V-WAB,816
MT6761V-WB,988
MT6761V-WD,580
MT6762,1792
mt6762m,538
MT6762V-CR,1022
MT6763V-B,1668
MT6763V-CT,1831
MT6763V-WT,1375
MT6765,1936
MT6765H,2064
MT6765V-WA,1827
MT6765V-WB,1948
MT6765V-XBA,1832
MT6768,2305
MT6768G,2838
MT6769,3091
MT6769V,2229
MT6771V-CL,3079
MT6771V-WL,2299
mt6779,2220
MT6781,3869
MT6781V-CD,3969
MT6781V-CDZAMB-H,4159
MT6785,3565
MT6795,1197
MT6795M,968
MT6795MM,618
MT6795T,1007
MT6797D,758
MT6797M,2191
MT6833,3772
MT6833GP,3238
MT6833P,4062
MT6833V-NZA,3674
MT6833V-PNZA,4133
MT6833V-ZA,4098
MT6853V-NZA,3361
MT6853V-TNZA,3664
MT6853V-ZA,3736
MT6855,4036
MT6858,6796
MT6875,4393
MT6877,3876
MT6877T,4548
MT6877V-TTZA,4984
MT6877V-TZA,4611
MT6877V_T-TTZA,5525
MT6883Z-CZA,5665
MT6891,5897
MT6891Z-CZA,6025
MT6893,5102
MT6893Z-CZA,6511
MT6893Z_A-CZA,6127
MT6893Z_B-CZA,6371
MT6893Z_C-CZA,6139
MT6893Z_D-CZA,5701
MT6893Z_Z-CZA,6647
MT6969T,2228
MT8127,429
MT8161A,818
MT8161AA,857
MT8161AB,700
MT8161P,542
MT8165,956
MT8167A,513
MT8167D,532
MT8168B,1060
MT8168M,914
MT8169A,2020
MT8173,804
MT8175B,1199
MT8176,1523
MT8185V,4421
MT8188JV-A,5134
MT8195AV-ZA,5935
MT8365,889
MT8395AV-ZA,2410
MT8667,3235
MT8696,738
MT8732T,1083
MT8735,662
MT8735A,725
MT8735M,388
MT8735P,572
MT8735T,704
MT8765WA,588
MT8765WB,468
MT8766A,956
MT8766B,873
MT8768CA,1912
MT8768WB,1074
MT8768WD,1122
MT8768WE,1350
MT8771V-PZA,4723
MT8783,1039
MT8786V-CA,3134
MT8786V-N,3050
MT8788,2907
MT8789V-CT,4152
MT8789V-T,4111
MT8791V-TN,4850
MT8797Z-CNZA,6917
MT9950,845
MTK6757,1158
MTK8257,842
Nakamichi,353
Neoverse-N1,117
Nvidia Tegra T132,1242
Nvidia Tegra T210,1746
nxp IMX8MM,761
nxp IMX8MP,918
nxp IMX8MQ,831
"Odin based on Qualcomm Technologies, Inc SM8350",6434
OMAP4 Espresso board,98
P22,1908
Pentium Dual-Core E6000 @ 3.46GHz,1472
Pentium Dual-Core T4200 @ 2.00GHz,790
Pentium Dual-Core T4300 @ 2.10GHz,911
Pentium Dual-Core T4500 @ 2.30GHz,955
PXA1908,486
QCT APQ8064 AWIFI,382
QCT APQ8064 DEB,453
QCT APQ8064 FLO,566
QCT APQ8064 MAKO,591
QCT APQ8064 MTP,389
QEMU Virtual version 8.2.0,2181
QTI,2841
QTI MSM8937,2142
QTI MSM8953,2065
QTI QCM2290,1078
QTI QCM4290,2512
QTI QCM4325,2526
QTI QCM4490,5164
QTI QCM5430,4006
QTI QCS4490,5216
QTI QCS5430,3998
QTI QCS6690,6407
QTI QCS8550,10289
QTI QM215,563
QTI SDM439,1560
QTI SDM450,1680
QTI SDM660,2623
QTI SDM845,3713
QTI SG4250P,5191
QTI SG8175P,7131
QTI SG8275,10070
QTI SM4250,2631
QTI SM4350,3728
QTI SM4375,3896
QTI SM4450,4119
QTI SM4635,3894
QTI SM611,3163
QTI SM6115,2884
QTI SM6125,2876
QTI SM6150,3367
QTI SM6225,3469
QTI SM6350,4120
QTI SM6375,4182
QTI SM6450,5669
QTI SM6450P,6321
QTI SM6475,6001
QTI SM6650,6299
QTI SM7125,3876
QTI SM7150,3733
QTI SM7225,4281
QTI SM7250,4216
QTI SM7325,5925
QTI SM7350,5634
QTI SM7435,5680
QTI SM7450,5572
QTI SM7475,7227
QTI SM7550,6657
QTI SM7635,6160
QTI SM7675,8124
QTI SM7750,6382
QTI SM8150,5356
QTI SM8250,6585
QTI SM8350,6480
QTI SM8450,6386
QTI SM8475,7319
QTI SM8550,9008
QTI SM8635,8233
QTI SM8650,11302
QTI SM8650Q,9680
QTI SM8735,11227
QTI SM8750,12583
QTI SM8750P,13416
QTI SM8845,11903
QTI SM8850,13042
QTI SM8850P,10496
Qualcomm,1354
Qualcomm APQ 8084 (Flattened Device Tree),741
Qualcomm APQ8026,330
Qualcomm APQ8084,638
Qualcomm MSM 8939 HUAWEI KIW-L21,1088
Qualcomm MSM 8939 HUAWEI KIW-L24,1065
Qualcomm MSM 8939 HUAWEI TEXAS-A1,1085
Qualcomm MSM 8974 HAMMERHEAD (Flattened Device Tre,566
Qualcomm MSM8212,378
Qualcomm MSM8226,344
Qualcomm MSM8228,332
Qualcomm MSM8626,294
Qualcomm MSM8916,424
Qualcomm MSM8917,653
Qualcomm MSM8926,310
Qualcomm MSM8928,367
Qualcomm MSM8937,1053
Qualcomm MSM8939,1180
Qualcomm MSM8953,1589
Qualcomm MSM8956,2127
Qualcomm MSM8974,758
Qualcomm MSM8974PRO-AA,763
Qualcomm MSM8974PRO-AB,692
Qualcomm MSM8974PRO-AC,679
Qualcomm MSM8976,1749
Qualcomm MSM8992,1268
Qualcomm MSM8994,785
Qualcomm MSM8996,1455
Qualcomm MSM8996PRO-AB,1667
Qualcomm MSM8998,3540
Qualcomm QCM6490,6153
Qualcomm QCS5430,4997
Qualcomm QCS6490,6090
Qualcomm SA8155P,4784
Qualcomm SA8195P,5559
Qualcomm SA8255P,5733
Qualcomm SC7180,3584
Qualcomm SC7180P,4347
Qualcomm SDM439,2151
Qualcomm SDM450,2808
Qualcomm SDM630,2429
Qualcomm SDM660,2461
Qualcomm SDM670,3270
Qualcomm SDM845,4398
Qualcomm SM4250,2550
Qualcomm SM4350,3577
Qualcomm SM6115,3107
Qualcomm SM6125,2938
Qualcomm SM6150,3509
Qualcomm SM6225,3781
Qualcomm SM6375,4458
Qualcomm SM7125,3788
Qualcomm SM7150,4093
Qualcomm SM7250,3960
Qualcomm SM7325,6031
Qualcomm SM8150,5738
Qualcomm SM8250,6690
Qualcomm SM8350,6563
Qualcomm Snapdragon 808 (8992),720
Qualcomm Snapdragon 810,1316
Qualcomm Snapdragon X Elite - X1E-78-100,22695
Qualcomm Snapdragon X Elite - X1E-80-100,22825
Qualcomm Snapdragon X Elite - X1E-84-100,24809
Qualcomm Snapdragon X Elite - X1E001DE,31863
Qualcomm Snapdragon X Plus X1P-64-100,21358
Qualcomm SXR2230P,4352
"Qualcomm Technologies, Inc",3865
"Qualcomm Technologies, Inc 450",1978
"Qualcomm Technologies, Inc APQ8009",354
"Qualcomm Technologies, Inc APQ8016",415
"Qualcomm Technologies, Inc APQ8017",558
"Qualcomm Technologies, Inc APQ8053",2139
"Qualcomm Technologies, Inc APQ8076",1673
"Qualcomm Technologies, Inc APQ8094",1564
"Qualcomm Technologies, Inc APQ8096",1767
"Qualcomm Technologies, Inc APQ8096pro",730
"Qualcomm Technologies, Inc ATOLL-AB",3527
"Qualcomm Technologies, Inc BENGAL",2473
"Qualcomm Technologies, Inc BENGAL-IOT",2251
"Qualcomm Technologies, Inc BENGALP",2646
"Qualcomm Technologies, Inc BENGALP-IOT",3127
"Qualcomm Technologies, Inc KHAJE",3359
"Qualcomm Technologies, Inc KONA",5717
"Qualcomm Technologies, Inc KONA-IOT",6752
"Qualcomm Technologies, Inc LAGOON",3447
"Qualcomm Technologies, Inc LITO",3404
"Qualcomm Technologies, Inc MSM8216",292
"Qualcomm Technologies, Inc MSM8909",304
"Qualcomm Technologies, Inc MSM8916",424
"Qualcomm Technologies, Inc MSM8917",546
"Qualcomm Technologies, Inc MSM8920",487
"Qualcomm Technologies, Inc MSM8929",560
"Qualcomm Technologies, Inc MSM8937",1107
"Qualcomm Technologies, Inc MSM8939",959
"Qualcomm Technologies, Inc MSM8952",916
"Qualcomm Technologies, Inc MSM8953",1844
"Qualcomm Technologies, Inc MSM8956",1561
"Qualcomm Technologies, Inc MSM8976",1826
"Qualcomm Technologies, Inc MSM8976SG",2139
"Qualcomm Technologies, Inc MSM8992",882
"Qualcomm Technologies, Inc MSM8994",1118
"Qualcomm Technologies, Inc MSM8996",1436
"Qualcomm Technologies, Inc MSM8996pro",1592
"Qualcomm Technologies, Inc MSM8998",2861
"Qualcomm Technologies, Inc QCM2150",409
"Qualcomm Technologies, Inc QCM6125",2775
"Qualcomm Technologies, Inc QCS610",1949
"Qualcomm Technologies, Inc QM215",493
"Qualcomm Technologies, Inc SA8195P",6554
"Qualcomm Technologies, Inc SCUBAIIOT",926
"Qualcomm Technologies, Inc SCUBAPIIOT",1123
"Qualcomm Technologies, Inc SDA429W",715
"Qualcomm Technologies, Inc SDA450",1593
"Qualcomm Technologies, Inc SDA660",2872
"Qualcomm Technologies, Inc SDM429",1030
"Qualcomm Technologies, Inc SDM439",1518
"Qualcomm Technologies, Inc SDM450",1360
"Qualcomm Technologies, Inc SDM460",2153
"Qualcomm Technologies, Inc SDM630",1934
"Qualcomm Technologies, Inc SDM632",2107
"Qualcomm Technologies, Inc SDM636",2206
"Qualcomm Technologies, Inc SDM660",2441
"Qualcomm Technologies, Inc SDM662",2107
"Qualcomm Technologies, Inc SDM665",2412
"Qualcomm Technologies, Inc SDM670",2590
"Qualcomm Technologies, Inc SDM710",2716
"Qualcomm Technologies, Inc SDM712",2637
"Qualcomm Technologies, Inc SDM720G",3317
"Qualcomm Technologies, Inc SDM730G AIE",3452
"Qualcomm Technologies, Inc SDM750G",3463
"Qualcomm Technologies, Inc SDM765G 5G",3477
"Qualcomm Technologies, Inc SDM778G",5553
"Qualcomm Technologies, Inc SDM782G",6191
"Qualcomm Technologies, Inc SDM845",3407
"Qualcomm Technologies, Inc SDMMAGPIE",3180
"Qualcomm Technologies, Inc SDMMAGPIEP",3523
"Qualcomm Technologies, Inc SM4250",2170
"Qualcomm Technologies, Inc SM4350",3097
"Qualcomm Technologies, Inc SM6125",2317
"Qualcomm Technologies, Inc SM6150",2955
"Qualcomm Technologies, Inc SM6225",2794
"Qualcomm Technologies, Inc SM6375",4188
"Qualcomm Technologies, Inc SM7125",3405
"Qualcomm Technologies, Inc SM7150",3285
"Qualcomm Technologies, Inc SM7225",3390
"Qualcomm Technologies, Inc SM7250",3465
"Qualcomm Technologies, Inc SM7325",5855
"Qualcomm Technologies, Inc SM8150",4635
"Qualcomm Technologies, Inc SM8150_Plus",4358
"Qualcomm Technologies, Inc SM8150P",4598
"Qualcomm Technologies, Inc SM8250",5883
"Qualcomm Technologies, Inc SM8250_AC",6426
"Qualcomm Technologies, Inc SM8350",6146
"Qualcomm Technologies, Inc SM8350AC",6588
"Qualcomm Technologies, Inc TRINKET",2494
"Qualcomm Technologies, Inc TRINKET-IOT",2559
"Qualcomm Technologies, Inc. MSM8940-PMI8940 MTP",1426
"Qualcomm Technologies, Inc. MSM8952 QRD SKUM",1359
"redwood based Qualcomm Technologies, Inc. SM7325",5892
"Renoir based on Qualcomm Technologies, Inc SM7350",4921
RK30board,198
rk3399,2046
rk3566,595
"RK3568 AIoT3568 Board V2.1-AD52068, LVDS(8775), HD",1178
ROC-RK3568-PC HDMI (Android),1197
Rockchip (Device Tree),666
Rockchip RK,1246
Rockchip RK3228A,314
Rockchip RK3229,280
Rockchip RK3288,708
Rockchip RK3288 (Flattened Device Tree),515
Rockchip RK3326,440
Rockchip rk3326 863 rkisp1 board,383
Rockchip RK3326 Board,386
Rockchip rk3326 evb board,549
Rockchip RK3328,319
Rockchip RK3328 box liantong avb,491
Rockchip RK3368,841
Rockchip RK3399,1558
Rockchip RK3399 Board (Android),1456
Rockchip RK3399 EVB IND LPDDR4 Board lvds (Android,1862
Rockchip RK3399 Excavator Board edp avb (Android),1533
Rockchip RK3399 Generic Board edp (Android),391
Rockchip RK3528 DEMO4 DDR4 V10 Board,888
Rockchip RK3562,1062
Rockchip RK3566,930
Rockchip RK3566 BOX DEMO V10 ANDROID Board,1093
Rockchip RK3566 EVB1 DDR4 V10 Board,751
Rockchip RK3566 EVB2 LP4X V10 Board,933
Rockchip RK3566 EVB2 LP4X V10 Board PDM Mic Array,337
Rockchip RK3566 EVB3 DDR3 V10 Board,994
Rockchip RK3566 HD15 Board,1160
Rockchip RK3566 RK817 EINK LP4X Board,667
Rockchip RK3566 RK817 TABLET LP4X Board,1021
Rockchip RK3566 RK817 TABLET RKG11 LP4 Board,686
Rockchip RK3566 RK817 ZIDOO TABLET LP4X Board,795
Rockchip RK3568,1139
Rockchip RK3568 EVB1 DDR4 V10 Board,1078
Rockchip RK3568 EVB2 LP4X V10 Board,883
Rockchip RK3568 EVB7 DDR4 V10 Board,1106
Rockchip RK3576,3895
Rockchip RK3588,4707
"rockchip,rk3328",453
"rockchip,rk3368",870
rtd288o,613
Ryzen 5 150 with Radeon Graphics,15376
Ryzen Embedded V4526X,20018
"Samsung ""Exynos 9610""",3168
Samsung A04S EUR OPEN REV03C board based on EXYNOS,2452
Samsung A13 EUR OPEN REV02B board based on EXYNOS8,1230
Samsung A13 USA SINGLE REV02B board based on EXYNO,1528
Samsung C1S EUR OPEN 22 based on EXYNOS990,6429
SAMSUNG EXPRESS2,233
Samsung Exynos,2423
Samsung Exynos 2100,5552
Samsung Exynos 7420,2164
Samsung Exynos 7570,512
Samsung Exynos 7580,981
Samsung Exynos 7870,1081
Samsung Exynos 7880,1831
Samsung Exynos 7884,1639
Samsung Exynos 7885,1851
Samsung Exynos 7904,1858
Samsung Exynos 850,2111
Samsung Exynos 8890,2629
Samsung Exynos 8895,3177
Samsung Exynos 9610,2290
Samsung Exynos 9611,2552
Samsung Exynos 980,4584
Samsung Exynos 9810,3807
Samsung Exynos 9820,4006
Samsung Exynos 9825,3821
Samsung Exynos 990,6036
Samsung EXYNOS5420,710
Samsung EXYNOS5430,1380
Samsung EXYNOS5433,1212
SAMSUNG Exynos7420,2065
SAMSUNG Exynos7580,932
Samsung Exynos7870,2093
samsung exynos7885,2496
Samsung GrandPrimePlus LTE CIS rev04 board based o,312
Samsung GrandPrimePlus LTE LTN DTV rev04 board bas,599
Samsung GrandPrimePlus LTE LTN OPEN rev04 board ba,415
Samsung J7 Max LTE SWA board based on MT6757V-WL,928
SAMSUNG JF,562
Samsung M13 EUR OPEN REV02 board based on EXYNOS85,1425
Samsung M13 SWA INS 00 board based on EXYNOS850,1269
Samsung s5e8535,4563
Samsung s5e8825,4475
Samsung s5e8835,5946
Samsung s5e8845,7068
Samsung s5e8855,7536
Samsung s5e8865,8903
Samsung s5e9925,6342
Samsung s5e9945,11065
Samsung s5e9955,10229
Samsung s5e9965,16360
SAMSUNG SERRANO,266
"Samsung Technologies, Inc Exynos E1080",4846
Samsung X1S EUR OPEN 21 based on EXYNOS990,6471
sc8830,410
SM6375,4368
SM7325,6139
SM8325,5799
SM8350,6161
SM8450,4896
SM8550,8629
SM8750,10567
SM8850,9513
SMDK4x12,3006
Snapdragon 435,1080
Snapdragon 662,2475
Snapdragon 7325,5605
Snapdragon 7c @ 1.96 GHz,3712
Snapdragon 7c @ 2.40 GHz,3448
Snapdragon 7c Gen 2 @ 2.55 GHz,3855
Snapdragon 7cPlus Gen 3 @ 2.40 GHz,6044
Snapdragon 8 Gen2 Mobile Platform for Galaxy,9362
Snapdragon 835,2610
Snapdragon 835 @ 2.45 GHz,3524
Snapdragon 8350,4622
Snapdragon 845 @ 2.8 GHz,3495
Snapdragon 850 @ 2.40 GHz,2946
Snapdragon 850 @ 2.96 GHz,3558
Snapdragon 855 @ 2.84 GHz,5070
Snapdragon 860 @ 2.96 GHz,4832
Snapdragon 8c @ 2.46 GHz,5230
Snapdragon 8cx @ 2.84 GHz,5188
Snapdragon 8cx Gen 2 @ 3.0 GHz,6794
Snapdragon 8cx Gen 2 @ 3.15 GHz,6748
Snapdragon 8cx Gen 3 @ 2.69 GHz,11110
Snapdragon 8cx Gen 3 @ 3.0,1811
Snapdragon 8cx Gen 3 @ 3.0 GHz,11792
Snapdragon X - X126100 - Qualcomm Oryon,16387
Snapdragon X Elite - X1E78100 - Qualcomm Or,20154
Snapdragon X Elite - X1E80100 - Qualcomm Or,21524
Snapdragon X Elite - X1E84100 - Qualcomm Or,20677
Snapdragon X Plus (8-core) @ 3.30 GHz,15712
Snapdragon X Plus - X1P42100 - Qualcomm Oryon,17989
Snapdragon X2 Elite - X2E88100 - Qualcomm Oryo,41265
Snapdragon X2 Elite - X2E90100 - Qualcomm Oryo,34732
Snapdragon X2 Elite Extreme - X2E94100 - Qualc,45506
Snapdragon X2 Plus - X2P42100 - Qualcomm Oryon,18354
Snapdragon888,3405
Sony Mobile fusion3,428
Spreadtrum SC7731e,333
Spreadtrum SC9832E,576
Spreadtrum SC9853I-IA,748
Spreadtrum SC9863A,1504
Spreadtrum SC9863A Board,1671
Spreadtrum T310,1586
Spreadtrum T603,1765
Spreadtrum T606,2654
Spreadtrum T610,2646
Spreadtrum T612,2903
Spreadtrum T615,2863
Spreadtrum T616,2910
Spreadtrum T618,2934
Spreadtrum T620,3014
Spreadtrum T7200,2750
Spreadtrum T7255,2809
Spreadtrum T760,5232
Spreadtrum T765,3868
Spreadtrum T820,5543
Spreadtrum UIS7885(prototype),5619
Spreadtrum UMS9230,2866
Spreadtrum UMS9230E,2916
Spreadtrum UMS9230H,2946
Spreadtrum UMS9230S,2791
Spreadtrum UMS9230T,2813
Spreadtrum UMS9620,5374
Spreadtrum UMS9620S,3317
Spreadtrum UMS9621S,3926
Spreadtrum UMS9632,4680
"Star based on Qualcomm Technologies, Inc SM8350",5249
StratoVirt,11676
sun50iw1p1,559
sun50iw6,498
sun8iw11p1,335
sun8iw7,237
Synaptics VS640,862
Synaptics VS680,1728
T606,2824
T610-Unisoc,2582
T610S-Unisoc,2781
T618,2771
T700-Unisoc,2434
"taoyao based Qualcomm Technologies, Inc. Yupik IDP",6359
TES-RK3568 EDP+HDMI (Android),1276
Thor,839
tn8,1040
UGOOS UT8 Board,1152
UIS7862A,2638
Unisoc L3,1916
Unisoc L3R,1331
Unisoc SC7731e,343
Unisoc SC9832e,555
Unisoc SC9863a,1439
Unisoc SC9863A1,1461
Unisoc SL8541e,518
Unisoc T310,1410
Unisoc T603,1835
Unisoc T606,2684
Unisoc T610,2826
Unisoc T612,2556
Unisoc T616,3093
Unisoc T618,2625
Unisoc T700,2618
Unisoc T760,4720
Unisoc T820,5577
Unisoc UIS7861,2428
Unisoc UIS7862S,2780
Unisoc UIS7885(prototype),5835
Unisoc UIS8581A,1704
Unisoc UIS8581E,1279
Unisoc ums312,988
Unisoc ums512,2598
Unisoc ums9230,2267
Unisoc ums9230H,2924
Unisoc ums9230T,2919
UNIVERSAL3470,391
UNIVERSAL3475,310
vendor Kirin710,2822
vendor Kirin810,4261
vendor Kirin820,4947
vendor Kirin9000,6914
vendor Kirin9000E,7141
vendor Kirin970,3034
vendor Kirin980,5197
vendor Kirin985,5496
vendor Kirin990,6131
vendor Unknow,6482
"Venus based on Qualcomm Technologies, Inc SM8350",5414
VIA C3 Ezra,65
VIA C7 1500MHz,185
VIA C7-D 1500MHz,187
VIA C7-D 1800MHz,150
VIA C7-D 2000MHz,240
VIA C7-M 1000MHz,107
VIA C7-M 1200MHz,112
VIA C7-M 1600MHz,116
VIA C7-M 6300MHz,145
VIA Eden 1000MHz,80
VIA Eden 1200MHz,93
VIA Eden 800MHz,101
VIA Eden C1050@1.06GHz,263
VIA Eden X2 U4200 @ 1.0+ GHz,326
VIA Eden X4 C4250 @ 1.2+GHz,894
VIA Esther 1000MHz,95
VIA Esther 1300MHz,163
VIA Esther 1500MHz,135
VIA Esther 2000MHz,257
VIA Nano L1900@1400MHz,298
VIA Nano L2007@1600MHz,238
VIA Nano L2100@1800MHz,279
VIA Nano L2207@1600MHz,165
VIA Nano L3025@1600MHz,336
VIA Nano L3050@1800MHz,378
VIA Nano L3600@2000MHz,436
VIA Nano U2250 (1.6GHz Capable),187
VIA Nano U2250@1300+MHz,179
VIA Nano U2500@1200MHz,199
VIA Nano U3100 (1.6GHz Capable),339
VIA Nano U3300@1200MHz,277
VIA Nano U3500@1000MHz,184
VIA Nano X2 L4350 @ 1.6+ GHz,496
VIA Nano X2 U4025 @ 1.2 GHz,353
VIA Nehemiah,101
VIA QuadCore C4650@2.0GHz,1352
VIA QuadCore L4700 @ 1.2+ GHz,773
VIA QuadCore U4650 @ 1.0+ GHz,666
VIA Samuel 2,52
"Vili based on Qualcomm Technologies, Inc SM8350",5296
virt-10.0,7236
virt-10.1,16719
virt-8.2,6577
virt-9.1,9465
virt-9.2,2967
Virtual @ 2.30GHz,1345
Virtual @ 2.32GHz,1826
Virtual @ 2.35GHz,5349
Virtual @ 2.36GHz,5353
Virtual @ 2.39GHz,1936
Virtual @ 2.45GHz,3345
Virtual @ 2.49GHz,4492
Virtual @ 2.56GHz,3778
Virtual @ 2.59GHz,7705
Virtual @ 2.70GHz,3781
Virtual @ 2.89GHz,4134
Virtual @ 2.95GHz,11440
Virtual @ 3.24GHz,11635
Virtual @ 3.41GHz,14222
Virtual @ 3.80GHz,16740
Virtual @ 4.03GHz,29102
Virtual @ 4.45GHz,25028
Welcome SC9863A,1897
XRing O1,15765
XTRONS_IX,1266
Z3-6540M@2.1GHz,1599
ZHAOXIN KaiXian KX-6640A@2.6GHz,1821
ZHAOXIN KaiXian KX-6640MA@2.1+GHz,1597
ZHAOXIN KaiXian KX-6640MA@2.2+GHz,1575
ZHAOXIN KaiXian KX-7000,7450
ZHAOXIN KaiXian KX-U6580@2.5GHz,3227
ZHAOXIN KaiXian KX-U6780@2.7GHz,3693
ZHAOXIN KaiXian KX-U6780A,3145
ZHAOXIN KaiXian KX-U6780A@2.7GHz,3361
ZHAOXIN KaiXian ZX-C+ C4700@2.0GHz,1547
ZHAOXIN KaiXian ZX-C+ C4701@2.0GHz,1442
ZHAOXIN KaiXian ZX-D D4600@2.0GHz,1492
ZHAOXIN Z3-6540M@2.1+GHz,1489
天玑900,4259
